unsigned char mnvg_bitcode_ios[] = {
  0x4d, 0x54, 0x4c, 0x42, 0x01, 0x00, 0x02, 0x00, 0x03, 0x00, 0x00, 0x00,
  0x00, 0x00, 0x00, 0x00, 0x79, 0x68, 0x00, 0x00, 0x00, 0x00, 0x00, 0x00,
  0x58, 0x00, 0x00, 0x00, 0x00, 0x00, 0x00, 0x00, 0x08, 0x01, 0x00, 0x00,
  0x00, 0x00, 0x00, 0x00, 0x68, 0x01, 0x00, 0x00, 0x00, 0x00, 0x00, 0x00,
  0x31, 0x00, 0x00, 0x00, 0x00, 0x00, 0x00, 0x00, 0x99, 0x01, 0x00, 0x00,
  0x00, 0x00, 0x00, 0x00, 0x10, 0x00, 0x00, 0x00, 0x00, 0x00, 0x00, 0x00,
  0xa9, 0x01, 0x00, 0x00, 0x00, 0x00, 0x00, 0x00, 0xd0, 0x66, 0x00, 0x00,
  0x00, 0x00, 0x00, 0x00, 0x02, 0x00, 0x00, 0x00, 0x82, 0x00, 0x00, 0x00,
  0x4e, 0x41, 0x4d, 0x45, 0x0d, 0x00, 0x76, 0x65, 0x72, 0x74, 0x65, 0x78,
  0x53, 0x68, 0x61, 0x64, 0x65, 0x72, 0x00, 0x54, 0x59, 0x50, 0x45, 0x01,
  0x00, 0x00, 0x48, 0x41, 0x53, 0x48, 0x20, 0x00, 0xf2, 0x62, 0x01, 0x5b,
  0x07, 0xa0, 0x30, 0x7e, 0xa2, 0xa0, 0xd9, 0xfd, 0x56, 0x3a, 0x28, 0xbc,
  0xb5, 0x90, 0x68, 0xf2, 0x5c, 0xa0, 0xa3, 0xd4, 0xe1, 0x1b, 0xee, 0x5b,
  0x48, 0x31, 0xe7, 0xa8, 0x4d, 0x44, 0x53, 0x5a, 0x08, 0x00, 0xd0, 0x0c,
  0x00, 0x00, 0x00, 0x00, 0x00, 0x00, 0x4f, 0x46, 0x46, 0x54, 0x18, 0x00,
  0x00, 0x00, 0x00, 0x00, 0x00, 0x00, 0x00, 0x00, 0x00, 0x00, 0x00, 0x00,
  0x00, 0x00, 0x00, 0x00, 0x00, 0x00, 0x00, 0x00, 0x00, 0x00, 0x00, 0x00,
  0x56, 0x45, 0x52, 0x53, 0x08, 0x00, 0x02, 0x00, 0x01, 0x00, 0x02, 0x00,
  0x00, 0x00, 0x45, 0x4e, 0x44, 0x54, 0x86, 0x00, 0x00, 0x00, 0x4e, 0x41,
  0x4d, 0x45, 0x11, 0x00, 0x66, 0x72, 0x61, 0x67, 0x6d, 0x65, 0x6e, 0x74,
  0x53, 0x68, 0x61, 0x64, 0x65, 0x72, 0x41, 0x41, 0x00, 0x54, 0x59, 0x50,
  0x45, 0x01, 0x00, 0x01, 0x48, 0x41, 0x53, 0x48, 0x20, 0x00, 0x20, 0xa2,
  0xdc, 0x78, 0xd6, 0xc6, 0x1e, 0xb3, 0x73, 0x36, 0xa2, 0x45, 0xb5, 0xca,
  0xe2, 0x8f, 0xd3, 0xfc, 0xe5, 0x95, 0x07, 0xb2, 0xaf, 0x81, 0x97, 0x25,
  0x13, 0xb7, 0x0b, 0xae, 0x9c, 0xa0, 0x4d, 0x44, 0x53, 0x5a, 0x08, 0x00,
  0x00, 0x5a, 0x00, 0x00, 0x00, 0x00, 0x00, 0x00, 0x4f, 0x46, 0x46, 0x54,
  0x18, 0x00, 0x29, 0x00, 0x00, 0x00, 0x00, 0x00, 0x00, 0x00, 0x08, 0x00,
  0x00, 0x00, 0x00, 0x00, 0x00, 0x00, 0xd0, 0x0c, 0x00, 0x00, 0x00, 0x00,
  0x00, 0x00, 0x56, 0x45, 0x52, 0x53, 0x08, 0x00, 0x02, 0x00, 0x01, 0x00,
  0x02, 0x00, 0x00, 0x00, 0x45, 0x4e, 0x44, 0x54, 0x45, 0x4e, 0x44, 0x54,
  0x25, 0x00, 0x00, 0x00, 0x56, 0x41, 0x54, 0x54, 0x11, 0x00, 0x02, 0x00,
  0x70, 0x6f, 0x73, 0x00, 0x00, 0x80, 0x74, 0x63, 0x6f, 0x6f, 0x72, 0x64,
  0x00, 0x01, 0x80, 0x56, 0x41, 0x54, 0x59, 0x04, 0x00, 0x02, 0x00, 0x04,
  0x06, 0x45, 0x4e, 0x44, 0x54, 0x04, 0x00, 0x00, 0x00, 0x45, 0x4e, 0x44,
  0x54, 0x04, 0x00, 0x00, 0x00, 0x45, 0x4e, 0x44, 0x54, 0x04, 0x00, 0x00,
  0x00, 0x45, 0x4e, 0x44, 0x54, 0xde, 0xc0, 0x17, 0x0b, 0x00, 0x00, 0x00,
  0x00, 0x14, 0x00, 0x00, 0x00, 0xb4, 0x0c, 0x00, 0x00, 0xff, 0xff, 0xff,
  0xff, 0x42, 0x43, 0xc0, 0xde, 0x35, 0x14, 0x00, 0x00, 0x03, 0x00, 0x00,
  0x00, 0x62, 0x0c, 0x30, 0x24, 0x80, 0x10, 0x05, 0xc8, 0x14, 0x00, 0x00,
  0x00, 0x21, 0x0c, 0x00, 0x00, 0xf3, 0x02, 0x00, 0x00, 0x0b, 0x02, 0x21,
  0x00, 0x02, 0x00, 0x00, 0x00, 0x13, 0x00, 0x00, 0x00, 0x07, 0x81, 0x23,
  0x91, 0x41, 0xc8, 0x04, 0x49, 0x06, 0x10, 0x32, 0x39, 0x92, 0x01, 0x84,
  0x0c, 0x25, 0x05, 0x08, 0x19, 0x1e, 0x04, 0x8b, 0x62, 0x80, 0x10, 0x45,
  0x02, 0x42, 0x92, 0x0b, 0x42, 0x84, 0x10, 0x32, 0x14, 0x38, 0x08, 0x18,
  0x4b, 0x0a, 0x32, 0x42, 0x88, 0x48, 0x90, 0x14, 0x20, 0x43, 0x46, 0x88,
  0xa5, 0x00, 0x19, 0x32, 0x42, 0x04, 0x49, 0x0e, 0x90, 0x11, 0x22, 0xc4,
  0x50, 0x41, 0x51, 0x81, 0x8c, 0xe1, 0x83, 0xe5, 0x8a, 0x04, 0x21, 0x46,
  0x06, 0x51, 0x18, 0x00, 0x00, 0x71, 0x00, 0x00, 0x00, 0x1b, 0xc2, 0x24,
  0xf8, 0xff, 0xff, 0xff, 0xff, 0x01, 0x80, 0x03, 0x40, 0x02, 0x28, 0x22,
  0x1c, 0xe0, 0x01, 0x1e, 0xe4, 0xe1, 0x1d, 0xf0, 0xa1, 0x0d, 0xcc, 0xa1,
  0x1e, 0xdc, 0x61, 0x1c, 0xda, 0xc0, 0x1c, 0xe0, 0xa1, 0x0d, 0xda, 0x21,
  0x1c, 0xe8, 0x01, 0x1d, 0x00, 0x7a, 0x90, 0x87, 0x7a, 0x28, 0x07, 0x80,
  0x68, 0x87, 0x74, 0x70, 0x87, 0x36, 0x60, 0x87, 0x72, 0x38, 0x87, 0x70,
  0x60, 0x87, 0x36, 0xb0, 0x87, 0x72, 0x18, 0x07, 0x7a, 0x78, 0x07, 0x79,
  0x68, 0x83, 0x7b, 0x48, 0x07, 0x72, 0xa0, 0x07, 0x74, 0x00, 0xe2, 0x40,
  0x0e, 0xf0, 0x00, 0x18, 0xdc, 0xe1, 0x1d, 0xda, 0x40, 0x1c, 0xea, 0x21,
  0x1d, 0xd8, 0x81, 0x1e, 0xd2, 0xc1, 0x1d, 0xe6, 0x01, 0x20, 0xdc, 0xe1,
  0x1d, 0xda, 0xc0, 0x1c, 0xe4, 0x21, 0x1c, 0xda, 0xa1, 0x1c, 0xda, 0x00,
  0x1e, 0xde, 0x21, 0x1d, 0xdc, 0x81, 0x1e, 0xca, 0x41, 0x1e, 0xda, 0xa0,
  0x1c, 0xd8, 0x21, 0x1d, 0xda, 0x01, 0xa0, 0x07, 0x79, 0xa8, 0x87, 0x72,
  0x00, 0x08, 0x77, 0x78, 0x87, 0x36, 0x30, 0x07, 0x79, 0x08, 0x87, 0x76,
  0x28, 0x87, 0x36, 0x80, 0x87, 0x77, 0x48, 0x07, 0x77, 0xa0, 0x87, 0x72,
  0x90, 0x87, 0x36, 0x28, 0x07, 0x76, 0x48, 0x87, 0x76, 0x68, 0x03, 0x77,
  0x78, 0x07, 0x77, 0x68, 0x03, 0x76, 0x28, 0x87, 0x70, 0x30, 0x07, 0x80,
  0x1e, 0xe4, 0xa1, 0x1e, 0xca, 0x01, 0x20, 0xdc, 0xe1, 0x1d, 0xda, 0x20,
  0x1d, 0xdc, 0xc1, 0x1c, 0xe6, 0xa1, 0x0d, 0xcc, 0x01, 0x1e, 0xda, 0xa0,
  0x1d, 0xc2, 0x81, 0x1e, 0xd0, 0x01, 0xa0, 0x07, 0x79, 0xa8, 0x87, 0x72,
  0x00, 0x08, 0x77, 0x78, 0x87, 0x36, 0x70, 0x87, 0x70, 0x70, 0x87, 0x79,
  0x68, 0x03, 0x73, 0x80, 0x87, 0x36, 0x68, 0x87, 0x70, 0xa0, 0x07, 0x74,
  0x00, 0xe8, 0x41, 0x1e, 0xea, 0xa1, 0x1c, 0x00, 0xc2, 0x1d, 0xde, 0xa1,
  0x0d, 0xe6, 0x21, 0x1d, 0xce, 0xc1, 0x1d, 0xca, 0x81, 0x1c, 0xda, 0x40,
  0x1f, 0xca, 0x41, 0x1e, 0xde, 0x61, 0x1e, 0xda, 0xc0, 0x1c, 0xe0, 0xa1,
  0x0d, 0xda, 0x21, 0x1c, 0xe8, 0x01, 0x1d, 0x00, 0x7a, 0x90, 0x87, 0x7a,
  0x28, 0x07, 0x80, 0x70, 0x87, 0x77, 0x68, 0x03, 0x7a, 0x90, 0x87, 0x70,
  0x80, 0x07, 0x78, 0x48, 0x07, 0x77, 0x38, 0x87, 0x36, 0x68, 0x87, 0x70,
  0xa0, 0x07, 0x74, 0x00, 0xe8, 0x41, 0x1e, 0xea, 0xa1, 0x1c, 0x00, 0x62,
  0x1e, 0xe8, 0x21, 0x1c, 0xc6, 0x61, 0x1d, 0xda, 0x00, 0x1e, 0xe4, 0xe1,
  0x1d, 0xe8, 0xa1, 0x1c, 0xc6, 0x81, 0x1e, 0xde, 0x41, 0x1e, 0xda, 0x40,
  0x1c, 0xea, 0xc1, 0x1c, 0xcc, 0xa1, 0x1c, 0xe4, 0xa1, 0x0d, 0xe6, 0x21,
  0x1d, 0xf4, 0xa1, 0x1c, 0x00, 0x3c, 0x00, 0x88, 0x7a, 0x70, 0x87, 0x79,
  0x08, 0x07, 0x73, 0x28, 0x87, 0x36, 0x30, 0x07, 0x78, 0x68, 0x83, 0x76,
  0x08, 0x07, 0x7a, 0x40, 0x07, 0x80, 0x1e, 0xe4, 0xa1, 0x1e, 0xca, 0x01,
  0xd8, 0xe0, 0x09, 0x03, 0xb0, 0x00, 0x55, 0x90, 0x06, 0xc8, 0x10, 0x0e,
  0xe9, 0x20, 0x0f, 0x6d, 0x20, 0x0e, 0xf5, 0x60, 0x0e, 0xe6, 0x50, 0x0e,
  0xf2, 0xd0, 0x06, 0xee, 0xf0, 0x0e, 0x6d, 0x10, 0x0e, 0xec, 0x90, 0x0e,
  0xe1, 0x30, 0x0f, 0x00, 0x00, 0x49, 0x18, 0x00, 0x00, 0x01, 0x00, 0x00,
  0x00, 0x13, 0x84, 0x40, 0x00, 0x89, 0x20, 0x00, 0x00, 0x11, 0x00, 0x00,
  0x00, 0x32, 0x22, 0x08, 0x09, 0x20, 0x64, 0x85, 0x04, 0x13, 0x22, 0xa4,
  0x84, 0x04, 0x13, 0x22, 0xe3, 0x84, 0xa1, 0x90, 0x14, 0x12, 0x4c, 0x88,
  0x8c, 0x0b, 0x84, 0x84, 0x4c, 0x10, 0x34, 0x33, 0x00, 0xc3, 0x08, 0x04,
  0x30, 0x8c, 0x20, 0x00, 0x96, 0x08, 0x11, 0x19, 0x44, 0x10, 0x84, 0x42,
  0x8c, 0x04, 0x51, 0x0d, 0x04, 0xcc, 0x11, 0x80, 0x41, 0x0a, 0xe0, 0x30,
  0x82, 0x80, 0xcc, 0x11, 0x80, 0xc2, 0x08, 0x00, 0x00, 0x13, 0xaa, 0x70,
  0x48, 0x07, 0x79, 0xb0, 0x03, 0x3a, 0x68, 0x83, 0x70, 0x80, 0x07, 0x78,
  0x60, 0x87, 0x72, 0x68, 0x83, 0x74, 0x78, 0x87, 0x79, 0x88, 0x03, 0x39,
  0x70, 0x03, 0x38, 0x70, 0x03, 0x38, 0xd8, 0x70, 0x1b, 0xe5, 0xd0, 0x06,
  0xf0, 0xa0, 0x07, 0x76, 0x40, 0x07, 0x7a, 0x60, 0x07, 0x74, 0xa0, 0x07,
  0x76, 0x40, 0x07, 0x6d, 0x90, 0x0e, 0x71, 0xa0, 0x07, 0x78, 0xa0, 0x07,
  0x78, 0xd0, 0x06, 0xe9, 0x80, 0x07, 0x7a, 0x80, 0x07, 0x7a, 0x80, 0x07,
  0x6d, 0x90, 0x0e, 0x71, 0x60, 0x07, 0x7a, 0x10, 0x07, 0x76, 0xa0, 0x07,
  0x71, 0x60, 0x07, 0x6d, 0x90, 0x0e, 0x73, 0x20, 0x07, 0x7a, 0x30, 0x07,
  0x72, 0xa0, 0x07, 0x73, 0x20, 0x07, 0x6d, 0x90, 0x0e, 0x76, 0x40, 0x07,
  0x7a, 0x60, 0x07, 0x74, 0xa0, 0x07, 0x76, 0x40, 0x07, 0x6d, 0x60, 0x0e,
  0x73, 0x20, 0x07, 0x7a, 0x30, 0x07, 0x72, 0xa0, 0x07, 0x73, 0x20, 0x07,
  0x6d, 0x60, 0x0e, 0x76, 0x40, 0x07, 0x7a, 0x60, 0x07, 0x74, 0xa0, 0x07,
  0x76, 0x40, 0x07, 0x6d, 0x60, 0x0f, 0x71, 0x60, 0x07, 0x7a, 0x10, 0x07,
  0x76, 0xa0, 0x07, 0x71, 0x60, 0x07, 0x6d, 0x60, 0x0f, 0x72, 0x40, 0x07,
  0x7a, 0x30, 0x07, 0x72, 0xa0, 0x07, 0x73, 0x20, 0x07, 0x6d, 0x60, 0x0f,
  0x73, 0x20, 0x07, 0x7a, 0x30, 0x07, 0x72, 0xa0, 0x07, 0x73, 0x20, 0x07,
  0x6d, 0x60, 0x0f, 0x74, 0x80, 0x07, 0x7a, 0x60, 0x07, 0x74, 0xa0, 0x07,
  0x76, 0x40, 0x07, 0x6d, 0x60, 0x0f, 0x76, 0x40, 0x07, 0x7a, 0x60, 0x07,
  0x74, 0xa0, 0x07, 0x76, 0x40, 0x07, 0x6d, 0x60, 0x0f, 0x79, 0x60, 0x07,
  0x7a, 0x10, 0x07, 0x72, 0x80, 0x07, 0x7a, 0x10, 0x07, 0x72, 0x80, 0x07,
  0x6d, 0x60, 0x0f, 0x71, 0x20, 0x07, 0x78, 0xa0, 0x07, 0x71, 0x20, 0x07,
  0x78, 0xa0, 0x07, 0x71, 0x20, 0x07, 0x78, 0xd0, 0x06, 0xf6, 0x10, 0x07,
  0x79, 0x20, 0x07, 0x7a, 0x20, 0x07, 0x75, 0x60, 0x07, 0x7a, 0x20, 0x07,
  0x75, 0x60, 0x07, 0x6d, 0x60, 0x0f, 0x72, 0x50, 0x07, 0x76, 0xa0, 0x07,
  0x72, 0x50, 0x07, 0x76, 0xa0, 0x07, 0x72, 0x50, 0x07, 0x76, 0xd0, 0x06,
  0xf6, 0x50, 0x07, 0x71, 0x20, 0x07, 0x7a, 0x50, 0x07, 0x71, 0x20, 0x07,
  0x7a, 0x50, 0x07, 0x71, 0x20, 0x07, 0x6d, 0x60, 0x0f, 0x71, 0x00, 0x07,
  0x72, 0x40, 0x07, 0x7a, 0x10, 0x07, 0x70, 0x20, 0x07, 0x74, 0xa0, 0x07,
  0x71, 0x00, 0x07, 0x72, 0x40, 0x07, 0x6d, 0xe0, 0x0e, 0x78, 0xa0, 0x07,
  0x71, 0x60, 0x07, 0x7a, 0x30, 0x07, 0x72, 0xa0, 0x11, 0xc2, 0x90, 0x4c,
  0x45, 0x44, 0x13, 0x71, 0xb1, 0x07, 0x30, 0x10, 0xd1, 0x90, 0x08, 0x60,
  0x0a, 0x00, 0x00, 0x02, 0x00, 0x00, 0x00, 0x01, 0x00, 0x00, 0x00, 0x90,
  0xd8, 0x20, 0x50, 0xb4, 0x5e, 0x00, 0x00, 0x20, 0x0b, 0x04, 0x00, 0x00,
  0x00, 0x08, 0x00, 0x00, 0x00, 0x32, 0x1e, 0x98, 0x0c, 0x19, 0x11, 0x4c,
  0x90, 0x8c, 0x09, 0x26, 0x47, 0xc6, 0x04, 0x43, 0xc2, 0x22, 0x28, 0x81,
  0x42, 0x18, 0x01, 0x28, 0x08, 0xca, 0xb1, 0x04, 0x4d, 0x00, 0x00, 0x00,
  0x00, 0xb1, 0x18, 0x00, 0x00, 0xa5, 0x00, 0x00, 0x00, 0x33, 0x08, 0x80,
  0x1c, 0xc4, 0xe1, 0x1c, 0x66, 0x14, 0x01, 0x3d, 0x88, 0x43, 0x38, 0x84,
  0xc3, 0x8c, 0x42, 0x80, 0x07, 0x79, 0x78, 0x07, 0x73, 0x98, 0x71, 0x0c,
  0xe6, 0x00, 0x0f, 0xed, 0x10, 0x0e, 0xf4, 0x80, 0x0e, 0x33, 0x0c, 0x42,
  0x1e, 0xc2, 0xc1, 0x1d, 0xce, 0xa1, 0x1c, 0x66, 0x30, 0x05, 0x3d, 0x88,
  0x43, 0x38, 0x84, 0x83, 0x1b, 0xcc, 0x03, 0x3d, 0xc8, 0x43, 0x3d, 0x8c,
  0x03, 0x3d, 0xcc, 0x78, 0x8c, 0x74, 0x70, 0x07, 0x7b, 0x08, 0x07, 0x79,
  0x48, 0x87, 0x70, 0x70, 0x07, 0x7a, 0x70, 0x03, 0x76, 0x78, 0x87, 0x70,
  0x20, 0x87, 0x19, 0xcc, 0x11, 0x0e, 0xec, 0x90, 0x0e, 0xe1, 0x30, 0x0f,
  0x6e, 0x30, 0x0f, 0xe3, 0xf0, 0x0e, 0xf0, 0x50, 0x0e, 0x33, 0x10, 0xc4,
  0x1d, 0xde, 0x21, 0x1c, 0xd8, 0x21, 0x1d, 0xc2, 0x61, 0x1e, 0x66, 0x30,
  0x89, 0x3b, 0xbc, 0x83, 0x3b, 0xd0, 0x43, 0x39, 0xb4, 0x03, 0x3c, 0xbc,
  0x83, 0x3c, 0x84, 0x03, 0x3b, 0xcc, 0xf0, 0x14, 0x76, 0x60, 0x07, 0x7b,
  0x68, 0x07, 0x37, 0x68, 0x87, 0x72, 0x68, 0x07, 0x37, 0x80, 0x87, 0x70,
  0x90, 0x87, 0x70, 0x60, 0x07, 0x76, 0x28, 0x07, 0x76, 0xf8, 0x05, 0x76,
  0x78, 0x87, 0x77, 0x80, 0x87, 0x5f, 0x08, 0x87, 0x71, 0x18, 0x87, 0x72,
  0x98, 0x87, 0x79, 0x98, 0x81, 0x2c, 0xee, 0xf0, 0x0e, 0xee, 0xe0, 0x0e,
  0xf5, 0xc0, 0x0e, 0xec, 0x30, 0x03, 0x62, 0xc8, 0xa1, 0x1c, 0xe4, 0xa1,
  0x1c, 0xcc, 0xa1, 0x1c, 0xe4, 0xa1, 0x1c, 0xdc, 0x61, 0x1c, 0xca, 0x21,
  0x1c, 0xc4, 0x81, 0x1d, 0xca, 0x61, 0x06, 0xd6, 0x90, 0x43, 0x39, 0xc8,
  0x43, 0x39, 0x98, 0x43, 0x39, 0xc8, 0x43, 0x39, 0xb8, 0xc3, 0x38, 0x94,
  0x43, 0x38, 0x88, 0x03, 0x3b, 0x94, 0xc3, 0x2f, 0xbc, 0x83, 0x3c, 0xfc,
  0x82, 0x3b, 0xd4, 0x03, 0x3b, 0xb0, 0xc3, 0x0c, 0xc7, 0x69, 0x87, 0x70,
  0x58, 0x87, 0x72, 0x70, 0x83, 0x74, 0x68, 0x07, 0x78, 0x60, 0x87, 0x74,
  0x18, 0x87, 0x74, 0xa0, 0x87, 0x19, 0xce, 0x53, 0x0f, 0xee, 0x00, 0x0f,
  0xf2, 0x50, 0x0e, 0xe4, 0x90, 0x0e, 0xe3, 0x40, 0x0f, 0xe1, 0x20, 0x0e,
  0xec, 0x50, 0x0e, 0x33, 0x20, 0x28, 0x1d, 0xdc, 0xc1, 0x1e, 0xc2, 0x41,
  0x1e, 0xd2, 0x21, 0x1c, 0xdc, 0x81, 0x1e, 0xdc, 0xe0, 0x1c, 0xe4, 0xe1,
  0x1d, 0xea, 0x01, 0x1e, 0x66, 0x18, 0x51, 0x38, 0xb0, 0x43, 0x3a, 0x9c,
  0x83, 0x3b, 0xcc, 0x50, 0x24, 0x76, 0x60, 0x07, 0x7b, 0x68, 0x07, 0x37,
  0x60, 0x87, 0x77, 0x78, 0x07, 0x78, 0x98, 0x51, 0x4c, 0xf4, 0x90, 0x0f,
  0xf0, 0x50, 0x0e, 0x33, 0x1e, 0x6a, 0x1e, 0xca, 0x61, 0x1c, 0xe8, 0x21,
  0x1d, 0xde, 0xc1, 0x1d, 0x7e, 0x01, 0x1e, 0xe4, 0xa1, 0x1c, 0xcc, 0x21,
  0x1d, 0xf0, 0x61, 0x06, 0x54, 0x85, 0x83, 0x38, 0xcc, 0xc3, 0x3b, 0xb0,
  0x43, 0x3d, 0xd0, 0x43, 0x39, 0xfc, 0xc2, 0x3c, 0xe4, 0x43, 0x3b, 0x88,
  0xc3, 0x3b, 0xb0, 0xc3, 0x8c, 0xc5, 0x0a, 0x87, 0x79, 0x98, 0x87, 0x77,
  0x18, 0x87, 0x74, 0x08, 0x07, 0x7a, 0x28, 0x07, 0x72, 0x98, 0x81, 0x5c,
  0xe3, 0x10, 0x0e, 0xec, 0xc0, 0x0e, 0xe5, 0x50, 0x0e, 0xf3, 0x30, 0x23,
  0xc1, 0xd2, 0x41, 0x1e, 0xe4, 0xe1, 0x17, 0xd8, 0xe1, 0x1d, 0xde, 0x01,
  0x1e, 0x66, 0x48, 0x19, 0x3b, 0xb0, 0x83, 0x3d, 0xb4, 0x83, 0x1b, 0x84,
  0xc3, 0x38, 0x8c, 0x43, 0x39, 0xcc, 0xc3, 0x3c, 0xb8, 0xc1, 0x39, 0xc8,
  0xc3, 0x3b, 0xd4, 0x03, 0x3c, 0xcc, 0x48, 0xb4, 0x71, 0x08, 0x07, 0x76,
  0x60, 0x07, 0x71, 0x08, 0x87, 0x71, 0x58, 0x87, 0x19, 0xdb, 0xc6, 0x0e,
  0xec, 0x60, 0x0f, 0xed, 0xe0, 0x06, 0xf0, 0x20, 0x0f, 0xe5, 0x30, 0x0f,
  0xe5, 0x20, 0x0f, 0xf6, 0x50, 0x0e, 0x6e, 0x10, 0x0e, 0xe3, 0x30, 0x0e,
  0xe5, 0x30, 0x0f, 0xf3, 0xe0, 0x06, 0xe9, 0xe0, 0x0e, 0xe4, 0x50, 0x0e,
  0xf8, 0x30, 0x23, 0xe2, 0xec, 0x61, 0x1c, 0xc2, 0x81, 0x1d, 0xd8, 0xe1,
  0x17, 0xec, 0x21, 0x1d, 0xe6, 0x21, 0x1d, 0xc4, 0x21, 0x1d, 0xd8, 0x21,
  0x1d, 0xe8, 0x21, 0x1f, 0x66, 0x20, 0x9d, 0x3b, 0xbc, 0x43, 0x3d, 0xb8,
  0x03, 0x39, 0x94, 0x83, 0x39, 0xcc, 0x58, 0xbc, 0x70, 0x70, 0x07, 0x77,
  0x78, 0x07, 0x7a, 0x08, 0x07, 0x7a, 0x48, 0x87, 0x77, 0x70, 0x87, 0x19,
  0xce, 0x87, 0x0e, 0xe5, 0x10, 0x0e, 0xf0, 0x10, 0x0e, 0xec, 0xc0, 0x0e,
  0xef, 0x30, 0x0e, 0xf3, 0x90, 0x0e, 0xf4, 0x50, 0x0e, 0x33, 0x28, 0x30,
  0x08, 0x87, 0x74, 0x90, 0x07, 0x37, 0x30, 0x87, 0x7a, 0x70, 0x87, 0x71,
  0xa0, 0x87, 0x74, 0x78, 0x07, 0x77, 0xf8, 0x85, 0x73, 0x90, 0x87, 0x77,
  0xa8, 0x07, 0x78, 0x98, 0x07, 0x00, 0x00, 0x00, 0x00, 0x79, 0x20, 0x00,
  0x00, 0xc5, 0x00, 0x00, 0x00, 0x32, 0x9a, 0x08, 0x14, 0x02, 0x85, 0x8c,
  0x27, 0x46, 0x46, 0xc8, 0x11, 0x32, 0x64, 0xd4, 0x3c, 0xcc, 0x7d, 0x00,
  0x00, 0x8b, 0x42, 0x07, 0xc5, 0xc6, 0x91, 0x01, 0x13, 0x19, 0xcc, 0x10,
  0x55, 0x06, 0x81, 0x1d, 0x93, 0x00, 0x49, 0x9e, 0xa1, 0x3c, 0x48, 0x74,
  0x21, 0x53, 0x44, 0x4b, 0x20, 0x56, 0x65, 0x72, 0x73, 0x69, 0x6f, 0x6e,
  0x77, 0x63, 0x68, 0x61, 0x72, 0x5f, 0x73, 0x69, 0x7a, 0x65, 0x41, 0x70,
  0x70, 0x6c, 0x65, 0x20, 0x6d, 0x65, 0x74, 0x61, 0x6c, 0x20, 0x76, 0x65,
  0x72, 0x73, 0x69, 0x6f, 0x6e, 0x20, 0x33, 0x32, 0x30, 0x32, 0x33, 0x2e,
  0x38, 0x35, 0x30, 0x20, 0x28, 0x6d, 0x65, 0x74, 0x61, 0x6c, 0x66, 0x65,
  0x2d, 0x33, 0x32, 0x30, 0x32, 0x33, 0x2e, 0x38, 0x35, 0x30, 0x2e, 0x31,
  0x30, 0x29, 0x4d, 0x65, 0x74, 0x61, 0x6c, 0x61, 0x69, 0x72, 0x2e, 0x63,
  0x6f, 0x6d, 0x70, 0x69, 0x6c, 0x65, 0x2e, 0x64, 0x65, 0x6e, 0x6f, 0x72,
  0x6d, 0x73, 0x5f, 0x64, 0x69, 0x73, 0x61, 0x62, 0x6c, 0x65, 0x61, 0x69,
  0x72, 0x2e, 0x63, 0x6f, 0x6d, 0x70, 0x69, 0x6c, 0x65, 0x2e, 0x66, 0x61,
  0x73, 0x74, 0x5f, 0x6d, 0x61, 0x74, 0x68, 0x5f, 0x65, 0x6e, 0x61, 0x62,
  0x6c, 0x65, 0x61, 0x69, 0x72, 0x2e, 0x63, 0x6f, 0x6d, 0x70, 0x69, 0x6c,
  0x65, 0x2e, 0x66, 0x72, 0x61, 0x6d, 0x65, 0x62, 0x75, 0x66, 0x66, 0x65,
  0x72, 0x5f, 0x66, 0x65, 0x74, 0x63, 0x68, 0x5f, 0x65, 0x6e, 0x61, 0x62,
  0x6c, 0x65, 0x61, 0x69, 0x72, 0x2e, 0x70, 0x6f, 0x73, 0x69, 0x74, 0x69,
  0x6f, 0x6e, 0x61, 0x69, 0x72, 0x2e, 0x61, 0x72, 0x67, 0x5f, 0x74, 0x79,
  0x70, 0x65, 0x5f, 0x6e, 0x61, 0x6d, 0x65, 0x66, 0x6c, 0x6f, 0x61, 0x74,
  0x34, 0x61, 0x69, 0x72, 0x2e, 0x61, 0x72, 0x67, 0x5f, 0x6e, 0x61, 0x6d,
  0x65, 0x70, 0x6f, 0x73, 0x61, 0x69, 0x72, 0x2e, 0x76, 0x65, 0x72, 0x74,
  0x65, 0x78, 0x5f, 0x6f, 0x75, 0x74, 0x70, 0x75, 0x74, 0x67, 0x65, 0x6e,
  0x65, 0x72, 0x61, 0x74, 0x65, 0x64, 0x28, 0x34, 0x66, 0x70, 0x6f, 0x73,
  0x44, 0x76, 0x32, 0x5f, 0x66, 0x29, 0x66, 0x6c, 0x6f, 0x61, 0x74, 0x32,
  0x66, 0x70, 0x6f, 0x73, 0x67, 0x65, 0x6e, 0x65, 0x72, 0x61, 0x74, 0x65,
  0x64, 0x28, 0x37, 0x66, 0x74, 0x63, 0x6f, 0x6f, 0x72, 0x64, 0x44, 0x76,
  0x32, 0x5f, 0x66, 0x29, 0x66, 0x74, 0x63, 0x6f, 0x6f, 0x72, 0x64, 0x67,
  0x65, 0x6e, 0x65, 0x72, 0x61, 0x74, 0x65, 0x64, 0x28, 0x32, 0x75, 0x76,
  0x44, 0x76, 0x32, 0x5f, 0x66, 0x29, 0x75, 0x76, 0x61, 0x69, 0x72, 0x2e,
  0x76, 0x65, 0x72, 0x74, 0x65, 0x78, 0x5f, 0x69, 0x6e, 0x70, 0x75, 0x74,
  0x61, 0x69, 0x72, 0x2e, 0x6c, 0x6f, 0x63, 0x61, 0x74, 0x69, 0x6f, 0x6e,
  0x5f, 0x69, 0x6e, 0x64, 0x65, 0x78, 0x67, 0x65, 0x6e, 0x65, 0x72, 0x61,
  0x74, 0x65, 0x64, 0x28, 0x5f, 0x5f, 0x61, 0x69, 0x72, 0x5f, 0x70, 0x6c,
  0x61, 0x63, 0x65, 0x68, 0x6f, 0x6c, 0x64, 0x65, 0x72, 0x5f, 0x5f, 0x29,
  0x74, 0x63, 0x6f, 0x6f, 0x72, 0x64, 0x61, 0x69, 0x72, 0x2e, 0x62, 0x75,
  0x66, 0x66, 0x65, 0x72, 0x61, 0x69, 0x72, 0x2e, 0x62, 0x75, 0x66, 0x66,
  0x65, 0x72, 0x5f, 0x73, 0x69, 0x7a, 0x65, 0x61, 0x69, 0x72, 0x2e, 0x72,
  0x65, 0x61, 0x64, 0x61, 0x69, 0x72, 0x2e, 0x61, 0x72, 0x67, 0x5f, 0x74,
  0x79, 0x70, 0x65, 0x5f, 0x73, 0x69, 0x7a, 0x65, 0x61, 0x69, 0x72, 0x2e,
  0x61, 0x72, 0x67, 0x5f, 0x74, 0x79, 0x70, 0x65, 0x5f, 0x61, 0x6c, 0x69,
  0x67, 0x6e, 0x5f, 0x73, 0x69, 0x7a, 0x65, 0x76, 0x69, 0x65, 0x77, 0x53,
  0x69, 0x7a, 0x65, 0x00, 0x00, 0x23, 0x08, 0x48, 0x30, 0x82, 0x90, 0x18,
  0x23, 0x08, 0x88, 0x30, 0x82, 0x80, 0x0c, 0x23, 0x08, 0x08, 0x31, 0x82,
  0x60, 0x00, 0x23, 0x08, 0x48, 0x31, 0xc3, 0xf0, 0x05, 0x60, 0x30, 0xc3,
  0x10, 0x06, 0x82, 0x18, 0xcc, 0x10, 0x0c, 0x33, 0x0c, 0x5f, 0x18, 0x8c,
  0xc1, 0x0c, 0x04, 0xf1, 0x8d, 0xc1, 0x18, 0xcc, 0x10, 0x14, 0x33, 0x04,
  0xc6, 0x0c, 0xc1, 0x31, 0x43, 0x81, 0x24, 0xca, 0xc2, 0xcc, 0x60, 0x34,
  0x4e, 0xf2, 0x2c, 0xd0, 0x0c, 0x46, 0x13, 0x25, 0xcf, 0x22, 0xcd, 0x60,
  0x34, 0x53, 0xf2, 0x2c, 0xd4, 0x0c, 0x84, 0x1b, 0xbc, 0x01, 0x1c, 0xc4,
  0xc1, 0x0c, 0xca, 0x18, 0x54, 0xd6, 0x18, 0x84, 0xc1, 0x95, 0x3c, 0x0b,
  0x33, 0x83, 0x12, 0x06, 0x95, 0x15, 0x06, 0x61, 0x70, 0x25, 0xca, 0x82,
  0xcd, 0x00, 0x7d, 0x99, 0x56, 0x06, 0x56, 0x18, 0x84, 0xc1, 0xc6, 0x95,
  0x41, 0x57, 0x06, 0xc9, 0xb3, 0x78, 0x33, 0x0c, 0x73, 0x40, 0x07, 0x75,
  0x30, 0xc3, 0x40, 0x06, 0x72, 0x60, 0x07, 0x32, 0x12, 0x98, 0xa0, 0x8b,
  0xd8, 0xd8, 0xec, 0xda, 0x5c, 0xda, 0xde, 0xc8, 0xea, 0xd8, 0xca, 0x5c,
  0xcc, 0xd8, 0xc2, 0xce, 0xe6, 0x46, 0x11, 0xca, 0xc0, 0x0c, 0x4e, 0x61,
  0x63, 0xb3, 0x6b, 0x73, 0x49, 0x23, 0x2b, 0x73, 0xa3, 0x1b, 0x25, 0x38,
  0x83, 0x5b, 0xc2, 0xd2, 0xe4, 0x5c, 0xec, 0xca, 0xe4, 0xe6, 0xd2, 0xde,
  0xdc, 0x46, 0x09, 0xd0, 0xe0, 0xa8, 0xb0, 0x34, 0x39, 0x17, 0xb6, 0x30,
  0xb7, 0xb3, 0xba, 0xb0, 0xb3, 0xb2, 0x2f, 0xbb, 0x32, 0xb9, 0xb9, 0xb4,
  0x37, 0xb7, 0x51, 0x82, 0x34, 0xb8, 0x29, 0x2c, 0x4d, 0xce, 0x65, 0xec,
  0xad, 0x0d, 0x2e, 0x8d, 0xad, 0xec, 0xeb, 0x0d, 0x8e, 0x2e, 0xed, 0xcd,
  0x6d, 0x6e, 0x94, 0x41, 0x0d, 0xd6, 0x80, 0x0d, 0x4e, 0x09, 0x4b, 0x93,
  0x73, 0xb1, 0x2b, 0x93, 0xa3, 0x2b, 0xc3, 0x1b, 0x25, 0xb0, 0x03, 0x00,
  0x00, 0xa9, 0x18, 0x00, 0x00, 0x25, 0x00, 0x00, 0x00, 0x0b, 0x0a, 0x72,
  0x28, 0x87, 0x77, 0x80, 0x07, 0x7a, 0x58, 0x70, 0x98, 0x43, 0x3d, 0xb8,
  0xc3, 0x38, 0xb0, 0x43, 0x39, 0xd0, 0xc3, 0x82, 0xe6, 0x1c, 0xc6, 0xa1,
  0x0d, 0xe8, 0x41, 0x1e, 0xc2, 0xc1, 0x1d, 0xe6, 0x21, 0x1d, 0xe8, 0x21,
  0x1d, 0xde, 0xc1, 0x1d, 0x16, 0x34, 0xe3, 0x60, 0x0e, 0xe7, 0x50, 0x0f,
  0xe1, 0x20, 0x0f, 0xe4, 0x40, 0x0f, 0xe1, 0x20, 0x0f, 0xe7, 0x50, 0x0e,
  0xf4, 0xb0, 0x80, 0x81, 0x07, 0x79, 0x28, 0x87, 0x70, 0x60, 0x07, 0x76,
  0x78, 0x87, 0x71, 0x08, 0x07, 0x7a, 0x28, 0x07, 0x72, 0x58, 0x70, 0x9c,
  0xc3, 0x38, 0xb4, 0x01, 0x3b, 0xa4, 0x83, 0x3d, 0x94, 0xc3, 0x02, 0x6b,
  0x1c, 0xd8, 0x21, 0x1c, 0xdc, 0xe1, 0x1c, 0xdc, 0x20, 0x1c, 0xe4, 0x61,
  0x1c, 0xdc, 0x20, 0x1c, 0xe8, 0x81, 0x1e, 0xc2, 0x61, 0x1c, 0xd0, 0xa1,
  0x1c, 0xc8, 0x61, 0x1c, 0xc2, 0x81, 0x1d, 0xd8, 0x61, 0xc1, 0x01, 0x0f,
  0xf4, 0x20, 0x0f, 0xe1, 0x50, 0x0f, 0xf4, 0x80, 0x0e, 0x00, 0x00, 0x00,
  0x00, 0xd1, 0x10, 0x00, 0x00, 0x06, 0x00, 0x00, 0x00, 0x07, 0xcc, 0x3c,
  0xa4, 0x83, 0x3b, 0x9c, 0x03, 0x3b, 0x94, 0x03, 0x3d, 0xa0, 0x83, 0x3c,
  0x94, 0x43, 0x38, 0x90, 0xc3, 0x01, 0x00, 0x00, 0x00, 0x61, 0x20, 0x00,
  0x00, 0x42, 0x00, 0x00, 0x00, 0x13, 0x04, 0x41, 0x2c, 0x10, 0x00, 0x00,
  0x00, 0x10, 0x00, 0x00, 0x00, 0xa4, 0x63, 0x09, 0x40, 0x30, 0x96, 0x20,
  0x0c, 0xb4, 0x23, 0x00, 0x25, 0x40, 0x30, 0x46, 0x00, 0x82, 0x20, 0x08,
  0x82, 0xc1, 0x18, 0x01, 0x08, 0x82, 0x20, 0xfe, 0xcd, 0x00, 0x8c, 0x11,
  0x80, 0x20, 0x08, 0xe2, 0xbf, 0x30, 0x02, 0x40, 0x31, 0x03, 0x30, 0x07,
  0x01, 0x41, 0xd2, 0x43, 0x32, 0x96, 0x00, 0x82, 0x20, 0x08, 0x82, 0x01,
  0x08, 0x82, 0x20, 0x08, 0x06, 0x34, 0x33, 0x00, 0x00, 0xf1, 0x30, 0x00,
  0x00, 0x15, 0x00, 0x00, 0x00, 0x22, 0x47, 0xc8, 0x90, 0x51, 0x0a, 0x04,
  0x1e, 0x00, 0x00, 0x00, 0x00, 0x9e, 0x05, 0x00, 0x00, 0x61, 0x69, 0x72,
  0x2d, 0x61, 0x6c, 0x69, 0x61, 0x73, 0x2d, 0x73, 0x63, 0x6f, 0x70, 0x65,
  0x73, 0x28, 0x76, 0x65, 0x72, 0x74, 0x65, 0x78, 0x53, 0x68, 0x61, 0x64,
  0x65, 0x72, 0x29, 0x61, 0x69, 0x72, 0x2d, 0x61, 0x6c, 0x69, 0x61, 0x73,
  0x2d, 0x73, 0x63, 0x6f, 0x70, 0x65, 0x2d, 0x61, 0x72, 0x67, 0x28, 0x32,
  0x29, 0x2b, 0x04, 0x3d, 0xc0, 0x83, 0x15, 0xc3, 0x1e, 0xe8, 0x41, 0x1e,
  0x6c, 0x08, 0xf6, 0x00, 0x00, 0x83, 0x0c, 0x0f, 0xd1, 0x58, 0x30, 0x88,
  0xff, 0x20, 0x43, 0x64, 0x38, 0x63, 0x08, 0x93, 0x63, 0x41, 0x23, 0xfe,
  0x34, 0x09, 0x19, 0x43, 0x08, 0x22, 0x1b, 0x02, 0xf2, 0xb7, 0xc0, 0x01,
  0xff, 0x31, 0x84, 0x6c, 0xb2, 0x60, 0x12, 0xff, 0x31, 0x04, 0xa3, 0x32,
  0x21, 0x20, 0x7f, 0xab, 0x82, 0xf0, 0x9f, 0x63, 0x88, 0x8c, 0x6c, 0x8e,
  0x21, 0x10, 0xb2, 0xd9, 0x86, 0x28, 0x00, 0x66, 0x1b, 0x82, 0x30, 0x08,
  0x66, 0x1b, 0x82, 0x48, 0x98, 0x6d, 0x08, 0xa2, 0x21, 0x83, 0x80, 0x18,
  0x00, 0x02, 0x00, 0x00, 0x00, 0x5b, 0x86, 0xe2, 0xd8, 0x03, 0x00, 0x00,
  0x00, 0x00, 0x00, 0x00, 0x00, 0x71, 0x20, 0x00, 0x00, 0x03, 0x00, 0x00,
  0x00, 0x32, 0x0e, 0x10, 0x22, 0x84, 0x00, 0xb1, 0x05, 0x00, 0x00, 0x00,
  0x00, 0x00, 0x00, 0x00, 0x00, 0x65, 0x0c, 0x00, 0x00, 0x1f, 0x00, 0x00,
  0x00, 0x12, 0x03, 0x94, 0xf0, 0x00, 0x00, 0x00, 0x00, 0x03, 0x00, 0x00,
  0x00, 0x0c, 0x00, 0x00, 0x00, 0x0c, 0x00, 0x00, 0x00, 0x4c, 0x00, 0x00,
  0x00, 0x01, 0x00, 0x00, 0x00, 0x58, 0x00, 0x00, 0x00, 0x00, 0x00, 0x00,
  0x00, 0x58, 0x00, 0x00, 0x00, 0x01, 0x00, 0x00, 0x00, 0x70, 0x00, 0x00,
  0x00, 0x00, 0x00, 0x00, 0x00, 0x18, 0x00, 0x00, 0x00, 0x15, 0x00, 0x00,
  0x00, 0x00, 0x00, 0x00, 0x00, 0x0c, 0x00, 0x00, 0x00, 0x2d, 0x00, 0x00,
  0x00, 0x00, 0x00, 0x00, 0x00, 0x70, 0x00, 0x00, 0x00, 0x00, 0x00, 0x00,
  0x00, 0x00, 0x00, 0x00, 0x00, 0x01, 0x00, 0x00, 0x00, 0x00, 0x00, 0x00,
  0x00, 0x00, 0x00, 0x00, 0x00, 0x0c, 0x00, 0x00, 0x00, 0x00, 0x00, 0x00,
  0x00, 0x0c, 0x00, 0x00, 0x00, 0xff, 0xff, 0xff, 0xff, 0x00, 0x24, 0x00,
  0x00, 0x00, 0x00, 0x00, 0x00, 0x5d, 0x0c, 0x00, 0x00, 0x0f, 0x00, 0x00,
  0x00, 0x12, 0x03, 0x94, 0x6d, 0x00, 0x00, 0x00, 0x00, 0x76, 0x65, 0x72,
  0x74, 0x65, 0x78, 0x53, 0x68, 0x61, 0x64, 0x65, 0x72, 0x33, 0x32, 0x30,
  0x32, 0x33, 0x2e, 0x38, 0x35, 0x30, 0x2e, 0x31, 0x30, 0x61, 0x69, 0x72,
  0x36, 0x34, 0x2d, 0x61, 0x70, 0x70, 0x6c, 0x65, 0x2d, 0x69, 0x6f, 0x73,
  0x31, 0x32, 0x2e, 0x30, 0x2e, 0x30, 0x00, 0x00, 0x00, 0x00, 0x00, 0x00,
  0x00, 0x00, 0x00, 0x00, 0x00, 0x00, 0x00, 0x00, 0x00, 0xde, 0xc0, 0x17,
  0x0b, 0x00, 0x00, 0x00, 0x00, 0x14, 0x00, 0x00, 0x00, 0xec, 0x59, 0x00,
  0x00, 0xff, 0xff, 0xff, 0xff, 0x42, 0x43, 0xc0, 0xde, 0x35, 0x14, 0x00,
  0x00, 0x03, 0x00, 0x00, 0x00, 0x62, 0x0c, 0x30, 0x24, 0x80, 0x10, 0x05,
  0xc8, 0x14, 0x00, 0x00, 0x00, 0x21, 0x0c, 0x00, 0x00, 0x9e, 0x14, 0x00,
  0x00, 0x0b, 0x02, 0x21, 0x00, 0x02, 0x00, 0x00, 0x00, 0x13, 0x00, 0x00,
  0x00, 0x07, 0x81, 0x23, 0x91, 0x41, 0xc8, 0x04, 0x49, 0x06, 0x10, 0x32,
  0x39, 0x92, 0x01, 0x84, 0x0c, 0x25, 0x05, 0x08, 0x19, 0x1e, 0x04, 0x8b,
  0x62, 0x80, 0x1c, 0x45, 0x02, 0x42, 0x92, 0x0b, 0x42, 0xe4, 0x10, 0x32,
  0x14, 0x38, 0x08, 0x18, 0x4b, 0x0a, 0x32, 0x72, 0x88, 0x48, 0x90, 0x14,
  0x20, 0x43, 0x46, 0x88, 0xa5, 0x00, 0x19, 0x32, 0x42, 0x04, 0x49, 0x0e,
  0x90, 0x91, 0x23, 0xc4, 0x50, 0x41, 0x51, 0x81, 0x8c, 0xe1, 0x83, 0xe5,
  0x8a, 0x04, 0x39, 0x46, 0x06, 0x51, 0x18, 0x00, 0x00, 0x12, 0x03, 0x00,
  0x00, 0x1b, 0xc2, 0x24, 0xf8, 0xff, 0xff, 0xff, 0xff, 0x01, 0x58, 0x03,
  0x40, 0x22, 0xc2, 0x01, 0x1e, 0xe0, 0x41, 0x1e, 0xde, 0x01, 0x1f, 0xda,
  0xc0, 0x1c, 0xea, 0xc1, 0x1d, 0xc6, 0xa1, 0x0d, 0xcc, 0x01, 0x1e, 0xda,
  0xa0, 0x1d, 0xc2, 0x81, 0x1e, 0xd0, 0x01, 0xa0, 0x07, 0x79, 0xa8, 0x87,
  0x72, 0x00, 0x88, 0x76, 0x48, 0x07, 0x77, 0x68, 0x03, 0x76, 0x28, 0x87,
  0x73, 0x08, 0x07, 0x76, 0x68, 0x03, 0x7b, 0x28, 0x87, 0x71, 0xa0, 0x87,
  0x77, 0x90, 0x87, 0x36, 0xb8, 0x87, 0x74, 0x20, 0x07, 0x7a, 0x40, 0x07,
  0x20, 0x0e, 0xe4, 0x00, 0x0f, 0x80, 0xc1, 0x1d, 0xde, 0xa1, 0x0d, 0xc4,
  0xa1, 0x1e, 0xd2, 0x81, 0x1d, 0xe8, 0x21, 0x1d, 0xdc, 0x61, 0x1e, 0x00,
  0xc2, 0x1d, 0xde, 0xa1, 0x0d, 0xcc, 0x41, 0x1e, 0xc2, 0xa1, 0x1d, 0xca,
  0xa1, 0x0d, 0xe0, 0xe1, 0x1d, 0xd2, 0xc1, 0x1d, 0xe8, 0xa1, 0x1c, 0xe4,
  0xa1, 0x0d, 0xca, 0x81, 0x1d, 0xd2, 0xa1, 0x1d, 0x00, 0x7a, 0x90, 0x87,
  0x7a, 0x28, 0x07, 0x80, 0x70, 0x87, 0x77, 0x68, 0x03, 0x73, 0x90, 0x87,
  0x70, 0x68, 0x87, 0x72, 0x68, 0x03, 0x78, 0x78, 0x87, 0x74, 0x70, 0x07,
  0x7a, 0x28, 0x07, 0x79, 0x68, 0x83, 0x72, 0x60, 0x87, 0x74, 0x68, 0x87,
  0x36, 0x70, 0x87, 0x77, 0x70, 0x87, 0x36, 0x60, 0x87, 0x72, 0x08, 0x07,
  0x73, 0x00, 0xe8, 0x41, 0x1e, 0xea, 0xa1, 0x1c, 0x00, 0xc2, 0x1d, 0xde,
  0xa1, 0x0d, 0xd2, 0xc1, 0x1d, 0xcc, 0x61, 0x1e, 0xda, 0xc0, 0x1c, 0xe0,
  0xa1, 0x0d, 0xda, 0x21, 0x1c, 0xe8, 0x01, 0x1d, 0x00, 0x73, 0x08, 0x07,
  0x76, 0x98, 0x87, 0x72, 0x00, 0x08, 0x77, 0x78, 0x87, 0x36, 0x70, 0x87,
  0x70, 0x70, 0x87, 0x79, 0x68, 0x03, 0x73, 0x80, 0x87, 0x36, 0x68, 0x87,
  0x70, 0xa0, 0x07, 0x74, 0x00, 0xcc, 0x21, 0x1c, 0xd8, 0x61, 0x1e, 0xca,
  0x01, 0x20, 0xdc, 0xe1, 0x1d, 0xda, 0x60, 0x1e, 0xd2, 0xe1, 0x1c, 0xdc,
  0xa1, 0x1c, 0xc8, 0xa1, 0x0d, 0xf4, 0xa1, 0x1c, 0xe4, 0xe1, 0x1d, 0xe6,
  0xa1, 0x0d, 0xcc, 0x01, 0x1e, 0xda, 0xa0, 0x1d, 0xc2, 0x81, 0x1e, 0xd0,
  0x01, 0xa0, 0x07, 0x79, 0xa8, 0x87, 0x72, 0x00, 0x08, 0x77, 0x78, 0x87,
  0x36, 0xa0, 0x07, 0x79, 0x08, 0x07, 0x78, 0x80, 0x87, 0x74, 0x70, 0x87,
  0x73, 0x68, 0x83, 0x76, 0x08, 0x07, 0x7a, 0x40, 0x07, 0x80, 0x1e, 0xe4,
  0xa1, 0x1e, 0xca, 0x01, 0x20, 0xe6, 0x81, 0x1e, 0xc2, 0x61, 0x1c, 0xd6,
  0xa1, 0x0d, 0xe0, 0x41, 0x1e, 0xde, 0x81, 0x1e, 0xca, 0x61, 0x1c, 0xe8,
  0xe1, 0x1d, 0xe4, 0xa1, 0x0d, 0xc4, 0xa1, 0x1e, 0xcc, 0xc1, 0x1c, 0xca,
  0x41, 0x1e, 0xda, 0x60, 0x1e, 0xd2, 0x41, 0x1f, 0xca, 0x01, 0xc0, 0x03,
  0x80, 0xa8, 0x07, 0x77, 0x98, 0x87, 0x70, 0x30, 0x87, 0x72, 0x68, 0x03,
  0x73, 0x80, 0x87, 0x36, 0x68, 0x87, 0x70, 0xa0, 0x07, 0x74, 0x00, 0xe8,
  0x41, 0x1e, 0xea, 0xa1, 0x1c, 0x80, 0x0d, 0x9c, 0x50, 0x00, 0x55, 0x90,
  0x06, 0xf0, 0x30, 0x84, 0x43, 0x3a, 0xc8, 0x43, 0x1b, 0x88, 0x43, 0x3d,
  0x98, 0x83, 0x39, 0x94, 0x83, 0x3c, 0xb4, 0x81, 0x3b, 0xbc, 0x43, 0x1b,
  0x84, 0x03, 0x3b, 0xa4, 0x43, 0x38, 0xcc, 0x03, 0xb0, 0xc1, 0x18, 0x0e,
  0x60, 0x01, 0xaa, 0x0d, 0x06, 0xf1, 0xff, 0xff, 0xff, 0xff, 0x03, 0x20,
  0x01, 0xd4, 0x86, 0x1f, 0x29, 0xfe, 0xff, 0xff, 0xff, 0x7f, 0x00, 0xd6,
  0x00, 0x90, 0x88, 0x70, 0x80, 0x07, 0x78, 0x90, 0x87, 0x77, 0xc0, 0x87,
  0x36, 0x30, 0x87, 0x7a, 0x70, 0x87, 0x71, 0x68, 0x03, 0x73, 0x80, 0x87,
  0x36, 0x68, 0x87, 0x70, 0xa0, 0x07, 0x74, 0x00, 0xe8, 0x41, 0x1e, 0xea,
  0xa1, 0x1c, 0x00, 0xa2, 0x1d, 0xd2, 0xc1, 0x1d, 0xda, 0x80, 0x1d, 0xca,
  0xe1, 0x1c, 0xc2, 0x81, 0x1d, 0xda, 0xc0, 0x1e, 0xca, 0x61, 0x1c, 0xe8,
  0xe1, 0x1d, 0xe4, 0xa1, 0x0d, 0xee, 0x21, 0x1d, 0xc8, 0x81, 0x1e, 0xd0,
  0x01, 0x88, 0x03, 0x39, 0xc0, 0x03, 0x60, 0x70, 0x87, 0x77, 0x68, 0x03,
  0x71, 0xa8, 0x87, 0x74, 0x60, 0x07, 0x7a, 0x48, 0x07, 0x77, 0x98, 0x07,
  0x80, 0x70, 0x87, 0x77, 0x68, 0x03, 0x73, 0x90, 0x87, 0x70, 0x68, 0x87,
  0x72, 0x68, 0x03, 0x78, 0x78, 0x87, 0x74, 0x70, 0x07, 0x7a, 0x28, 0x07,
  0x79, 0x68, 0x83, 0x72, 0x60, 0x87, 0x74, 0x68, 0x07, 0x80, 0x1e, 0xe4,
  0xa1, 0x1e, 0xca, 0x01, 0x20, 0xdc, 0xe1, 0x1d, 0xda, 0xc0, 0x1c, 0xe4,
  0x21, 0x1c, 0xda, 0xa1, 0x1c, 0xda, 0x00, 0x1e, 0xde, 0x21, 0x1d, 0xdc,
  0x81, 0x1e, 0xca, 0x41, 0x1e, 0xda, 0xa0, 0x1c, 0xd8, 0x21, 0x1d, 0xda,
  0xa1, 0x0d, 0xdc, 0xe1, 0x1d, 0xdc, 0xa1, 0x0d, 0xd8, 0xa1, 0x1c, 0xc2,
  0xc1, 0x1c, 0x00, 0x7a, 0x90, 0x87, 0x7a, 0x28, 0x07, 0x80, 0x70, 0x87,
  0x77, 0x68, 0x83, 0x74, 0x70, 0x07, 0x73, 0x98, 0x87, 0x36, 0x30, 0x07,
  0x78, 0x68, 0x83, 0x76, 0x08, 0x07, 0x7a, 0x40, 0x07, 0x80, 0x1e, 0xe4,
  0xa1, 0x1e, 0xca, 0x01, 0x20, 0xdc, 0xe1, 0x1d, 0xda, 0xc0, 0x1d, 0xc2,
  0xc1, 0x1d, 0xe6, 0xa1, 0x0d, 0xcc, 0x01, 0x1e, 0xda, 0xa0, 0x1d, 0xc2,
  0x81, 0x1e, 0xd0, 0x01, 0xa0, 0x07, 0x79, 0xa8, 0x87, 0x72, 0x00, 0x08,
  0x77, 0x78, 0x87, 0x36, 0x98, 0x87, 0x74, 0x38, 0x07, 0x77, 0x28, 0x07,
  0x72, 0x68, 0x03, 0x7d, 0x28, 0x07, 0x79, 0x78, 0x87, 0x79, 0x68, 0x03,
  0x73, 0x80, 0x87, 0x36, 0x68, 0x87, 0x70, 0xa0, 0x07, 0x74, 0x00, 0xe8,
  0x41, 0x1e, 0xea, 0xa1, 0x1c, 0x00, 0xc2, 0x1d, 0xde, 0xa1, 0x0d, 0xe8,
  0x41, 0x1e, 0xc2, 0x01, 0x1e, 0xe0, 0x21, 0x1d, 0xdc, 0xe1, 0x1c, 0xda,
  0xa0, 0x1d, 0xc2, 0x81, 0x1e, 0xd0, 0x01, 0xa0, 0x07, 0x79, 0xa8, 0x87,
  0x72, 0x00, 0x88, 0x79, 0xa0, 0x87, 0x70, 0x18, 0x87, 0x75, 0x68, 0x03,
  0x78, 0x90, 0x87, 0x77, 0xa0, 0x87, 0x72, 0x18, 0x07, 0x7a, 0x78, 0x07,
  0x79, 0x68, 0x03, 0x71, 0xa8, 0x07, 0x73, 0x30, 0x87, 0x72, 0x90, 0x87,
  0x36, 0x98, 0x87, 0x74, 0xd0, 0x87, 0x72, 0x00, 0xf0, 0x00, 0x20, 0xea,
  0xc1, 0x1d, 0xe6, 0x21, 0x1c, 0xcc, 0xa1, 0x1c, 0xda, 0xc0, 0x1c, 0xe0,
  0xa1, 0x0d, 0xda, 0x21, 0x1c, 0xe8, 0x01, 0x1d, 0x00, 0x7a, 0x90, 0x87,
  0x7a, 0x28, 0x07, 0x60, 0x83, 0x61, 0x08, 0xc0, 0x02, 0x54, 0x1b, 0x94,
  0xe3, 0xff, 0xff, 0xff, 0xff, 0x07, 0xa0, 0x0d, 0x80, 0x35, 0x00, 0x24,
  0xa0, 0xda, 0x60, 0x20, 0x01, 0xb0, 0x00, 0xd5, 0x86, 0x30, 0x49, 0xfe,
  0xff, 0xff, 0xff, 0x7f, 0x00, 0xd6, 0x00, 0x90, 0x80, 0x8a, 0x08, 0x07,
  0x78, 0x80, 0x07, 0x79, 0x78, 0x07, 0x7c, 0x68, 0x03, 0x73, 0xa8, 0x07,
  0x77, 0x18, 0x87, 0x36, 0x30, 0x07, 0x78, 0x68, 0x83, 0x76, 0x08, 0x07,
  0x7a, 0x40, 0x07, 0x80, 0x1e, 0xe4, 0xa1, 0x1e, 0xca, 0x01, 0x20, 0xda,
  0x21, 0x1d, 0xdc, 0xa1, 0x0d, 0xd8, 0xa1, 0x1c, 0xce, 0x21, 0x1c, 0xd8,
  0xa1, 0x0d, 0xec, 0xa1, 0x1c, 0xc6, 0x81, 0x1e, 0xde, 0x41, 0x1e, 0xda,
  0xe0, 0x1e, 0xd2, 0x81, 0x1c, 0xe8, 0x01, 0x1d, 0x80, 0x38, 0x90, 0x03,
  0x3c, 0x00, 0x06, 0x77, 0x78, 0x87, 0x36, 0x10, 0x87, 0x7a, 0x48, 0x07,
  0x76, 0xa0, 0x87, 0x74, 0x70, 0x87, 0x79, 0x00, 0x08, 0x77, 0x78, 0x87,
  0x36, 0x30, 0x07, 0x79, 0x08, 0x87, 0x76, 0x28, 0x87, 0x36, 0x80, 0x87,
  0x77, 0x48, 0x07, 0x77, 0xa0, 0x87, 0x72, 0x90, 0x87, 0x36, 0x28, 0x07,
  0x76, 0x48, 0x87, 0x76, 0x00, 0xe8, 0x41, 0x1e, 0xea, 0xa1, 0x1c, 0x00,
  0xc2, 0x1d, 0xde, 0xa1, 0x0d, 0xcc, 0x41, 0x1e, 0xc2, 0xa1, 0x1d, 0xca,
  0xa1, 0x0d, 0xe0, 0xe1, 0x1d, 0xd2, 0xc1, 0x1d, 0xe8, 0xa1, 0x1c, 0xe4,
  0xa1, 0x0d, 0xca, 0x81, 0x1d, 0xd2, 0xa1, 0x1d, 0xda, 0xc0, 0x1d, 0xde,
  0xc1, 0x1d, 0xda, 0x80, 0x1d, 0xca, 0x21, 0x1c, 0xcc, 0x01, 0xa0, 0x07,
  0x79, 0xa8, 0x87, 0x72, 0x00, 0x08, 0x77, 0x78, 0x87, 0x36, 0x48, 0x07,
  0x77, 0x30, 0x87, 0x79, 0x68, 0x03, 0x73, 0x80, 0x87, 0x36, 0x68, 0x87,
  0x70, 0xa0, 0x07, 0x74, 0x00, 0xe8, 0x41, 0x1e, 0xea, 0xa1, 0x1c, 0x00,
  0xc2, 0x1d, 0xde, 0xa1, 0x0d, 0xdc, 0x21, 0x1c, 0xdc, 0x61, 0x1e, 0xda,
  0xc0, 0x1c, 0xe0, 0xa1, 0x0d, 0xda, 0x21, 0x1c, 0xe8, 0x01, 0x1d, 0x00,
  0x7a, 0x90, 0x87, 0x7a, 0x28, 0x07, 0x80, 0x70, 0x87, 0x77, 0x68, 0x83,
  0x79, 0x48, 0x87, 0x73, 0x70, 0x87, 0x72, 0x20, 0x87, 0x36, 0xd0, 0x87,
  0x72, 0x90, 0x87, 0x77, 0x98, 0x87, 0x36, 0x30, 0x07, 0x78, 0x68, 0x83,
  0x76, 0x08, 0x07, 0x7a, 0x40, 0x07, 0x80, 0x1e, 0xe4, 0xa1, 0x1e, 0xca,
  0x01, 0x20, 0xdc, 0xe1, 0x1d, 0xda, 0x80, 0x1e, 0xe4, 0x21, 0x1c, 0xe0,
  0x01, 0x1e, 0xd2, 0xc1, 0x1d, 0xce, 0xa1, 0x0d, 0xda, 0x21, 0x1c, 0xe8,
  0x01, 0x1d, 0x00, 0x7a, 0x90, 0x87, 0x7a, 0x28, 0x07, 0x80, 0x98, 0x07,
  0x7a, 0x08, 0x87, 0x71, 0x58, 0x87, 0x36, 0x80, 0x07, 0x79, 0x78, 0x07,
  0x7a, 0x28, 0x87, 0x71, 0xa0, 0x87, 0x77, 0x90, 0x87, 0x36, 0x10, 0x87,
  0x7a, 0x30, 0x07, 0x73, 0x28, 0x07, 0x79, 0x68, 0x83, 0x79, 0x48, 0x07,
  0x7d, 0x28, 0x07, 0x00, 0x0f, 0x00, 0xa2, 0x1e, 0xdc, 0x61, 0x1e, 0xc2,
  0xc1, 0x1c, 0xca, 0xa1, 0x0d, 0xcc, 0x01, 0x1e, 0xda, 0xa0, 0x1d, 0xc2,
  0x81, 0x1e, 0xd0, 0x01, 0xa0, 0x07, 0x79, 0xa8, 0x87, 0x72, 0x00, 0x36,
  0x20, 0xca, 0xff, 0xff, 0xff, 0xff, 0x0f, 0x40, 0x1b, 0x00, 0x12, 0x50,
  0x6d, 0x30, 0x96, 0xff, 0xff, 0xff, 0xff, 0x1f, 0x80, 0x35, 0x00, 0xa4,
  0x0d, 0x3e, 0xc2, 0xfc, 0xff, 0xff, 0xff, 0xff, 0x00, 0xac, 0x01, 0x20,
  0x11, 0xe1, 0x00, 0x0f, 0xf0, 0x20, 0x0f, 0xef, 0x80, 0x0f, 0x6d, 0x60,
  0x0e, 0xf5, 0xe0, 0x0e, 0xe3, 0xd0, 0x06, 0xe6, 0x00, 0x0f, 0x6d, 0xd0,
  0x0e, 0xe1, 0x40, 0x0f, 0xe8, 0x00, 0xd0, 0x83, 0x3c, 0xd4, 0x43, 0x39,
  0x00, 0x44, 0x3b, 0xa4, 0x83, 0x3b, 0xb4, 0x01, 0x3b, 0x94, 0xc3, 0x39,
  0x84, 0x03, 0x3b, 0xb4, 0x81, 0x3d, 0x94, 0xc3, 0x38, 0xd0, 0xc3, 0x3b,
  0xc8, 0x43, 0x1b, 0xdc, 0x43, 0x3a, 0x90, 0x03, 0x3d, 0xa0, 0x03, 0x60,
  0x07, 0x74, 0x00, 0x0c, 0xee, 0xf0, 0x0e, 0x6d, 0x20, 0x0e, 0xf5, 0x90,
  0x0e, 0xec, 0x40, 0x0f, 0xe9, 0xe0, 0x0e, 0xf3, 0x00, 0x10, 0xee, 0xf0,
  0x0e, 0x6d, 0x60, 0x0e, 0xf2, 0x10, 0x0e, 0xed, 0x50, 0x0e, 0x6d, 0x00,
  0x0f, 0xef, 0x90, 0x0e, 0xee, 0x40, 0x0f, 0xe5, 0x20, 0x0f, 0x6d, 0x50,
  0x0e, 0xec, 0x90, 0x0e, 0xed, 0x00, 0xd0, 0x83, 0x3c, 0xd4, 0x43, 0x39,
  0x00, 0x84, 0x3b, 0xbc, 0x43, 0x1b, 0x98, 0x83, 0x3c, 0x84, 0x43, 0x3b,
  0x94, 0x43, 0x1b, 0xc0, 0xc3, 0x3b, 0xa4, 0x83, 0x3b, 0xd0, 0x43, 0x39,
  0xc8, 0x43, 0x1b, 0x94, 0x03, 0x3b, 0xa4, 0x43, 0x3b, 0xb4, 0x81, 0x3b,
  0xbc, 0x83, 0x3b, 0xb4, 0x01, 0x3b, 0x94, 0x43, 0x38, 0x98, 0x03, 0x40,
  0x0f, 0xf2, 0x50, 0x0f, 0xe5, 0x00, 0x10, 0xee, 0xf0, 0x0e, 0x6d, 0x90,
  0x0e, 0xee, 0x60, 0x0e, 0xf3, 0xd0, 0x06, 0xe6, 0x00, 0x0f, 0x6d, 0xd0,
  0x0e, 0xe1, 0x40, 0x0f, 0xe8, 0x00, 0xd0, 0x83, 0x3c, 0xd4, 0x43, 0x39,
  0x00, 0x84, 0x3b, 0xbc, 0x43, 0x1b, 0xb8, 0x43, 0x38, 0xb8, 0xc3, 0x3c,
  0xb4, 0x81, 0x39, 0xc0, 0x43, 0x1b, 0xb4, 0x43, 0x38, 0xd0, 0x03, 0x3a,
  0x00, 0xf4, 0x20, 0x0f, 0xf5, 0x50, 0x0e, 0x00, 0xe1, 0x0e, 0xef, 0xd0,
  0x06, 0xf3, 0x90, 0x0e, 0xe7, 0xe0, 0x0e, 0xe5, 0x40, 0x0e, 0x6d, 0xa0,
  0x0f, 0xe5, 0x20, 0x0f, 0xef, 0x30, 0x0f, 0x6d, 0x60, 0x0e, 0xf0, 0xd0,
  0x06, 0xed, 0x10, 0x0e, 0xf4, 0x80, 0x0e, 0x00, 0x3d, 0xc8, 0x43, 0x3d,
  0x94, 0x03, 0x40, 0xb8, 0xc3, 0x3b, 0xb4, 0x01, 0x3d, 0xc8, 0x43, 0x38,
  0xc0, 0x03, 0x3c, 0xa4, 0x83, 0x3b, 0x9c, 0x43, 0x1b, 0xb4, 0x43, 0x38,
  0xd0, 0x03, 0x3a, 0x00, 0xf4, 0x20, 0x0f, 0xf5, 0x50, 0x0e, 0x00, 0x31,
  0x0f, 0xf4, 0x10, 0x0e, 0xe3, 0xb0, 0x0e, 0x6d, 0x00, 0x0f, 0xf2, 0xf0,
  0x0e, 0xf4, 0x50, 0x0e, 0xe3, 0x40, 0x0f, 0xef, 0x20, 0x0f, 0x6d, 0x20,
  0x0e, 0xf5, 0x60, 0x0e, 0xe6, 0x50, 0x0e, 0xf2, 0xd0, 0x06, 0xf3, 0x90,
  0x0e, 0xfa, 0x50, 0x0e, 0x00, 0x1e, 0x00, 0x44, 0x3d, 0xb8, 0xc3, 0x3c,
  0x84, 0x83, 0x39, 0x94, 0x43, 0x1b, 0x98, 0x03, 0x3c, 0xb4, 0x41, 0x3b,
  0x84, 0x03, 0x3d, 0xa0, 0x03, 0x40, 0x0f, 0xf2, 0x50, 0x0f, 0xe5, 0x00,
  0x6c, 0x48, 0x9a, 0x00, 0x58, 0x80, 0x2a, 0x48, 0x03, 0x78, 0xd8, 0xb0,
  0x38, 0x02, 0xb0, 0x00, 0x67, 0x00, 0x54, 0x41, 0x1a, 0xc0, 0xc1, 0x06,
  0x1f, 0x79, 0xfe, 0xff, 0xff, 0xff, 0x7f, 0x00, 0x24, 0x80, 0x22, 0xc2,
  0x01, 0x1e, 0xe0, 0x41, 0x1e, 0xde, 0x01, 0x1f, 0xda, 0xc0, 0x1c, 0xea,
  0xc1, 0x1d, 0xc6, 0xa1, 0x0d, 0xcc, 0x01, 0x1e, 0xda, 0xa0, 0x1d, 0xc2,
  0x81, 0x1e, 0xd0, 0x01, 0xa0, 0x07, 0x79, 0xa8, 0x87, 0x72, 0x00, 0x88,
  0x76, 0x48, 0x07, 0x77, 0x68, 0x03, 0x76, 0x28, 0x87, 0x73, 0x08, 0x07,
  0x76, 0x68, 0x03, 0x7b, 0x28, 0x87, 0x71, 0xa0, 0x87, 0x77, 0x90, 0x87,
  0x36, 0xb8, 0x87, 0x74, 0x20, 0x07, 0x7a, 0x40, 0x07, 0xc0, 0x0e, 0xe8,
  0x00, 0x18, 0xdc, 0xe1, 0x1d, 0xda, 0x40, 0x1c, 0xea, 0x21, 0x1d, 0xd8,
  0x81, 0x1e, 0xd2, 0xc1, 0x1d, 0xe6, 0x01, 0x20, 0xdc, 0xe1, 0x1d, 0xda,
  0xc0, 0x1c, 0xe4, 0x21, 0x1c, 0xda, 0xa1, 0x1c, 0xda, 0x00, 0x1e, 0xde,
  0x21, 0x1d, 0xdc, 0x81, 0x1e, 0xca, 0x41, 0x1e, 0xda, 0xa0, 0x1c, 0xd8,
  0x21, 0x1d, 0xda, 0x01, 0xa0, 0x07, 0x79, 0xa8, 0x87, 0x72, 0x00, 0x08,
  0x77, 0x78, 0x87, 0x36, 0x30, 0x07, 0x79, 0x08, 0x87, 0x76, 0x28, 0x87,
  0x36, 0x80, 0x87, 0x77, 0x48, 0x07, 0x77, 0xa0, 0x87, 0x72, 0x90, 0x87,
  0x36, 0x28, 0x07, 0x76, 0x48, 0x87, 0x76, 0x68, 0x03, 0x77, 0x78, 0x07,
  0x77, 0x68, 0x03, 0x76, 0x28, 0x87, 0x70, 0x30, 0x07, 0x80, 0x1e, 0xe4,
  0xa1, 0x1e, 0xca, 0x01, 0x20, 0xdc, 0xe1, 0x1d, 0xda, 0x20, 0x1d, 0xdc,
  0xc1, 0x1c, 0xe6, 0xa1, 0x0d, 0xcc, 0x01, 0x1e, 0xda, 0xa0, 0x1d, 0xc2,
  0x81, 0x1e, 0xd0, 0x01, 0xa0, 0x07, 0x79, 0xa8, 0x87, 0x72, 0x00, 0x08,
  0x77, 0x78, 0x87, 0x36, 0x70, 0x87, 0x70, 0x70, 0x87, 0x79, 0x68, 0x03,
  0x73, 0x80, 0x87, 0x36, 0x68, 0x87, 0x70, 0xa0, 0x07, 0x74, 0x00, 0xe8,
  0x41, 0x1e, 0xea, 0xa1, 0x1c, 0x00, 0xc2, 0x1d, 0xde, 0xa1, 0x0d, 0xe6,
  0x21, 0x1d, 0xce, 0xc1, 0x1d, 0xca, 0x81, 0x1c, 0xda, 0x40, 0x1f, 0xca,
  0x41, 0x1e, 0xde, 0x61, 0x1e, 0xda, 0xc0, 0x1c, 0xe0, 0xa1, 0x0d, 0xda,
  0x21, 0x1c, 0xe8, 0x01, 0x1d, 0x00, 0x7a, 0x90, 0x87, 0x7a, 0x28, 0x07,
  0x80, 0x70, 0x87, 0x77, 0x68, 0x03, 0x7a, 0x90, 0x87, 0x70, 0x80, 0x07,
  0x78, 0x48, 0x07, 0x77, 0x38, 0x87, 0x36, 0x68, 0x87, 0x70, 0xa0, 0x07,
  0x74, 0x00, 0xe8, 0x41, 0x1e, 0xea, 0xa1, 0x1c, 0x00, 0x62, 0x1e, 0xe8,
  0x21, 0x1c, 0xc6, 0x61, 0x1d, 0xda, 0x00, 0x1e, 0xe4, 0xe1, 0x1d, 0xe8,
  0xa1, 0x1c, 0xc6, 0x81, 0x1e, 0xde, 0x41, 0x1e, 0xda, 0x40, 0x1c, 0xea,
  0xc1, 0x1c, 0xcc, 0xa1, 0x1c, 0xe4, 0xa1, 0x0d, 0xe6, 0x21, 0x1d, 0xf4,
  0xa1, 0x1c, 0x00, 0x3c, 0x00, 0x88, 0x7a, 0x70, 0x87, 0x79, 0x08, 0x07,
  0x73, 0x28, 0x87, 0x36, 0x30, 0x07, 0x78, 0x68, 0x83, 0x76, 0x08, 0x07,
  0x7a, 0x40, 0x07, 0x80, 0x1e, 0xe4, 0xa1, 0x1e, 0xca, 0x01, 0xd8, 0xf0,
  0x23, 0xd0, 0xff, 0xff, 0xff, 0xff, 0x0f, 0xc0, 0x1a, 0x00, 0x12, 0x11,
  0x0e, 0xf0, 0x00, 0x0f, 0xf2, 0xf0, 0x0e, 0xf8, 0xd0, 0x06, 0xe6, 0x50,
  0x0f, 0xee, 0x30, 0x0e, 0x6d, 0x60, 0x0e, 0xf0, 0xd0, 0x06, 0xed, 0x10,
  0x0e, 0xf4, 0x80, 0x0e, 0x00, 0x3d, 0xc8, 0x43, 0x3d, 0x94, 0x03, 0x40,
  0xb4, 0x43, 0x3a, 0xb8, 0x43, 0x1b, 0xb0, 0x43, 0x39, 0x9c, 0x43, 0x38,
  0xb0, 0x43, 0x1b, 0xd8, 0x43, 0x39, 0x8c, 0x03, 0x3d, 0xbc, 0x83, 0x3c,
  0xb4, 0xc1, 0x3d, 0xa4, 0x03, 0x39, 0xd0, 0x03, 0x3a, 0x00, 0x71, 0x20,
  0x07, 0x78, 0x00, 0x0c, 0xee, 0xf0, 0x0e, 0x6d, 0x20, 0x0e, 0xf5, 0x90,
  0x0e, 0xec, 0x40, 0x0f, 0xe9, 0xe0, 0x0e, 0xf3, 0x00, 0x10, 0xee, 0xf0,
  0x0e, 0x6d, 0x60, 0x0e, 0xf2, 0x10, 0x0e, 0xed, 0x50, 0x0e, 0x6d, 0x00,
  0x0f, 0xef, 0x90, 0x0e, 0xee, 0x40, 0x0f, 0xe5, 0x20, 0x0f, 0x6d, 0x50,
  0x0e, 0xec, 0x90, 0x0e, 0xed, 0x00, 0xd0, 0x83, 0x3c, 0xd4, 0x43, 0x39,
  0x00, 0x84, 0x3b, 0xbc, 0x43, 0x1b, 0x98, 0x83, 0x3c, 0x84, 0x43, 0x3b,
  0x94, 0x43, 0x1b, 0xc0, 0xc3, 0x3b, 0xa4, 0x83, 0x3b, 0xd0, 0x43, 0x39,
  0xc8, 0x43, 0x1b, 0x94, 0x03, 0x3b, 0xa4, 0x43, 0x3b, 0xb4, 0x81, 0x3b,
  0xbc, 0x83, 0x3b, 0xb4, 0x01, 0x3b, 0x94, 0x43, 0x38, 0x98, 0x03, 0x40,
  0x0f, 0xf2, 0x50, 0x0f, 0xe5, 0x00, 0x10, 0xee, 0xf0, 0x0e, 0x6d, 0x90,
  0x0e, 0xee, 0x60, 0x0e, 0xf3, 0xd0, 0x06, 0xe6, 0x00, 0x0f, 0x6d, 0xd0,
  0x0e, 0xe1, 0x40, 0x0f, 0xe8, 0x00, 0xd0, 0x83, 0x3c, 0xd4, 0x43, 0x39,
  0x00, 0x84, 0x3b, 0xbc, 0x43, 0x1b, 0xb8, 0x43, 0x38, 0xb8, 0xc3, 0x3c,
  0xb4, 0x81, 0x39, 0xc0, 0x43, 0x1b, 0xb4, 0x43, 0x38, 0xd0, 0x03, 0x3a,
  0x00, 0xf4, 0x20, 0x0f, 0xf5, 0x50, 0x0e, 0x00, 0xe1, 0x0e, 0xef, 0xd0,
  0x06, 0xf3, 0x90, 0x0e, 0xe7, 0xe0, 0x0e, 0xe5, 0x40, 0x0e, 0x6d, 0xa0,
  0x0f, 0xe5, 0x20, 0x0f, 0xef, 0x30, 0x0f, 0x6d, 0x60, 0x0e, 0xf0, 0xd0,
  0x06, 0xed, 0x10, 0x0e, 0xf4, 0x80, 0x0e, 0x00, 0x3d, 0xc8, 0x43, 0x3d,
  0x94, 0x03, 0x40, 0xb8, 0xc3, 0x3b, 0xb4, 0x01, 0x3d, 0xc8, 0x43, 0x38,
  0xc0, 0x03, 0x3c, 0xa4, 0x83, 0x3b, 0x9c, 0x43, 0x1b, 0xb4, 0x43, 0x38,
  0xd0, 0x03, 0x3a, 0x00, 0xf4, 0x20, 0x0f, 0xf5, 0x50, 0x0e, 0x00, 0x31,
  0x0f, 0xf4, 0x10, 0x0e, 0xe3, 0xb0, 0x0e, 0x6d, 0x00, 0x0f, 0xf2, 0xf0,
  0x0e, 0xf4, 0x50, 0x0e, 0xe3, 0x40, 0x0f, 0xef, 0x20, 0x0f, 0x6d, 0x20,
  0x0e, 0xf5, 0x60, 0x0e, 0xe6, 0x50, 0x0e, 0xf2, 0xd0, 0x06, 0xf3, 0x90,
  0x0e, 0xfa, 0x50, 0x0e, 0x00, 0x1e, 0x00, 0x44, 0x3d, 0xb8, 0xc3, 0x3c,
  0x84, 0x83, 0x39, 0x94, 0x43, 0x1b, 0x98, 0x03, 0x3c, 0xb4, 0x41, 0x3b,
  0x84, 0x03, 0x3d, 0xa0, 0x03, 0x40, 0x0f, 0xf2, 0x50, 0x0f, 0xe5, 0x00,
  0x6c, 0x20, 0xa2, 0xff, 0xff, 0xff, 0xff, 0x1f, 0x00, 0x69, 0x83, 0x8f,
  0x48, 0xff, 0xff, 0xff, 0xff, 0x3f, 0x00, 0x6b, 0x00, 0x48, 0x44, 0x38,
  0xc0, 0x03, 0x3c, 0xc8, 0xc3, 0x3b, 0xe0, 0x43, 0x1b, 0x98, 0x43, 0x3d,
  0xb8, 0xc3, 0x38, 0xb4, 0x81, 0x39, 0xc0, 0x43, 0x1b, 0xb4, 0x43, 0x38,
  0xd0, 0x03, 0x3a, 0x00, 0xf4, 0x20, 0x0f, 0xf5, 0x50, 0x0e, 0x00, 0xd1,
  0x0e, 0xe9, 0xe0, 0x0e, 0x6d, 0xc0, 0x0e, 0xe5, 0x70, 0x0e, 0xe1, 0xc0,
  0x0e, 0x6d, 0x60, 0x0f, 0xe5, 0x30, 0x0e, 0xf4, 0xf0, 0x0e, 0xf2, 0xd0,
  0x06, 0xf7, 0x90, 0x0e, 0xe4, 0x40, 0x0f, 0xe8, 0x00, 0xe4, 0x81, 0x1d,
  0x00, 0x83, 0x3b, 0xbc, 0x43, 0x1b, 0x88, 0x43, 0x3d, 0xa4, 0x03, 0x3b,
  0xd0, 0x43, 0x3a, 0xb8, 0xc3, 0x3c, 0x00, 0x84, 0x3b, 0xbc, 0x43, 0x1b,
  0x98, 0x83, 0x3c, 0x84, 0x43, 0x3b, 0x94, 0x43, 0x1b, 0xc0, 0xc3, 0x3b,
  0xa4, 0x83, 0x3b, 0xd0, 0x43, 0x39, 0xc8, 0x43, 0x1b, 0x94, 0x03, 0x3b,
  0xa4, 0x43, 0x3b, 0x00, 0xf4, 0x20, 0x0f, 0xf5, 0x50, 0x0e, 0x00, 0xe1,
  0x0e, 0xef, 0xd0, 0x06, 0xe6, 0x20, 0x0f, 0xe1, 0xd0, 0x0e, 0xe5, 0xd0,
  0x06, 0xf0, 0xf0, 0x0e, 0xe9, 0xe0, 0x0e, 0xf4, 0x50, 0x0e, 0xf2, 0xd0,
  0x06, 0xe5, 0xc0, 0x0e, 0xe9, 0xd0, 0x0e, 0x6d, 0xe0, 0x0e, 0xef, 0xe0,
  0x0e, 0x6d, 0xc0, 0x0e, 0xe5, 0x10, 0x0e, 0xe6, 0x00, 0xd0, 0x83, 0x3c,
  0xd4, 0x43, 0x39, 0x00, 0x84, 0x3b, 0xbc, 0x43, 0x1b, 0xa4, 0x83, 0x3b,
  0x98, 0xc3, 0x3c, 0xb4, 0x81, 0x39, 0xc0, 0x43, 0x1b, 0xb4, 0x43, 0x38,
  0xd0, 0x03, 0x3a, 0x00, 0xf4, 0x20, 0x0f, 0xf5, 0x50, 0x0e, 0x00, 0xe1,
  0x0e, 0xef, 0xd0, 0x06, 0xee, 0x10, 0x0e, 0xee, 0x30, 0x0f, 0x6d, 0x60,
  0x0e, 0xf0, 0xd0, 0x06, 0xed, 0x10, 0x0e, 0xf4, 0x80, 0x0e, 0x00, 0x3d,
  0xc8, 0x43, 0x3d, 0x94, 0x03, 0x40, 0xb8, 0xc3, 0x3b, 0xb4, 0xc1, 0x3c,
  0xa4, 0xc3, 0x39, 0xb8, 0x43, 0x39, 0x90, 0x43, 0x1b, 0xe8, 0x43, 0x39,
  0xc8, 0xc3, 0x3b, 0xcc, 0x43, 0x1b, 0x98, 0x03, 0x3c, 0xb4, 0x41, 0x3b,
  0x84, 0x03, 0x3d, 0xa0, 0x03, 0x40, 0x0f, 0xf2, 0x50, 0x0f, 0xe5, 0x00,
  0x10, 0xee, 0xf0, 0x0e, 0x6d, 0x40, 0x0f, 0xf2, 0x10, 0x0e, 0xf0, 0x00,
  0x0f, 0xe9, 0xe0, 0x0e, 0xe7, 0xd0, 0x06, 0xed, 0x10, 0x0e, 0xf4, 0x80,
  0x0e, 0x00, 0x3d, 0xc8, 0x43, 0x3d, 0x94, 0x03, 0x40, 0xcc, 0x03, 0x3d,
  0x84, 0xc3, 0x38, 0xac, 0x43, 0x1b, 0xc0, 0x83, 0x3c, 0xbc, 0x03, 0x3d,
  0x94, 0xc3, 0x38, 0xd0, 0xc3, 0x3b, 0xc8, 0x43, 0x1b, 0x88, 0x43, 0x3d,
  0x98, 0x83, 0x39, 0x94, 0x83, 0x3c, 0xb4, 0xc1, 0x3c, 0xa4, 0x83, 0x3e,
  0x94, 0x03, 0x80, 0x07, 0x00, 0x51, 0x0f, 0xee, 0x30, 0x0f, 0xe1, 0x60,
  0x0e, 0xe5, 0xd0, 0x06, 0xe6, 0x00, 0x0f, 0x6d, 0xd0, 0x0e, 0xe1, 0x40,
  0x0f, 0xe8, 0x00, 0xd0, 0x83, 0x3c, 0xd4, 0x43, 0x39, 0x00, 0x1b, 0xa6,
  0xe9, 0xff, 0xff, 0xff, 0xff, 0x07, 0x60, 0x0d, 0x00, 0x65, 0x70, 0x87,
  0x77, 0x68, 0x03, 0x71, 0xa8, 0x87, 0x74, 0x60, 0x07, 0x7a, 0x48, 0x07,
  0x77, 0x98, 0x07, 0x60, 0x43, 0x41, 0x05, 0x41, 0x1a, 0xc0, 0xc3, 0x06,
  0xa2, 0xfa, 0xff, 0xff, 0xff, 0xff, 0x01, 0x90, 0x36, 0x18, 0xd6, 0xff,
  0xff, 0xff, 0xff, 0x0f, 0x80, 0x04, 0x50, 0x1b, 0x8e, 0x4b, 0x00, 0xce,
  0x20, 0x48, 0x03, 0x38, 0xd8, 0x60, 0x60, 0xff, 0xff, 0xff, 0xff, 0x3f,
  0x00, 0x6b, 0x00, 0x48, 0x1b, 0xa2, 0xec, 0xff, 0xff, 0xff, 0xff, 0x07,
  0x40, 0x19, 0xdc, 0xe1, 0x1d, 0xda, 0x40, 0x1c, 0xea, 0x21, 0x1d, 0xd8,
  0x81, 0x1e, 0xd2, 0xc1, 0x1d, 0xe6, 0x01, 0xd8, 0xa0, 0x68, 0xff, 0xff,
  0xff, 0xff, 0x3f, 0x00, 0x6d, 0x00, 0xac, 0x01, 0x20, 0x01, 0xd5, 0x06,
  0x64, 0xfb, 0xff, 0xff, 0xff, 0xff, 0x01, 0x68, 0x03, 0x40, 0x02, 0x2a,
  0x00, 0x49, 0x18, 0x00, 0x00, 0x12, 0x00, 0x00, 0x00, 0x13, 0x86, 0x40,
  0x18, 0x26, 0x04, 0xc4, 0x04, 0xa1, 0x30, 0x26, 0x0c, 0x07, 0x62, 0x4c,
  0x10, 0x12, 0x63, 0x82, 0xa0, 0x20, 0x13, 0x82, 0x65, 0xc2, 0xc0, 0x34,
  0xce, 0x84, 0xe0, 0x99, 0x20, 0x40, 0xc6, 0x84, 0x20, 0x9a, 0x20, 0x48,
  0xcd, 0x04, 0x61, 0xa2, 0x26, 0x04, 0xd5, 0x84, 0x60, 0x9a, 0x10, 0x58,
  0x13, 0x86, 0x89, 0xba, 0x26, 0x04, 0xd8, 0x84, 0x20, 0x9b, 0x30, 0x68,
  0x88, 0x31, 0x41, 0xd8, 0x10, 0x00, 0x00, 0x00, 0x00, 0x89, 0x20, 0x00,
  0x00, 0x4f, 0x00, 0x00, 0x00, 0x32, 0x22, 0xc8, 0x09, 0x20, 0x64, 0x85,
  0x04, 0x93, 0x23, 0xa4, 0x84, 0x04, 0x93, 0x23, 0xe3, 0x84, 0xa1, 0x90,
  0x14, 0x12, 0x4c, 0x8e, 0x8c, 0x0b, 0x84, 0xe4, 0x4c, 0x10, 0xa4, 0xc2,
  0x0c, 0xc0, 0x30, 0x02, 0x01, 0x0c, 0x23, 0x08, 0xc0, 0x1c, 0x01, 0x18,
  0xa4, 0x01, 0xe0, 0x1e, 0x69, 0x8a, 0x28, 0x61, 0xf2, 0xdd, 0x06, 0x29,
  0x9c, 0x88, 0x91, 0xd0, 0x33, 0x18, 0x0c, 0x06, 0x04, 0x82, 0x40, 0x00,
  0x00, 0x00, 0x00, 0x00, 0xc0, 0x60, 0x10, 0xa1, 0x10, 0x8e, 0x92, 0xa6,
  0x88, 0x12, 0x26, 0xff, 0x9f, 0x88, 0x6b, 0xa2, 0x22, 0xe2, 0xb7, 0x87,
  0x7f, 0x1a, 0x23, 0x00, 0x06, 0x11, 0x8e, 0xe0, 0x22, 0x69, 0x8a, 0x28,
  0x61, 0xf2, 0x7f, 0x09, 0x60, 0x9e, 0x85, 0x88, 0xfe, 0x69, 0x8c, 0x00,
  0x18, 0x44, 0x48, 0x84, 0x82, 0x04, 0x02, 0x02, 0x81, 0xc0, 0x80, 0x50,
  0xd0, 0x62, 0x18, 0x61, 0x00, 0xca, 0xd0, 0x68, 0x34, 0xc8, 0x51, 0x88,
  0x00, 0x42, 0x21, 0x20, 0xc8, 0x1c, 0x41, 0x30, 0x8c, 0x20, 0x0c, 0x25,
  0x09, 0x20, 0x14, 0x02, 0xc9, 0x44, 0x02, 0x18, 0x10, 0xa5, 0x08, 0x00,
  0x00, 0x59, 0x8a, 0x00, 0x18, 0x10, 0xa6, 0x08, 0x02, 0x01, 0x69, 0xca,
  0x30, 0x40, 0x0c, 0x88, 0x53, 0x06, 0x00, 0x00, 0x40, 0x9e, 0x32, 0x00,
  0x04, 0x02, 0x02, 0xcd, 0x11, 0x20, 0x89, 0x20, 0xba, 0x4a, 0x9a, 0x22,
  0x4a, 0x98, 0xfc, 0x15, 0x90, 0x26, 0x22, 0x42, 0x32, 0x22, 0xea, 0x80,
  0x09, 0x40, 0x45, 0x40, 0x20, 0x10, 0x8c, 0x88, 0x54, 0x06, 0x80, 0xa1,
  0x44, 0xa6, 0x42, 0x00, 0x00, 0x00, 0x00, 0xa1, 0x0a, 0x11, 0x08, 0x04,
  0x02, 0xa4, 0x2a, 0x83, 0x40, 0x20, 0x20, 0x56, 0x21, 0x00, 0x02, 0x01,
  0x80, 0x5c, 0x65, 0x10, 0x08, 0x00, 0x04, 0x2b, 0x05, 0x00, 0xa1, 0x10,
  0x00, 0x48, 0x36, 0x02, 0x50, 0x02, 0x1a, 0xd5, 0xca, 0x00, 0x30, 0x08,
  0xe8, 0x36, 0x10, 0x90, 0x02, 0x83, 0x39, 0x02, 0x50, 0xa0, 0x00, 0x09,
  0xa6, 0x00, 0x06, 0x11, 0x06, 0x61, 0x10, 0x01, 0x10, 0x86, 0x11, 0x88,
  0x61, 0x18, 0x61, 0x18, 0x06, 0x11, 0x04, 0x61, 0x18, 0x61, 0x90, 0x92,
  0x00, 0x40, 0x45, 0x12, 0x11, 0x00, 0x00, 0x00, 0x00, 0x13, 0xaa, 0x70,
  0x48, 0x07, 0x79, 0xb0, 0x03, 0x3a, 0x68, 0x83, 0x70, 0x80, 0x07, 0x78,
  0x60, 0x87, 0x72, 0x68, 0x83, 0x74, 0x78, 0x87, 0x79, 0x88, 0x03, 0x39,
  0x70, 0x03, 0x38, 0x70, 0x03, 0x38, 0xd8, 0x70, 0x1b, 0xe5, 0xd0, 0x06,
  0xf0, 0xa0, 0x07, 0x76, 0x40, 0x07, 0x7a, 0x60, 0x07, 0x74, 0xa0, 0x07,
  0x76, 0x40, 0x07, 0x6d, 0x90, 0x0e, 0x71, 0xa0, 0x07, 0x78, 0xa0, 0x07,
  0x78, 0xd0, 0x06, 0xe9, 0x80, 0x07, 0x7a, 0x80, 0x07, 0x7a, 0x80, 0x07,
  0x6d, 0x90, 0x0e, 0x71, 0x60, 0x07, 0x7a, 0x10, 0x07, 0x76, 0xa0, 0x07,
  0x71, 0x60, 0x07, 0x6d, 0x90, 0x0e, 0x73, 0x20, 0x07, 0x7a, 0x30, 0x07,
  0x72, 0xa0, 0x07, 0x73, 0x20, 0x07, 0x6d, 0x90, 0x0e, 0x76, 0x40, 0x07,
  0x7a, 0x60, 0x07, 0x74, 0xa0, 0x07, 0x76, 0x40, 0x07, 0x6d, 0x60, 0x0e,
  0x73, 0x20, 0x07, 0x7a, 0x30, 0x07, 0x72, 0xa0, 0x07, 0x73, 0x20, 0x07,
  0x6d, 0x60, 0x0e, 0x76, 0x40, 0x07, 0x7a, 0x60, 0x07, 0x74, 0xa0, 0x07,
  0x76, 0x40, 0x07, 0x6d, 0x60, 0x0f, 0x71, 0x60, 0x07, 0x7a, 0x10, 0x07,
  0x76, 0xa0, 0x07, 0x71, 0x60, 0x07, 0x6d, 0x60, 0x0f, 0x72, 0x40, 0x07,
  0x7a, 0x30, 0x07, 0x72, 0xa0, 0x07, 0x73, 0x20, 0x07, 0x6d, 0x60, 0x0f,
  0x73, 0x20, 0x07, 0x7a, 0x30, 0x07, 0x72, 0xa0, 0x07, 0x73, 0x20, 0x07,
  0x6d, 0x60, 0x0f, 0x74, 0x80, 0x07, 0x7a, 0x60, 0x07, 0x74, 0xa0, 0x07,
  0x76, 0x40, 0x07, 0x6d, 0x60, 0x0f, 0x76, 0x40, 0x07, 0x7a, 0x60, 0x07,
  0x74, 0xa0, 0x07, 0x76, 0x40, 0x07, 0x6d, 0x60, 0x0f, 0x79, 0x60, 0x07,
  0x7a, 0x10, 0x07, 0x72, 0x80, 0x07, 0x7a, 0x10, 0x07, 0x72, 0x80, 0x07,
  0x6d, 0x60, 0x0f, 0x71, 0x20, 0x07, 0x78, 0xa0, 0x07, 0x71, 0x20, 0x07,
  0x78, 0xa0, 0x07, 0x71, 0x20, 0x07, 0x78, 0xd0, 0x06, 0xf6, 0x10, 0x07,
  0x79, 0x20, 0x07, 0x7a, 0x20, 0x07, 0x75, 0x60, 0x07, 0x7a, 0x20, 0x07,
  0x75, 0x60, 0x07, 0x6d, 0x60, 0x0f, 0x72, 0x50, 0x07, 0x76, 0xa0, 0x07,
  0x72, 0x50, 0x07, 0x76, 0xa0, 0x07, 0x72, 0x50, 0x07, 0x76, 0xd0, 0x06,
  0xf6, 0x50, 0x07, 0x71, 0x20, 0x07, 0x7a, 0x50, 0x07, 0x71, 0x20, 0x07,
  0x7a, 0x50, 0x07, 0x71, 0x20, 0x07, 0x6d, 0x60, 0x0f, 0x71, 0x00, 0x07,
  0x72, 0x40, 0x07, 0x7a, 0x10, 0x07, 0x70, 0x20, 0x07, 0x74, 0xa0, 0x07,
  0x71, 0x00, 0x07, 0x72, 0x40, 0x07, 0x6d, 0xe0, 0x0e, 0x78, 0xa0, 0x07,
  0x71, 0x60, 0x07, 0x7a, 0x30, 0x07, 0x72, 0xa0, 0x11, 0xc2, 0x90, 0x50,
  0x11, 0x01, 0x06, 0x43, 0x34, 0x13, 0x7b, 0x00, 0x03, 0x11, 0x69, 0xda,
  0x90, 0x08, 0x80, 0x16, 0x00, 0x00, 0x02, 0x00, 0x00, 0x00, 0x01, 0x00,
  0x00, 0x00, 0x18, 0x12, 0x41, 0x92, 0x03, 0x04, 0x80, 0x00, 0x00, 0x00,
  0x20, 0x00, 0x00, 0x00, 0x00, 0x43, 0x22, 0x31, 0x70, 0x05, 0x08, 0x01,
  0x86, 0x01, 0x00, 0x00, 0x20, 0x00, 0x00, 0x00, 0x00, 0x86, 0x44, 0xf0,
  0xb0, 0x51, 0x40, 0x00, 0x10, 0x00, 0x00, 0x00, 0x02, 0x00, 0x00, 0x00,
  0x30, 0x24, 0x5a, 0x89, 0x58, 0x80, 0x10, 0x60, 0x28, 0x00, 0x00, 0x00,
  0x02, 0x00, 0x00, 0x00, 0x60, 0x48, 0xc4, 0x1b, 0x91, 0x05, 0x04, 0x80,
  0x00, 0x00, 0x00, 0x20, 0x00, 0x00, 0x00, 0x00, 0x43, 0xa2, 0xf6, 0xb8,
  0x30, 0x20, 0x00, 0x04, 0x00, 0x00, 0x00, 0x01, 0x00, 0x00, 0x00, 0x18,
  0x12, 0x91, 0x08, 0xa5, 0x01, 0x01, 0x20, 0x00, 0x00, 0x00, 0x08, 0x00,
  0x00, 0x00, 0xc0, 0x90, 0x08, 0x47, 0x2e, 0x0c, 0x08, 0x00, 0x01, 0x00,
  0x00, 0x40, 0x00, 0x00, 0x00, 0x00, 0x86, 0x44, 0x6f, 0x92, 0x71, 0x40,
  0x00, 0x18, 0x00, 0x00, 0x00, 0x02, 0x00, 0x00, 0x00, 0x30, 0x24, 0x42,
  0x15, 0x8c, 0x03, 0x02, 0xc0, 0x00, 0x00, 0x00, 0x10, 0x00, 0x00, 0x00,
  0x80, 0x21, 0x11, 0xb8, 0x44, 0x1e, 0x10, 0x00, 0x02, 0x00, 0x00, 0x80,
  0x00, 0x00, 0x00, 0x00, 0x0c, 0x89, 0xe2, 0x25, 0xb2, 0x80, 0x00, 0x10,
  0x00, 0x00, 0x00, 0x04, 0x00, 0x00, 0x00, 0x60, 0x48, 0x24, 0x32, 0x0d,
  0x18, 0x00, 0x01, 0x20, 0x00, 0x00, 0x00, 0x08, 0x00, 0x00, 0x00, 0xc0,
  0x90, 0xe8, 0x65, 0x1c, 0x0d, 0x08, 0x80, 0x03, 0x00, 0x00, 0x40, 0x00,
  0x00, 0x00, 0x00, 0x86, 0x44, 0x3d, 0xe3, 0x68, 0x40, 0x00, 0x1c, 0x00,
  0x00, 0x00, 0x02, 0x00, 0x00, 0x00, 0x30, 0x24, 0x5a, 0x1b, 0x3c, 0x30,
  0x03, 0x04, 0x18, 0x10, 0x00, 0x00, 0x80, 0x00, 0x00, 0x00, 0x00, 0x18,
  0x12, 0x8d, 0x8f, 0x84, 0x06, 0x40, 0x00, 0x08, 0x00, 0x00, 0x00, 0x02,
  0x00, 0x00, 0x00, 0x30, 0x24, 0xaa, 0x1f, 0xc9, 0x02, 0x02, 0x40, 0x00,
  0x00, 0x00, 0x10, 0x00, 0x00, 0x00, 0x80, 0x21, 0xd1, 0x09, 0x39, 0x16,
  0x10, 0x00, 0x07, 0x00, 0x00, 0x80, 0x00, 0x00, 0x00, 0x00, 0x0c, 0x89,
  0x6a, 0x28, 0xf2, 0x80, 0x00, 0x10, 0x00, 0x00, 0x00, 0x04, 0x00, 0x00,
  0x00, 0x60, 0x48, 0x64, 0x46, 0x91, 0x07, 0x04, 0x80, 0x00, 0x00, 0x00,
  0x20, 0x00, 0x00, 0x00, 0x00, 0x43, 0xa2, 0x3b, 0x6a, 0xd4, 0x00, 0x08,
  0x00, 0x01, 0x00, 0x00, 0x40, 0x00, 0x00, 0x00, 0x00, 0x86, 0x44, 0xa4,
  0x54, 0x59, 0x40, 0x00, 0x08, 0x00, 0x00, 0x00, 0x02, 0x00, 0x00, 0x00,
  0x30, 0x24, 0xca, 0xa5, 0x89, 0x0d, 0x80, 0x00, 0x10, 0x00, 0x00, 0x00,
  0x04, 0x00, 0x00, 0x00, 0x60, 0x48, 0xc4, 0x4e, 0x93, 0x06, 0x04, 0x80,
  0x00, 0x00, 0x00, 0x20, 0x00, 0x00, 0x00, 0x00, 0x43, 0xa2, 0x7f, 0x82,
  0x2c, 0x20, 0x00, 0x04, 0x00, 0x00, 0x00, 0x01, 0x00, 0x00, 0x00, 0x18,
  0x12, 0xbd, 0x14, 0x64, 0x01, 0x01, 0x20, 0x00, 0x00, 0x00, 0x08, 0x00,
  0x00, 0x00, 0xc0, 0x90, 0xe8, 0xa7, 0x2e, 0x37, 0x40, 0x80, 0x21, 0x01,
  0x00, 0x00, 0x08, 0x00, 0x00, 0x00, 0x80, 0x21, 0x91, 0x5d, 0x55, 0x70,
  0x80, 0x00, 0x43, 0x02, 0x00, 0x00, 0x10, 0x00, 0x00, 0x00, 0x00, 0x43,
  0xa2, 0xd5, 0x82, 0x2c, 0x20, 0x00, 0x04, 0x00, 0x00, 0x00, 0x01, 0x00,
  0x00, 0x00, 0x18, 0x12, 0xed, 0xd6, 0x82, 0x06, 0x40, 0x00, 0x08, 0x00,
  0x00, 0x00, 0x02, 0x00, 0x00, 0x00, 0x30, 0x24, 0x32, 0xaf, 0x50, 0x90,
  0x03, 0x04, 0x18, 0x14, 0x00, 0x00, 0x80, 0x00, 0x00, 0x00, 0x00, 0x18,
  0x12, 0x9d, 0x19, 0x55, 0x07, 0x40, 0x00, 0x2c, 0x00, 0x00, 0x00, 0x02,
  0x00, 0x00, 0x00, 0x30, 0x24, 0xda, 0xb3, 0x36, 0xb8, 0x03, 0x04, 0x18,
  0x18, 0x00, 0x00, 0x80, 0x00, 0x00, 0x00, 0x00, 0x90, 0xd8, 0x20, 0x50,
  0x54, 0x93, 0x02, 0x00, 0x20, 0x0b, 0x04, 0x00, 0x00, 0x19, 0x00, 0x00,
  0x00, 0x32, 0x1e, 0x98, 0x1c, 0x19, 0x11, 0x4c, 0x90, 0x8c, 0x09, 0x26,
  0x47, 0xc6, 0x04, 0x43, 0x1a, 0x14, 0x41, 0x09, 0x14, 0xc2, 0x08, 0x40,
  0x19, 0x14, 0x78, 0x40, 0x41, 0x14, 0x46, 0x81, 0x14, 0x43, 0x41, 0x15,
  0x60, 0x40, 0x41, 0x06, 0x14, 0x68, 0x40, 0xa1, 0x06, 0x14, 0x6c, 0x40,
  0xe1, 0x06, 0x14, 0x70, 0x40, 0x21, 0x07, 0x14, 0x74, 0x40, 0x29, 0xd0,
  0x6e, 0x04, 0xa0, 0x10, 0x0a, 0xa2, 0x30, 0x0a, 0xa4, 0xa0, 0x0a, 0x30,
  0xa0, 0x20, 0x03, 0x0a, 0x34, 0xa0, 0x50, 0x03, 0x0a, 0x36, 0xa0, 0x70,
  0x03, 0x0a, 0x38, 0xa0, 0x90, 0x03, 0x0a, 0x3a, 0x80, 0x74, 0x63, 0x09,
  0x9a, 0x00, 0x00, 0x00, 0x00, 0xb1, 0x18, 0x00, 0x00, 0xa5, 0x00, 0x00,
  0x00, 0x33, 0x08, 0x80, 0x1c, 0xc4, 0xe1, 0x1c, 0x66, 0x14, 0x01, 0x3d,
  0x88, 0x43, 0x38, 0x84, 0xc3, 0x8c, 0x42, 0x80, 0x07, 0x79, 0x78, 0x07,
  0x73, 0x98, 0x71, 0x0c, 0xe6, 0x00, 0x0f, 0xed, 0x10, 0x0e, 0xf4, 0x80,
  0x0e, 0x33, 0x0c, 0x42, 0x1e, 0xc2, 0xc1, 0x1d, 0xce, 0xa1, 0x1c, 0x66,
  0x30, 0x05, 0x3d, 0x88, 0x43, 0x38, 0x84, 0x83, 0x1b, 0xcc, 0x03, 0x3d,
  0xc8, 0x43, 0x3d, 0x8c, 0x03, 0x3d, 0xcc, 0x78, 0x8c, 0x74, 0x70, 0x07,
  0x7b, 0x08, 0x07, 0x79, 0x48, 0x87, 0x70, 0x70, 0x07, 0x7a, 0x70, 0x03,
  0x76, 0x78, 0x87, 0x70, 0x20, 0x87, 0x19, 0xcc, 0x11, 0x0e, 0xec, 0x90,
  0x0e, 0xe1, 0x30, 0x0f, 0x6e, 0x30, 0x0f, 0xe3, 0xf0, 0x0e, 0xf0, 0x50,
  0x0e, 0x33, 0x10, 0xc4, 0x1d, 0xde, 0x21, 0x1c, 0xd8, 0x21, 0x1d, 0xc2,
  0x61, 0x1e, 0x66, 0x30, 0x89, 0x3b, 0xbc, 0x83, 0x3b, 0xd0, 0x43, 0x39,
  0xb4, 0x03, 0x3c, 0xbc, 0x83, 0x3c, 0x84, 0x03, 0x3b, 0xcc, 0xf0, 0x14,
  0x76, 0x60, 0x07, 0x7b, 0x68, 0x07, 0x37, 0x68, 0x87, 0x72, 0x68, 0x07,
  0x37, 0x80, 0x87, 0x70, 0x90, 0x87, 0x70, 0x60, 0x07, 0x76, 0x28, 0x07,
  0x76, 0xf8, 0x05, 0x76, 0x78, 0x87, 0x77, 0x80, 0x87, 0x5f, 0x08, 0x87,
  0x71, 0x18, 0x87, 0x72, 0x98, 0x87, 0x79, 0x98, 0x81, 0x2c, 0xee, 0xf0,
  0x0e, 0xee, 0xe0, 0x0e, 0xf5, 0xc0, 0x0e, 0xec, 0x30, 0x03, 0x62, 0xc8,
  0xa1, 0x1c, 0xe4, 0xa1, 0x1c, 0xcc, 0xa1, 0x1c, 0xe4, 0xa1, 0x1c, 0xdc,
  0x61, 0x1c, 0xca, 0x21, 0x1c, 0xc4, 0x81, 0x1d, 0xca, 0x61, 0x06, 0xd6,
  0x90, 0x43, 0x39, 0xc8, 0x43, 0x39, 0x98, 0x43, 0x39, 0xc8, 0x43, 0x39,
  0xb8, 0xc3, 0x38, 0x94, 0x43, 0x38, 0x88, 0x03, 0x3b, 0x94, 0xc3, 0x2f,
  0xbc, 0x83, 0x3c, 0xfc, 0x82, 0x3b, 0xd4, 0x03, 0x3b, 0xb0, 0xc3, 0x0c,
  0xc7, 0x69, 0x87, 0x70, 0x58, 0x87, 0x72, 0x70, 0x83, 0x74, 0x68, 0x07,
  0x78, 0x60, 0x87, 0x74, 0x18, 0x87, 0x74, 0xa0, 0x87, 0x19, 0xce, 0x53,
  0x0f, 0xee, 0x00, 0x0f, 0xf2, 0x50, 0x0e, 0xe4, 0x90, 0x0e, 0xe3, 0x40,
  0x0f, 0xe1, 0x20, 0x0e, 0xec, 0x50, 0x0e, 0x33, 0x20, 0x28, 0x1d, 0xdc,
  0xc1, 0x1e, 0xc2, 0x41, 0x1e, 0xd2, 0x21, 0x1c, 0xdc, 0x81, 0x1e, 0xdc,
  0xe0, 0x1c, 0xe4, 0xe1, 0x1d, 0xea, 0x01, 0x1e, 0x66, 0x18, 0x51, 0x38,
  0xb0, 0x43, 0x3a, 0x9c, 0x83, 0x3b, 0xcc, 0x50, 0x24, 0x76, 0x60, 0x07,
  0x7b, 0x68, 0x07, 0x37, 0x60, 0x87, 0x77, 0x78, 0x07, 0x78, 0x98, 0x51,
  0x4c, 0xf4, 0x90, 0x0f, 0xf0, 0x50, 0x0e, 0x33, 0x1e, 0x6a, 0x1e, 0xca,
  0x61, 0x1c, 0xe8, 0x21, 0x1d, 0xde, 0xc1, 0x1d, 0x7e, 0x01, 0x1e, 0xe4,
  0xa1, 0x1c, 0xcc, 0x21, 0x1d, 0xf0, 0x61, 0x06, 0x54, 0x85, 0x83, 0x38,
  0xcc, 0xc3, 0x3b, 0xb0, 0x43, 0x3d, 0xd0, 0x43, 0x39, 0xfc, 0xc2, 0x3c,
  0xe4, 0x43, 0x3b, 0x88, 0xc3, 0x3b, 0xb0, 0xc3, 0x8c, 0xc5, 0x0a, 0x87,
  0x79, 0x98, 0x87, 0x77, 0x18, 0x87, 0x74, 0x08, 0x07, 0x7a, 0x28, 0x07,
  0x72, 0x98, 0x81, 0x5c, 0xe3, 0x10, 0x0e, 0xec, 0xc0, 0x0e, 0xe5, 0x50,
  0x0e, 0xf3, 0x30, 0x23, 0xc1, 0xd2, 0x41, 0x1e, 0xe4, 0xe1, 0x17, 0xd8,
  0xe1, 0x1d, 0xde, 0x01, 0x1e, 0x66, 0x48, 0x19, 0x3b, 0xb0, 0x83, 0x3d,
  0xb4, 0x83, 0x1b, 0x84, 0xc3, 0x38, 0x8c, 0x43, 0x39, 0xcc, 0xc3, 0x3c,
  0xb8, 0xc1, 0x39, 0xc8, 0xc3, 0x3b, 0xd4, 0x03, 0x3c, 0xcc, 0x48, 0xb4,
  0x71, 0x08, 0x07, 0x76, 0x60, 0x07, 0x71, 0x08, 0x87, 0x71, 0x58, 0x87,
  0x19, 0xdb, 0xc6, 0x0e, 0xec, 0x60, 0x0f, 0xed, 0xe0, 0x06, 0xf0, 0x20,
  0x0f, 0xe5, 0x30, 0x0f, 0xe5, 0x20, 0x0f, 0xf6, 0x50, 0x0e, 0x6e, 0x10,
  0x0e, 0xe3, 0x30, 0x0e, 0xe5, 0x30, 0x0f, 0xf3, 0xe0, 0x06, 0xe9, 0xe0,
  0x0e, 0xe4, 0x50, 0x0e, 0xf8, 0x30, 0x23, 0xe2, 0xec, 0x61, 0x1c, 0xc2,
  0x81, 0x1d, 0xd8, 0xe1, 0x17, 0xec, 0x21, 0x1d, 0xe6, 0x21, 0x1d, 0xc4,
  0x21, 0x1d, 0xd8, 0x21, 0x1d, 0xe8, 0x21, 0x1f, 0x66, 0x20, 0x9d, 0x3b,
  0xbc, 0x43, 0x3d, 0xb8, 0x03, 0x39, 0x94, 0x83, 0x39, 0xcc, 0x58, 0xbc,
  0x70, 0x70, 0x07, 0x77, 0x78, 0x07, 0x7a, 0x08, 0x07, 0x7a, 0x48, 0x87,
  0x77, 0x70, 0x87, 0x19, 0xce, 0x87, 0x0e, 0xe5, 0x10, 0x0e, 0xf0, 0x10,
  0x0e, 0xec, 0xc0, 0x0e, 0xef, 0x30, 0x0e, 0xf3, 0x90, 0x0e, 0xf4, 0x50,
  0x0e, 0x33, 0x28, 0x30, 0x08, 0x87, 0x74, 0x90, 0x07, 0x37, 0x30, 0x87,
  0x7a, 0x70, 0x87, 0x71, 0xa0, 0x87, 0x74, 0x78, 0x07, 0x77, 0xf8, 0x85,
  0x73, 0x90, 0x87, 0x77, 0xa8, 0x07, 0x78, 0x98, 0x07, 0x00, 0x00, 0x00,
  0x00, 0x79, 0x20, 0x00, 0x00, 0x93, 0x01, 0x00, 0x00, 0x32, 0x9a, 0x08,
  0x14, 0x02, 0x85, 0x8c, 0x27, 0x46, 0x46, 0xc8, 0x11, 0x32, 0x64, 0xd4,
  0xf6, 0x00, 0x0e, 0x7c, 0x0c, 0x8b, 0x42, 0x07, 0xc5, 0xc6, 0x91, 0x41,
  0x14, 0x19, 0x8c, 0x22, 0x31, 0x83, 0x54, 0x3d, 0x06, 0x81, 0x1d, 0x93,
  0xa0, 0x3c, 0x12, 0x42, 0x0d, 0x04, 0x82, 0x1c, 0x85, 0x82, 0x28, 0x86,
  0x71, 0x28, 0x8d, 0xa1, 0x24, 0xd1, 0x85, 0x20, 0x8b, 0x82, 0x1d, 0xcb,
  0xf1, 0x3c, 0x0d, 0x00, 0x00, 0x53, 0x44, 0x4b, 0x20, 0x56, 0x65, 0x72,
  0x73, 0x69, 0x6f, 0x6e, 0x77, 0x63, 0x68, 0x61, 0x72, 0x5f, 0x73, 0x69,
  0x7a, 0x65, 0x41, 0x70, 0x70, 0x6c, 0x65, 0x20, 0x6d, 0x65, 0x74, 0x61,
  0x6c, 0x20, 0x76, 0x65, 0x72, 0x73, 0x69, 0x6f, 0x6e, 0x20, 0x33, 0x32,
  0x30, 0x32, 0x33, 0x2e, 0x38, 0x35, 0x30, 0x20, 0x28, 0x6d, 0x65, 0x74,
  0x61, 0x6c, 0x66, 0x65, 0x2d, 0x33, 0x32, 0x30, 0x32, 0x33, 0x2e, 0x38,
  0x35, 0x30, 0x2e, 0x31, 0x30, 0x29, 0x4d, 0x65, 0x74, 0x61, 0x6c, 0x61,
  0x69, 0x72, 0x2e, 0x63, 0x6f, 0x6d, 0x70, 0x69, 0x6c, 0x65, 0x2e, 0x64,
  0x65, 0x6e, 0x6f, 0x72, 0x6d, 0x73, 0x5f, 0x64, 0x69, 0x73, 0x61, 0x62,
  0x6c, 0x65, 0x61, 0x69, 0x72, 0x2e, 0x63, 0x6f, 0x6d, 0x70, 0x69, 0x6c,
  0x65, 0x2e, 0x66, 0x61, 0x73, 0x74, 0x5f, 0x6d, 0x61, 0x74, 0x68, 0x5f,
  0x65, 0x6e, 0x61, 0x62, 0x6c, 0x65, 0x61, 0x69, 0x72, 0x2e, 0x63, 0x6f,
  0x6d, 0x70, 0x69, 0x6c, 0x65, 0x2e, 0x66, 0x72, 0x61, 0x6d, 0x65, 0x62,
  0x75, 0x66, 0x66, 0x65, 0x72, 0x5f, 0x66, 0x65, 0x74, 0x63, 0x68, 0x5f,
  0x65, 0x6e, 0x61, 0x62, 0x6c, 0x65, 0x61, 0x69, 0x72, 0x2e, 0x72, 0x65,
  0x6e, 0x64, 0x65, 0x72, 0x5f, 0x74, 0x61, 0x72, 0x67, 0x65, 0x74, 0x61,
  0x69, 0x72, 0x2e, 0x61, 0x72, 0x67, 0x5f, 0x74, 0x79, 0x70, 0x65, 0x5f,
  0x6e, 0x61, 0x6d, 0x65, 0x66, 0x6c, 0x6f, 0x61, 0x74, 0x34, 0x61, 0x69,
  0x72, 0x2e, 0x70, 0x6f, 0x73, 0x69, 0x74, 0x69, 0x6f, 0x6e, 0x61, 0x69,
  0x72, 0x2e, 0x63, 0x65, 0x6e, 0x74, 0x65, 0x72, 0x61, 0x69, 0x72, 0x2e,
  0x6e, 0x6f, 0x5f, 0x70, 0x65, 0x72, 0x73, 0x70, 0x65, 0x63, 0x74, 0x69,
  0x76, 0x65, 0x61, 0x69, 0x72, 0x2e, 0x61, 0x72, 0x67, 0x5f, 0x6e, 0x61,
  0x6d, 0x65, 0x70, 0x6f, 0x73, 0x61, 0x69, 0x72, 0x2e, 0x66, 0x72, 0x61,
  0x67, 0x6d, 0x65, 0x6e, 0x74, 0x5f, 0x69, 0x6e, 0x70, 0x75, 0x74, 0x67,
  0x65, 0x6e, 0x65, 0x72, 0x61, 0x74, 0x65, 0x64, 0x28, 0x34, 0x66, 0x70,
  0x6f, 0x73, 0x44, 0x76, 0x32, 0x5f, 0x66, 0x29, 0x61, 0x69, 0x72, 0x2e,
  0x70, 0x65, 0x72, 0x73, 0x70, 0x65, 0x63, 0x74, 0x69, 0x76, 0x65, 0x66,
  0x6c, 0x6f, 0x61, 0x74, 0x32, 0x66, 0x70, 0x6f, 0x73, 0x67, 0x65, 0x6e,
  0x65, 0x72, 0x61, 0x74, 0x65, 0x64, 0x28, 0x37, 0x66, 0x74, 0x63, 0x6f,
  0x6f, 0x72, 0x64, 0x44, 0x76, 0x32, 0x5f, 0x66, 0x29, 0x66, 0x74, 0x63,
  0x6f, 0x6f, 0x72, 0x64, 0x67, 0x65, 0x6e, 0x65, 0x72, 0x61, 0x74, 0x65,
  0x64, 0x28, 0x32, 0x75, 0x76, 0x44, 0x76, 0x32, 0x5f, 0x66, 0x29, 0x75,
  0x76, 0x61, 0x69, 0x72, 0x2e, 0x62, 0x75, 0x66, 0x66, 0x65, 0x72, 0x61,
  0x69, 0x72, 0x2e, 0x62, 0x75, 0x66, 0x66, 0x65, 0x72, 0x5f, 0x73, 0x69,
  0x7a, 0x65, 0x61, 0x69, 0x72, 0x2e, 0x6c, 0x6f, 0x63, 0x61, 0x74, 0x69,
  0x6f, 0x6e, 0x5f, 0x69, 0x6e, 0x64, 0x65, 0x78, 0x61, 0x69, 0x72, 0x2e,
  0x72, 0x65, 0x61, 0x64, 0x61, 0x69, 0x72, 0x2e, 0x73, 0x74, 0x72, 0x75,
  0x63, 0x74, 0x5f, 0x74, 0x79, 0x70, 0x65, 0x5f, 0x69, 0x6e, 0x66, 0x6f,
  0x69, 0x6e, 0x74, 0x74, 0x79, 0x70, 0x65, 0x69, 0x6e, 0x6e, 0x65, 0x72,
  0x43, 0x6f, 0x6c, 0x6f, 0x75, 0x74, 0x65, 0x72, 0x43, 0x6f, 0x6c, 0x64,
  0x61, 0x73, 0x68, 0x43, 0x6f, 0x6c, 0x66, 0x6c, 0x6f, 0x61, 0x74, 0x73,
  0x63, 0x69, 0x73, 0x73, 0x6f, 0x72, 0x4d, 0x61, 0x74, 0x70, 0x61, 0x69,
  0x6e, 0x74, 0x4d, 0x61, 0x74, 0x73, 0x63, 0x69, 0x73, 0x73, 0x6f, 0x72,
  0x45, 0x78, 0x74, 0x65, 0x78, 0x74, 0x65, 0x6e, 0x74, 0x72, 0x61, 0x64,
  0x69, 0x75, 0x73, 0x66, 0x65, 0x61, 0x74, 0x68, 0x65, 0x72, 0x73, 0x74,
  0x72, 0x6f, 0x6b, 0x65, 0x4d, 0x75, 0x6c, 0x74, 0x73, 0x63, 0x69, 0x73,
  0x73, 0x6f, 0x72, 0x52, 0x61, 0x64, 0x69, 0x75, 0x73, 0x6f, 0x66, 0x66,
  0x73, 0x65, 0x74, 0x6c, 0x69, 0x6e, 0x65, 0x4c, 0x65, 0x6e, 0x67, 0x74,
  0x68, 0x73, 0x74, 0x61, 0x74, 0x65, 0x44, 0x61, 0x74, 0x61, 0x61, 0x69,
  0x72, 0x2e, 0x61, 0x72, 0x67, 0x5f, 0x74, 0x79, 0x70, 0x65, 0x5f, 0x73,
  0x69, 0x7a, 0x65, 0x61, 0x69, 0x72, 0x2e, 0x61, 0x72, 0x67, 0x5f, 0x74,
  0x79, 0x70, 0x65, 0x5f, 0x61, 0x6c, 0x69, 0x67, 0x6e, 0x5f, 0x73, 0x69,
  0x7a, 0x65, 0x55, 0x6e, 0x69, 0x66, 0x6f, 0x72, 0x6d, 0x73, 0x75, 0x6e,
  0x69, 0x66, 0x6f, 0x72, 0x6d, 0x73, 0x61, 0x69, 0x72, 0x2e, 0x74, 0x65,
  0x78, 0x74, 0x75, 0x72, 0x65, 0x61, 0x69, 0x72, 0x2e, 0x73, 0x61, 0x6d,
  0x70, 0x6c, 0x65, 0x74, 0x65, 0x78, 0x74, 0x75, 0x72, 0x65, 0x32, 0x64,
  0x3c, 0x66, 0x6c, 0x6f, 0x61, 0x74, 0x2c, 0x20, 0x73, 0x61, 0x6d, 0x70,
  0x6c, 0x65, 0x3e, 0x74, 0x65, 0x78, 0x74, 0x75, 0x72, 0x65, 0x61, 0x69,
  0x72, 0x2e, 0x73, 0x61, 0x6d, 0x70, 0x6c, 0x65, 0x72, 0x73, 0x61, 0x6d,
  0x70, 0x6c, 0x65, 0x72, 0x6f, 0x6d, 0x6e, 0x69, 0x70, 0x6f, 0x74, 0x65,
  0x6e, 0x74, 0x20, 0x63, 0x68, 0x61, 0x72, 0x53, 0x69, 0x6d, 0x70, 0x6c,
  0x65, 0x20, 0x43, 0x2b, 0x2b, 0x20, 0x54, 0x42, 0x41, 0x41, 0x5f, 0x5a,
  0x54, 0x53, 0x38, 0x55, 0x6e, 0x69, 0x66, 0x6f, 0x72, 0x6d, 0x73, 0x00,
  0x00, 0xa4, 0x14, 0x01, 0x00, 0x00, 0x00, 0x00, 0x00, 0x30, 0x82, 0x30,
  0x8c, 0xc1, 0x08, 0x82, 0x1e, 0x9c, 0xc2, 0x08, 0xc2, 0x40, 0x06, 0x23,
  0x08, 0x43, 0x19, 0x8c, 0x20, 0x0c, 0x66, 0x30, 0x82, 0xc0, 0x00, 0x23,
  0x08, 0xc3, 0x19, 0x8c, 0x20, 0x0c, 0x68, 0x30, 0x82, 0x30, 0xa4, 0xc1,
  0x08, 0xc2, 0xa0, 0x06, 0x23, 0x08, 0xc3, 0x1a, 0x8c, 0x20, 0x0c, 0x6c,
  0x30, 0x82, 0x30, 0xb4, 0xc1, 0x08, 0xc2, 0xe0, 0x06, 0x23, 0x08, 0xc3,
  0x1b, 0x8c, 0x20, 0x0c, 0x70, 0x30, 0x82, 0x30, 0xc4, 0xc1, 0x08, 0xc2,
  0x20, 0x07, 0x23, 0x08, 0xc3, 0x1c, 0x8c, 0x20, 0x0c, 0x74, 0x30, 0x82,
  0x30, 0xd4, 0xc1, 0x08, 0xc2, 0x60, 0x07, 0x23, 0x08, 0xc3, 0x1d, 0x8c,
  0x20, 0xec, 0x01, 0x1e, 0x8c, 0x20, 0xec, 0x41, 0x1e, 0x8c, 0x20, 0xec,
  0x81, 0x1e, 0x8c, 0x20, 0xec, 0xc1, 0x1e, 0x8c, 0x20, 0xec, 0x01, 0x1f,
  0x8c, 0x20, 0xec, 0x41, 0x1f, 0x8c, 0x20, 0xec, 0x81, 0x1f, 0x8c, 0x20,
  0xec, 0xc1, 0x1f, 0x8c, 0x20, 0xec, 0x01, 0x28, 0x8c, 0x20, 0xec, 0x41,
  0x28, 0x8c, 0x20, 0xec, 0x81, 0x28, 0x8c, 0x20, 0xec, 0xc1, 0x28, 0x8c,
  0x20, 0xec, 0x01, 0x29, 0x8c, 0x20, 0xec, 0x41, 0x29, 0x8c, 0x20, 0xec,
  0x81, 0x29, 0xcc, 0x30, 0xf0, 0x41, 0xd0, 0x07, 0x33, 0x0c, 0x7e, 0x20,
  0xfc, 0xc1, 0x0c, 0xc1, 0x30, 0xc3, 0xc0, 0x07, 0x7e, 0x00, 0x0a, 0x33,
  0x10, 0x04, 0x1f, 0x80, 0x02, 0x28, 0xcc, 0x10, 0x14, 0x33, 0x04, 0xc6,
  0x0c, 0xc1, 0x31, 0x43, 0x81, 0x80, 0x02, 0x28, 0x24, 0xca, 0x0c, 0x81,
  0x3a, 0xcc, 0x80, 0x80, 0xc2, 0xc2, 0x34, 0x89, 0xe2, 0x3c, 0x33, 0x24,
  0x7e, 0x00, 0x45, 0x8c, 0x94, 0x4c, 0x0e, 0x35, 0x43, 0xc2, 0x07, 0x50,
  0xc5, 0x48, 0xc9, 0xe4, 0x58, 0x33, 0x24, 0xa2, 0x00, 0x5d, 0x8c, 0x94,
  0x4c, 0x0e, 0x36, 0xc3, 0x2a, 0x80, 0xc2, 0x1f, 0x80, 0x82, 0xf7, 0xfd,
  0xc1, 0x1f, 0x80, 0x82, 0x07, 0x06, 0xa4, 0xf0, 0x07, 0xa0, 0xe0, 0x85,
  0x41, 0x29, 0xfc, 0x01, 0x28, 0x78, 0x62, 0x60, 0x0a, 0x7f, 0x70, 0x0a,
  0x63, 0x40, 0x06, 0xa8, 0xf0, 0x07, 0xa7, 0x30, 0x06, 0x65, 0x90, 0x0a,
  0xa4, 0x00, 0x0a, 0x93, 0x19, 0xa8, 0x02, 0x29, 0x80, 0xc2, 0x74, 0x06,
  0xab, 0xf0, 0x07, 0xa0, 0x30, 0x06, 0x68, 0xc0, 0x0a, 0x7f, 0x00, 0x0a,
  0x63, 0x90, 0x06, 0xad, 0xf0, 0x07, 0xa0, 0x30, 0x06, 0x6a, 0xe0, 0x0a,
  0x7f, 0x00, 0x0a, 0x63, 0xb0, 0x06, 0xaf, 0xf0, 0x07, 0xa0, 0x30, 0x06,
  0x6c, 0x00, 0x0b, 0x7f, 0x00, 0x0a, 0x63, 0xd0, 0x06, 0xb1, 0xf0, 0x07,
  0xa0, 0xe0, 0xb9, 0xc1, 0x0c, 0xd2, 0x1f, 0x64, 0xda, 0x28, 0x6c, 0xa0,
  0xe0, 0x07, 0x5c, 0x07, 0x0f, 0x6f, 0x30, 0x0a, 0x70, 0x40, 0x0a, 0x49,
  0x1c, 0x38, 0x72, 0x30, 0x83, 0x22, 0x0b, 0x73, 0xb0, 0x81, 0x82, 0x1f,
  0xd0, 0x41, 0x52, 0x07, 0x8e, 0x1d, 0xcc, 0x90, 0x9c, 0xc2, 0x1d, 0x6c,
  0xa0, 0xe0, 0x07, 0x09, 0x1e, 0x38, 0x78, 0x30, 0xc3, 0xc1, 0x0e, 0xed,
  0xe0, 0x0e, 0xef, 0x10, 0x0f, 0xf2, 0x30, 0x0f, 0x33, 0x0c, 0xa1, 0xb0,
  0x0e, 0xf4, 0x30, 0x43, 0xa0, 0x07, 0x33, 0x0c, 0x79, 0x60, 0x0f, 0xb3,
  0x30, 0xc3, 0x70, 0x0f, 0xf7, 0x30, 0x0b, 0x33, 0x0c, 0xde, 0x3d, 0xcc,
  0xc2, 0x0c, 0xc3, 0x18, 0xdc, 0xc3, 0x2c, 0xcc, 0xf0, 0xed, 0x41, 0x3e,
  0xcc, 0x42, 0x3e, 0xd0, 0x42, 0x3e, 0xd4, 0x42, 0x3e, 0xd8, 0xc2, 0x3d,
  0xdc, 0xc2, 0x3d, 0xe0, 0xc2, 0x3d, 0xe4, 0xc2, 0x3d, 0xe8, 0x82, 0x3e,
  0xec, 0x82, 0x3e, 0xf0, 0x82, 0x3e, 0xf4, 0x82, 0x3e, 0xf8, 0x82, 0x3e,
  0xfc, 0x82, 0x3e, 0x80, 0x43, 0x3e, 0x84, 0xc3, 0x0c, 0x83, 0x3e, 0xe8,
  0xc3, 0x2c, 0xcc, 0x30, 0xec, 0x83, 0x3e, 0xec, 0xc2, 0x0c, 0xc3, 0x3e,
  0xe4, 0x43, 0x38, 0xcc, 0x30, 0xec, 0x83, 0x3e, 0x80, 0xc3, 0x0c, 0xc3,
  0x3e, 0xe8, 0x43, 0x2f, 0xcc, 0x30, 0xec, 0x83, 0x3e, 0xfc, 0x42, 0x99,
  0x02, 0x20, 0x06, 0x68, 0x20, 0x06, 0x62, 0x20, 0x06, 0x9c, 0x18, 0x88,
  0x81, 0x18, 0x88, 0x81, 0x18, 0x88, 0x81, 0x18, 0x88, 0x81, 0x18, 0x88,
  0x81, 0x18, 0x88, 0x81, 0x18, 0x88, 0x81, 0x18, 0x88, 0x81, 0x18, 0xa0,
  0x01, 0x1a, 0xa0, 0x01, 0x1a, 0xa0, 0x01, 0x1a, 0xa0, 0x01, 0x1a, 0xa0,
  0x01, 0x1a, 0xa0, 0x01, 0x1a, 0xa0, 0x01, 0x1a, 0xa0, 0x81, 0x1b, 0xb8,
  0x81, 0x45, 0x07, 0x7a, 0x60, 0x59, 0x96, 0x1e, 0x70, 0xa6, 0xc0, 0x0a,
  0xac, 0xc0, 0x0a, 0xea, 0xe6, 0x17, 0xf6, 0xa0, 0x0e, 0xe4, 0x40, 0x07,
  0x1c, 0x1d, 0xd0, 0x81, 0x1b, 0xd0, 0x01, 0xc9, 0xd0, 0x01, 0x1d, 0xd0,
  0x01, 0x1d, 0xd0, 0x81, 0x8c, 0x04, 0x26, 0xe8, 0x22, 0x36, 0x36, 0xbb,
  0x36, 0x97, 0xb6, 0x37, 0xb2, 0x3a, 0xb6, 0x32, 0x17, 0x33, 0xb6, 0xb0,
  0xb3, 0xb9, 0x51, 0x84, 0x70, 0x10, 0x87, 0x53, 0xd8, 0xd8, 0xec, 0xda,
  0x5c, 0xd2, 0xc8, 0xca, 0xdc, 0xe8, 0x46, 0x09, 0xc6, 0xe1, 0x96, 0xb0,
  0x34, 0x39, 0x17, 0xbb, 0x32, 0xb9, 0xb9, 0xb4, 0x37, 0xb7, 0x51, 0x02,
  0x72, 0x38, 0x2a, 0x2c, 0x4d, 0xce, 0x85, 0x2d, 0xcc, 0xed, 0xac, 0x2e,
  0xec, 0xac, 0xec, 0xcb, 0xae, 0x4c, 0x6e, 0x2e, 0xed, 0xcd, 0x6d, 0x94,
  0xa0, 0x1c, 0x6e, 0x0a, 0x4b, 0x93, 0x73, 0x19, 0x7b, 0x6b, 0x83, 0x4b,
  0x63, 0x2b, 0xfb, 0x7a, 0x83, 0xa3, 0x4b, 0x7b, 0x73, 0x9b, 0x1b, 0x65,
  0x30, 0x87, 0x73, 0x40, 0x87, 0x63, 0xc2, 0xd2, 0xe4, 0x5c, 0xcc, 0xe4,
  0xc2, 0xce, 0xda, 0xca, 0xdc, 0xe8, 0x46, 0x09, 0xe8, 0x01, 0x00, 0x00,
  0x00, 0xa9, 0x18, 0x00, 0x00, 0x25, 0x00, 0x00, 0x00, 0x0b, 0x0a, 0x72,
  0x28, 0x87, 0x77, 0x80, 0x07, 0x7a, 0x58, 0x70, 0x98, 0x43, 0x3d, 0xb8,
  0xc3, 0x38, 0xb0, 0x43, 0x39, 0xd0, 0xc3, 0x82, 0xe6, 0x1c, 0xc6, 0xa1,
  0x0d, 0xe8, 0x41, 0x1e, 0xc2, 0xc1, 0x1d, 0xe6, 0x21, 0x1d, 0xe8, 0x21,
  0x1d, 0xde, 0xc1, 0x1d, 0x16, 0x34, 0xe3, 0x60, 0x0e, 0xe7, 0x50, 0x0f,
  0xe1, 0x20, 0x0f, 0xe4, 0x40, 0x0f, 0xe1, 0x20, 0x0f, 0xe7, 0x50, 0x0e,
  0xf4, 0xb0, 0x80, 0x81, 0x07, 0x79, 0x28, 0x87, 0x70, 0x60, 0x07, 0x76,
  0x78, 0x87, 0x71, 0x08, 0x07, 0x7a, 0x28, 0x07, 0x72, 0x58, 0x70, 0x9c,
  0xc3, 0x38, 0xb4, 0x01, 0x3b, 0xa4, 0x83, 0x3d, 0x94, 0xc3, 0x02, 0x6b,
  0x1c, 0xd8, 0x21, 0x1c, 0xdc, 0xe1, 0x1c, 0xdc, 0x20, 0x1c, 0xe4, 0x61,
  0x1c, 0xdc, 0x20, 0x1c, 0xe8, 0x81, 0x1e, 0xc2, 0x61, 0x1c, 0xd0, 0xa1,
  0x1c, 0xc8, 0x61, 0x1c, 0xc2, 0x81, 0x1d, 0xd8, 0x61, 0xc1, 0x01, 0x0f,
  0xf4, 0x20, 0x0f, 0xe1, 0x50, 0x0f, 0xf4, 0x80, 0x0e, 0x00, 0x00, 0x00,
  0x00, 0xd1, 0x10, 0x00, 0x00, 0x06, 0x00, 0x00, 0x00, 0x07, 0xcc, 0x3c,
  0xa4, 0x83, 0x3b, 0x9c, 0x03, 0x3b, 0x94, 0x03, 0x3d, 0xa0, 0x83, 0x3c,
  0x94, 0x43, 0x38, 0x90, 0xc3, 0x01, 0x00, 0x00, 0x00, 0x61, 0x20, 0x00,
  0x00, 0x4d, 0x0a, 0x00, 0x00, 0x13, 0x04, 0x65, 0x10, 0x0b, 0x04, 0x00,
  0x00, 0x74, 0x00, 0x00, 0x00, 0x34, 0x28, 0xff, 0x81, 0x82, 0x29, 0x87,
  0x92, 0x98, 0x01, 0x28, 0x8e, 0xa2, 0x28, 0x8b, 0xd2, 0xa8, 0x89, 0x02,
  0x04, 0x21, 0xc9, 0x08, 0x40, 0x0d, 0xd0, 0x64, 0x04, 0x60, 0x2c, 0x01,
  0x08, 0xc6, 0x12, 0x82, 0x60, 0x0e, 0xc1, 0x0c, 0x66, 0x81, 0x76, 0x25,
  0x50, 0x06, 0x45, 0x50, 0x0a, 0x14, 0x1c, 0x01, 0x98, 0x83, 0x30, 0x03,
  0x32, 0x18, 0x83, 0x59, 0x18, 0x8b, 0x00, 0x02, 0x81, 0x18, 0x8b, 0x00,
  0x02, 0xe1, 0x20, 0xe1, 0x08, 0xc0, 0x1c, 0x83, 0x19, 0x98, 0xc1, 0x2c,
  0xcc, 0x31, 0x90, 0x01, 0x19, 0xcc, 0xc2, 0x58, 0x03, 0x10, 0x08, 0x04,
  0x18, 0x23, 0x08, 0x49, 0x30, 0xc4, 0xbb, 0x31, 0x02, 0x10, 0x04, 0x41,
  0xfc, 0x1b, 0x01, 0x18, 0x23, 0x00, 0x41, 0x10, 0x04, 0x41, 0x61, 0x8c,
  0x00, 0x04, 0x41, 0x10, 0xfe, 0xc6, 0x08, 0x40, 0x10, 0x04, 0x41, 0x30,
  0x18, 0x23, 0x00, 0x41, 0x10, 0x24, 0xc1, 0x60, 0x8c, 0x20, 0xff, 0x47,
  0x99, 0xfe, 0xc6, 0x08, 0x5a, 0x73, 0xce, 0xd9, 0x5f, 0x18, 0x23, 0x50,
  0xf1, 0xfa, 0x94, 0x7d, 0x61, 0x8c, 0x00, 0x04, 0x41, 0x10, 0xff, 0x85,
  0x19, 0x80, 0x31, 0x02, 0x10, 0x04, 0x41, 0x10, 0x1c, 0xc6, 0x08, 0x40,
  0x10, 0x04, 0xe9, 0x6f, 0x8c, 0xe0, 0xa5, 0xe1, 0xf5, 0xfe, 0xc6, 0x08,
  0xdc, 0x3e, 0x16, 0xcd, 0x6f, 0x8c, 0x00, 0x55, 0xf1, 0xfa, 0xfd, 0xc6,
  0x08, 0x40, 0x10, 0x04, 0xd1, 0x6f, 0x8c, 0xa0, 0x35, 0xe7, 0x9c, 0xfd,
  0xc6, 0x08, 0x40, 0x10, 0x04, 0x43, 0x30, 0x18, 0x23, 0xd0, 0x59, 0x73,
  0x4e, 0xbf, 0x31, 0x02, 0x10, 0x04, 0xc1, 0x33, 0x0c, 0xc6, 0x08, 0xe6,
  0x9c, 0x35, 0xe7, 0x6f, 0x8c, 0x00, 0x04, 0x41, 0x50, 0x07, 0x83, 0x31,
  0x02, 0x10, 0x04, 0xc1, 0x15, 0x0c, 0xc6, 0x08, 0x5a, 0x73, 0xce, 0xc9,
  0x6f, 0x8c, 0x00, 0x04, 0x41, 0x10, 0xfe, 0x85, 0x31, 0x02, 0x10, 0x04,
  0x41, 0x13, 0x1c, 0x28, 0x30, 0x03, 0x30, 0x02, 0x30, 0x03, 0x40, 0x82,
  0x19, 0x80, 0x19, 0x80, 0x11, 0x80, 0x39, 0x04, 0x77, 0xb8, 0x87, 0xb1,
  0x04, 0x10, 0x04, 0x41, 0x13, 0x0c, 0x40, 0x10, 0x04, 0x4d, 0x30, 0x18,
  0x4b, 0x00, 0x41, 0x10, 0xc4, 0x3f, 0x10, 0x04, 0x41, 0xfc, 0x9b, 0x43,
  0x20, 0x89, 0x7b, 0x18, 0x4b, 0x00, 0x41, 0x10, 0x54, 0xc1, 0x00, 0x04,
  0x41, 0x50, 0x05, 0x83, 0xb1, 0x04, 0x10, 0x04, 0x41, 0x15, 0x1c, 0x40,
  0x10, 0x04, 0x55, 0x70, 0x18, 0x4b, 0x00, 0x41, 0x10, 0x34, 0xc1, 0x01,
  0x04, 0x41, 0xd0, 0x04, 0x07, 0x6a, 0xcc, 0x00, 0xcc, 0x00, 0x8c, 0x35,
  0xb4, 0xe6, 0x9c, 0xd3, 0x5f, 0x6b, 0xce, 0x39, 0xfd, 0xb5, 0xe6, 0x9c,
  0xd3, 0xdf, 0x58, 0x83, 0x2c, 0xba, 0x3d, 0x0d, 0x06, 0xb2, 0xe8, 0xf6,
  0x34, 0x18, 0xc8, 0xa2, 0xdb, 0xd3, 0x60, 0x30, 0xd6, 0x50, 0xab, 0xb5,
  0xda, 0x7e, 0xb5, 0x5a, 0xab, 0xed, 0x57, 0xab, 0xb5, 0xda, 0x7e, 0x63,
  0x0d, 0x7d, 0x2c, 0xba, 0xf8, 0xd7, 0xc7, 0xa2, 0x8b, 0x7f, 0x7d, 0x2c,
  0xba, 0xf8, 0x37, 0xd6, 0xe0, 0xf6, 0xb1, 0x68, 0xfb, 0x82, 0xdb, 0xc7,
  0xa2, 0xed, 0x0b, 0x6e, 0x1f, 0x8b, 0xb6, 0x2f, 0x8c, 0x35, 0xf0, 0xf0,
  0xaa, 0xd3, 0x1d, 0x0f, 0xaf, 0x3a, 0xdd, 0xf1, 0xf0, 0xaa, 0xd3, 0x1d,
  0x00, 0xf1, 0x30, 0x00, 0x00, 0x2f, 0x00, 0x00, 0x00, 0x22, 0x47, 0xc8,
  0x90, 0x51, 0x12, 0x04, 0x3b, 0x00, 0x00, 0x00, 0x00, 0x62, 0x60, 0x61,
  0x18, 0x61, 0x69, 0x72, 0x2d, 0x61, 0x6c, 0x69, 0x61, 0x73, 0x2d, 0x73,
  0x63, 0x6f, 0x70, 0x65, 0x73, 0x28, 0x66, 0x72, 0x61, 0x67, 0x6d, 0x65,
  0x6e, 0x74, 0x53, 0x68, 0x61, 0x64, 0x65, 0x72, 0x41, 0x41, 0x29, 0x61,
  0x69, 0x72, 0x2d, 0x61, 0x6c, 0x69, 0x61, 0x73, 0x2d, 0x73, 0x63, 0x6f,
  0x70, 0x65, 0x2d, 0x61, 0x72, 0x67, 0x28, 0x34, 0x29, 0x61, 0x69, 0x72,
  0x2d, 0x61, 0x6c, 0x69, 0x61, 0x73, 0x2d, 0x73, 0x63, 0x6f, 0x70, 0x65,
  0x2d, 0x73, 0x61, 0x6d, 0x70, 0x6c, 0x65, 0x72, 0x73, 0x61, 0x69, 0x72,
  0x2d, 0x61, 0x6c, 0x69, 0x61, 0x73, 0x2d, 0x73, 0x63, 0x6f, 0x70, 0x65,
  0x2d, 0x74, 0x65, 0x78, 0x74, 0x75, 0x72, 0x65, 0x73, 0x2b, 0x04, 0x93,
  0x10, 0x89, 0x15, 0xc3, 0x49, 0x98, 0xc4, 0x48, 0xac, 0x18, 0x50, 0xc2,
  0x24, 0x48, 0x62, 0xc5, 0x90, 0x12, 0x26, 0x51, 0x12, 0x1b, 0x86, 0x7d,
  0xc8, 0x87, 0x59, 0xd8, 0x10, 0x9c, 0xc4, 0x06, 0x21, 0x25, 0x50, 0x62,
  0xc3, 0xb0, 0x0f, 0xf9, 0x40, 0x0b, 0x1b, 0x86, 0x7d, 0xc8, 0x87, 0x5a,
  0xd8, 0x30, 0xec, 0x43, 0x3e, 0xd8, 0xc2, 0x86, 0x61, 0x1f, 0xf4, 0x81,
  0x17, 0x00, 0x00, 0x00, 0x00, 0x33, 0x11, 0x64, 0x30, 0x90, 0x41, 0x29,
  0x6c, 0xd2, 0x10, 0x98, 0x03, 0x3e, 0x0c, 0x1b, 0x10, 0xc1, 0x2d, 0x14,
  0xc0, 0x26, 0x0d, 0xc2, 0x39, 0xec, 0xc3, 0xb0, 0x01, 0x11, 0xdc, 0x42,
  0x01, 0x6c, 0xd2, 0x30, 0xa0, 0x43, 0x3f, 0x0c, 0x1b, 0x10, 0xc1, 0x2d,
  0x10, 0xc0, 0x26, 0x0d, 0x44, 0x3a, 0xe8, 0xc3, 0xb0, 0x01, 0x11, 0xdc,
  0x42, 0x01, 0x8c, 0x18, 0x1c, 0x4d, 0x0c, 0x82, 0x85, 0x7f, 0xdc, 0x01,
  0x48, 0xd8, 0x42, 0x2e, 0x0c, 0x47, 0x04, 0x75, 0x10, 0xf8, 0xc7, 0x2c,
  0x43, 0x20, 0x04, 0x23, 0x06, 0x84, 0x13, 0x82, 0x60, 0x50, 0x07, 0x23,
  0x31, 0x4b, 0x20, 0xec, 0xc2, 0x80, 0x0b, 0xec, 0xe0, 0x0f, 0x14, 0x0c,
  0xc8, 0x30, 0xdb, 0x10, 0x90, 0xc1, 0x19, 0x10, 0x65, 0x50, 0xb0, 0x81,
  0x91, 0x06, 0x86, 0x2c, 0x18, 0xb5, 0x60, 0xc4, 0xc2, 0x70, 0x07, 0x92,
  0x2d, 0x4c, 0x66, 0xe0, 0x8d, 0xc1, 0x47, 0x06, 0x60, 0xb0, 0x0b, 0x84,
  0x2e, 0xb8, 0xc3, 0x3b, 0xb8, 0x03, 0x05, 0x00, 0xb2, 0x0b, 0x04, 0x2f,
  0xc0, 0x43, 0x3c, 0x9c, 0x02, 0x05, 0x80, 0xb1, 0x0b, 0x84, 0x2f, 0xc8,
  0xc3, 0x3c, 0xa8, 0x02, 0x05, 0x80, 0xb1, 0x0b, 0x04, 0x38, 0xd0, 0x43,
  0x3d, 0xa8, 0x02, 0x05, 0x00, 0xb2, 0x0b, 0x83, 0x38, 0xd8, 0x43, 0x49,
  0x50, 0x00, 0x20, 0x76, 0x24, 0xe2, 0x6f, 0x84, 0x21, 0xfe, 0x26, 0x04,
  0xe1, 0x6f, 0xa6, 0x10, 0x90, 0xbf, 0x95, 0x42, 0x12, 0xfe, 0x73, 0x0c,
  0x60, 0xc0, 0xf4, 0xc3, 0x1c, 0x43, 0x20, 0xd8, 0xc2, 0x1c, 0x83, 0x18,
  0x10, 0xff, 0x30, 0x4b, 0x10, 0xed, 0xc2, 0xc0, 0x0e, 0x20, 0xf1, 0x12,
  0x14, 0x00, 0xc8, 0x88, 0x41, 0xf2, 0xc4, 0x20, 0x58, 0xf8, 0x87, 0x1c,
  0xe8, 0x44, 0x3b, 0xb0, 0x03, 0x3c, 0x04, 0x16, 0x64, 0xe2, 0x3f, 0xc7,
  0x40, 0x07, 0x01, 0x49, 0xcc, 0x31, 0xd4, 0xc1, 0x56, 0x12, 0x26, 0x04,
  0xe2, 0x3f, 0xc8, 0x10, 0xdc, 0xc1, 0x2e, 0xec, 0xc2, 0x40, 0x0f, 0x28,
  0xc1, 0x13, 0x14, 0x0c, 0x46, 0x05, 0xf2, 0x80, 0x23, 0x06, 0x06, 0x14,
  0x82, 0x60, 0xe1, 0x1f, 0x58, 0x5f, 0x04, 0x16, 0xe0, 0x82, 0xf8, 0xcf,
  0x31, 0xbc, 0x41, 0xd0, 0x12, 0x55, 0xec, 0x04, 0x56, 0x80, 0x0f, 0x3a,
  0x62, 0x60, 0x40, 0x21, 0x08, 0x16, 0xfe, 0x81, 0x89, 0x46, 0x60, 0x41,
  0x2f, 0x88, 0xff, 0x1c, 0x43, 0x11, 0xa8, 0x43, 0x29, 0x62, 0x81, 0x15,
  0xf4, 0x83, 0x8e, 0x18, 0x18, 0x50, 0x08, 0x82, 0x85, 0x7f, 0x60, 0xa7,
  0x11, 0x58, 0x20, 0x0e, 0xe2, 0x3f, 0xc7, 0x50, 0x04, 0xed, 0x50, 0x4f,
  0x48, 0xe8, 0x88, 0x81, 0x01, 0x85, 0x20, 0x58, 0xf8, 0x07, 0xb6, 0x1a,
  0x81, 0x05, 0xe6, 0x20, 0xfe, 0x73, 0x0c, 0x7e, 0x10, 0xec, 0xc4, 0x20,
  0x43, 0xf0, 0x07, 0xec, 0x60, 0x81, 0x21, 0xfe, 0x83, 0x0c, 0x41, 0x28,
  0xc4, 0xc3, 0x1c, 0x43, 0x50, 0xd8, 0x83, 0x05, 0x99, 0xf8, 0xcf, 0x12,
  0x90, 0xc1, 0x88, 0xc1, 0x11, 0xc1, 0x20, 0x58, 0xf8, 0x87, 0x19, 0xa4,
  0x46, 0x4b, 0xf0, 0xc1, 0x2e, 0x10, 0x2e, 0x21, 0x16, 0x63, 0x21, 0x16,
  0x14, 0x00, 0xc8, 0x2e, 0x10, 0x30, 0x41, 0x16, 0x65, 0xb1, 0x0f, 0x14,
  0x00, 0x86, 0x05, 0x83, 0xf8, 0xef, 0x02, 0x31, 0x13, 0x67, 0x81, 0x16,
  0xff, 0x40, 0x01, 0x60, 0xec, 0x02, 0x51, 0x13, 0x69, 0xa1, 0x16, 0xff,
  0x40, 0x01, 0x80, 0x58, 0x30, 0x88, 0xbf, 0x19, 0x41, 0xf8, 0x1b, 0x3e,
  0x04, 0xe4, 0x6f, 0xf7, 0x60, 0x84, 0xff, 0x1c, 0x83, 0x2c, 0x28, 0x6f,
  0x31, 0xc7, 0x10, 0x08, 0x28, 0x61, 0xfa, 0x70, 0x84, 0xff, 0x1c, 0x43,
  0x2d, 0x04, 0x72, 0x31, 0xc7, 0x10, 0x40, 0x2b, 0xb1, 0x0b, 0x04, 0x58,
  0xd0, 0x45, 0x5d, 0xa4, 0x04, 0x05, 0x80, 0x61, 0x01, 0x23, 0xfe, 0xbb,
  0x40, 0x8c, 0xc5, 0x5d, 0xe0, 0x85, 0x5d, 0x50, 0x00, 0x20, 0x16, 0x50,
  0xe2, 0x6f, 0x44, 0x10, 0xfe, 0x73, 0x0c, 0xbd, 0x10, 0xec, 0x85, 0x11,
  0x94, 0xf8, 0x1b, 0xa2, 0x89, 0xbf, 0x09, 0x41, 0xf8, 0xcf, 0x31, 0x10,
  0xc1, 0x4d, 0xcc, 0x31, 0x8c, 0xc3, 0x04, 0x1a, 0x83, 0x0c, 0x01, 0x39,
  0xc0, 0xc4, 0x20, 0x43, 0x5c, 0xbc, 0x43, 0x4c, 0xd8, 0x14, 0x88, 0xff,
  0x20, 0xc3, 0x5c, 0xc4, 0x83, 0x4c, 0x98, 0x14, 0x88, 0xbf, 0x0d, 0x07,
  0xf8, 0x5b, 0x20, 0x80, 0xbf, 0x05, 0x87, 0xf8, 0x0f, 0x32, 0x04, 0xec,
  0x40, 0x16, 0xbb, 0x30, 0xd8, 0x85, 0x6a, 0xc4, 0x05, 0x05, 0x02, 0xb2,
  0x0b, 0x03, 0x5e, 0xb0, 0xc6, 0x6e, 0x50, 0x00, 0x20, 0x73, 0x0c, 0xfb,
  0x10, 0xb8, 0xc6, 0x20, 0x43, 0xb0, 0x0f, 0x6b, 0x31, 0x62, 0x60, 0x40,
  0x21, 0x08, 0x16, 0xfe, 0xa1, 0xbd, 0xc7, 0x61, 0x82, 0x11, 0xfe, 0x16,
  0x08, 0xe0, 0x3f, 0x86, 0x10, 0xcc, 0xc6, 0x18, 0x82, 0xc0, 0x16, 0x23,
  0x06, 0x07, 0x14, 0x82, 0x60, 0xe1, 0x1f, 0x9e, 0x88, 0x08, 0xc1, 0x88,
  0xc1, 0x01, 0x85, 0x20, 0x58, 0xf8, 0x87, 0x97, 0x1f, 0x01, 0x58, 0x8c,
  0x18, 0x1c, 0x50, 0x08, 0x82, 0x85, 0x7f, 0xb0, 0xc1, 0x7d, 0x14, 0x22,
  0x31, 0x62, 0x70, 0x40, 0x21, 0x08, 0x16, 0xfe, 0x01, 0x06, 0x23, 0x12,
  0x04, 0x23, 0x06, 0x06, 0x14, 0x82, 0x60, 0xe1, 0x1f, 0x56, 0x89, 0x04,
  0xd6, 0x13, 0x4d, 0xf8, 0x5b, 0x50, 0x80, 0xbf, 0x05, 0x03, 0xf8, 0x8f,
  0x18, 0x18, 0x52, 0x08, 0x82, 0x85, 0x7f, 0x58, 0x22, 0x12, 0x58, 0x60,
  0x16, 0xe2, 0x6f, 0x52, 0x58, 0x80, 0xff, 0x1c, 0x43, 0x4b, 0x04, 0xe0,
  0x31, 0xc8, 0x10, 0xb4, 0x44, 0x5f, 0x98, 0x4a, 0x5c, 0xe1, 0x6f, 0xc1,
  0x04, 0xfe, 0x16, 0x0c, 0xe0, 0x3f, 0x86, 0x10, 0x94, 0xc7, 0x18, 0x82,
  0xe0, 0x17, 0x23, 0x06, 0x07, 0x14, 0x82, 0x60, 0xe1, 0x1f, 0x1e, 0x8d,
  0x08, 0xc1, 0x88, 0xc1, 0x01, 0x85, 0x20, 0x58, 0xf8, 0x87, 0xb7, 0x22,
  0x81, 0x5c, 0x8c, 0x18, 0x1c, 0x50, 0x08, 0x82, 0x85, 0x7f, 0xb0, 0x41,
  0x8a, 0x14, 0x34, 0x31, 0x62, 0x70, 0x40, 0x21, 0x08, 0x16, 0xfe, 0x01,
  0x06, 0x35, 0x12, 0x04, 0x23, 0x06, 0x06, 0x14, 0x82, 0x60, 0xe1, 0x1f,
  0xd6, 0x8d, 0x04, 0xa6, 0x16, 0x5f, 0xf8, 0x5b, 0x50, 0x80, 0xbf, 0x05,
  0x03, 0xf8, 0x8f, 0x18, 0x18, 0x52, 0x08, 0x82, 0x85, 0x7f, 0x58, 0x34,
  0x12, 0x58, 0x80, 0x17, 0xe2, 0x6f, 0xd5, 0x14, 0xfe, 0xb6, 0x17, 0x55,
  0xf8, 0x9b, 0x10, 0x90, 0xff, 0x88, 0x01, 0x02, 0x85, 0x20, 0x58, 0xf8,
  0x07, 0x1a, 0xec, 0x48, 0xe0, 0x17, 0x7f, 0x61, 0x47, 0x11, 0xfe, 0xf6,
  0x17, 0x47, 0xf8, 0x9b, 0x10, 0x90, 0xff, 0x88, 0x01, 0x02, 0x85, 0x20,
  0x58, 0xf8, 0x07, 0x1a, 0xfc, 0x48, 0x20, 0x1a, 0xa3, 0xb1, 0x0b, 0x43,
  0x79, 0xe4, 0x87, 0x8b, 0x50, 0x30, 0x20, 0x15, 0x8c, 0x07, 0x8e, 0x18,
  0x18, 0x50, 0x08, 0x82, 0x85, 0x7f, 0x60, 0x6e, 0x12, 0x58, 0x90, 0x1a,
  0xe2, 0x3f, 0xc7, 0x00, 0x16, 0x81, 0x7f, 0x54, 0xc1, 0x22, 0x58, 0x41,
  0x7a, 0xe8, 0x88, 0x81, 0x01, 0x85, 0x20, 0x58, 0xf8, 0x07, 0x36, 0x27,
  0x81, 0x05, 0xae, 0x21, 0xfe, 0x73, 0x0c, 0x45, 0xb0, 0x1b, 0xa5, 0xcc,
  0x08, 0x56, 0xe0, 0x1e, 0x3a, 0x62, 0x60, 0x40, 0x21, 0x08, 0x16, 0xfe,
  0x81, 0xe1, 0x49, 0x60, 0xc1, 0x6c, 0x88, 0xff, 0x1c, 0x43, 0x11, 0xf8,
  0x46, 0x3d, 0xf2, 0xa1, 0x23, 0x06, 0x06, 0x14, 0x82, 0x60, 0xe1, 0x1f,
  0x18, 0x9f, 0x04, 0x16, 0xdc, 0x86, 0xf8, 0xcf, 0x31, 0xbc, 0x45, 0xc0,
  0x22, 0x83, 0x0c, 0x01, 0x5c, 0xf4, 0x86, 0x05, 0x86, 0xf8, 0x0f, 0x32,
  0x04, 0x72, 0x21, 0x1e, 0x73, 0x0c, 0x41, 0x71, 0x1e, 0xbb, 0x30, 0xf4,
  0x47, 0x8c, 0x94, 0x09, 0x05, 0x83, 0x51, 0xc1, 0x7e, 0xe0, 0x88, 0x81,
  0x01, 0x85, 0x20, 0x58, 0xf8, 0x07, 0x66, 0x2a, 0x81, 0x05, 0xe1, 0x21,
  0xfe, 0x73, 0x0c, 0x78, 0x11, 0xd8, 0x48, 0x15, 0x64, 0x82, 0x15, 0x84,
  0x88, 0x8e, 0x18, 0x18, 0x50, 0x08, 0x82, 0x85, 0x7f, 0x60, 0xab, 0x12,
  0x58, 0x60, 0x1e, 0xe2, 0x3f, 0xc7, 0x50, 0x04, 0xf3, 0x51, 0xca, 0x9a,
  0x60, 0x05, 0x26, 0xa2, 0x23, 0x06, 0x06, 0x14, 0x82, 0x60, 0xe1, 0x1f,
  0x18, 0xac, 0x04, 0x16, 0xac, 0x87, 0xf8, 0xcf, 0x31, 0x14, 0x81, 0x7d,
  0xd4, 0xa3, 0x22, 0x3a, 0x62, 0x60, 0x40, 0x21, 0x08, 0x16, 0xfe, 0x81,
  0xd1, 0x4a, 0x60, 0xc1, 0x7b, 0x88, 0xff, 0x1c, 0xc3, 0x69, 0x04, 0x64,
  0x32, 0xc8, 0x10, 0xa0, 0x46, 0x7d, 0x58, 0x60, 0x88, 0xff, 0x20, 0x43,
  0xa0, 0x1a, 0xfa, 0x31, 0xc7, 0x10, 0x14, 0xff, 0x31, 0xc7, 0x90, 0x1b,
  0x71, 0x90, 0x26, 0x83, 0x0c, 0x81, 0x6e, 0xf8, 0xc7, 0x88, 0x01, 0x02,
  0x85, 0x20, 0x58, 0xf8, 0x87, 0x1a, 0xb4, 0xca, 0x36, 0x04, 0x73, 0x0c,
  0xbc, 0x81, 0x07, 0x6c, 0x32, 0xc7, 0xd0, 0x1b, 0xa3, 0xd1, 0x26, 0x73,
  0x0c, 0xbe, 0xd1, 0x12, 0x6e, 0x62, 0x81, 0x20, 0xfe, 0x16, 0x10, 0xe2,
  0x3f, 0xc8, 0x10, 0x84, 0x47, 0x89, 0x58, 0x70, 0x88, 0xff, 0x2c, 0x01,
  0x19, 0xec, 0xc2, 0xf0, 0x23, 0x73, 0x72, 0x23, 0x14, 0x0c, 0x48, 0x05,
  0xa9, 0xa2, 0x23, 0x06, 0x06, 0x14, 0x82, 0x60, 0xe1, 0x1f, 0x18, 0xba,
  0x04, 0xc3, 0x11, 0xc1, 0x7f, 0x08, 0xfe, 0x31, 0x86, 0x50, 0x26, 0x30,
  0x62, 0x21, 0x12, 0x84, 0xff, 0x74, 0x43, 0x20, 0x0c, 0x83, 0x0c, 0x68,
  0x82, 0x1e, 0x34, 0xb2, 0x0b, 0x03, 0x9a, 0xf0, 0x49, 0x8f, 0x50, 0x00,
  0x18, 0x46, 0x04, 0xe2, 0x3f, 0xc7, 0x40, 0x04, 0x37, 0x62, 0x03, 0x8a,
  0x88, 0xff, 0x1c, 0xc3, 0x7a, 0x04, 0x39, 0x32, 0x62, 0x70, 0x40, 0x21,
  0x08, 0x16, 0xfe, 0x01, 0x06, 0xed, 0x32, 0x04, 0x23, 0x06, 0x07, 0x14,
  0x82, 0x60, 0xe1, 0x1f, 0x60, 0xe0, 0x2e, 0x82, 0x60, 0x42, 0x40, 0xfe,
  0x23, 0x06, 0x08, 0x14, 0x82, 0x60, 0xe1, 0x1f, 0x68, 0xc0, 0x2e, 0xc1,
  0x8b, 0xc0, 0xc8, 0x1c, 0x83, 0x7c, 0x04, 0xa6, 0x32, 0xc8, 0x10, 0xcc,
  0xc7, 0x98, 0x58, 0x70, 0x88, 0xbf, 0x29, 0x41, 0xf8, 0x8f, 0x18, 0x1c,
  0x50, 0x08, 0x82, 0x85, 0x7f, 0x80, 0x41, 0xbd, 0x04, 0xc1, 0x88, 0x81,
  0x01, 0x85, 0x20, 0x58, 0xf8, 0x87, 0x75, 0x2f, 0xc1, 0x2e, 0x10, 0x78,
  0xc2, 0x2a, 0xad, 0xc2, 0x2a, 0x14, 0x00, 0xc8, 0x2e, 0x10, 0x7a, 0xe2,
  0x2a, 0xaf, 0x52, 0x26, 0x14, 0x00, 0x86, 0x05, 0x83, 0xf8, 0xef, 0x02,
  0xd1, 0x27, 0xb1, 0x22, 0x2b, 0x69, 0x42, 0x01, 0x60, 0xec, 0x02, 0xf1,
  0x27, 0xb3, 0x42, 0x2b, 0x69, 0x42, 0x01, 0x80, 0x58, 0x30, 0x88, 0xbf,
  0x19, 0x41, 0xf8, 0x9b, 0x98, 0x04, 0xe4, 0x6f, 0x61, 0x62, 0x84, 0xff,
  0x1c, 0x03, 0x7f, 0x28, 0xb9, 0x32, 0xc7, 0x10, 0x08, 0x72, 0x32, 0xc7,
  0xe0, 0x1f, 0xc4, 0xae, 0x0c, 0x32, 0x04, 0xff, 0xb1, 0x26, 0x16, 0x0c,
  0xe2, 0x3f, 0xc8, 0x10, 0x84, 0x48, 0x9e, 0x8c, 0x18, 0x1c, 0x50, 0x08,
  0x82, 0x85, 0x7f, 0x80, 0x81, 0xca, 0x04, 0xc1, 0x88, 0x81, 0x01, 0x85,
  0x20, 0x58, 0xf8, 0x87, 0xc5, 0x32, 0x81, 0xa1, 0x49, 0x40, 0xfe, 0x96,
  0x26, 0x41, 0xf8, 0x8f, 0x18, 0x20, 0x50, 0x08, 0x82, 0x85, 0x7f, 0xa0,
  0x81, 0xca, 0x04, 0x6d, 0xe2, 0x26, 0x16, 0x04, 0xe2, 0x6f, 0x02, 0x9b,
  0x88, 0xbf, 0xb1, 0x49, 0x10, 0xfe, 0x36, 0x04, 0xe2, 0x3f, 0x62, 0x80,
  0x40, 0x21, 0x08, 0x16, 0xfe, 0x81, 0x06, 0x21, 0x33, 0x27, 0x6f, 0x12,
  0x58, 0x60, 0x26, 0xe2, 0x6f, 0x82, 0x99, 0x88, 0xff, 0x18, 0x42, 0xae,
  0xac, 0x8b, 0x05, 0x73, 0x22, 0xfe, 0x16, 0xbc, 0x09, 0xf8, 0x8f, 0x18,
  0x18, 0x50, 0x08, 0x82, 0x85, 0x7f, 0x58, 0x61, 0x13, 0x98, 0x9e, 0x04,
  0xe1, 0xbf, 0x0b, 0x03, 0xaf, 0xc0, 0xcb, 0xac, 0x50, 0x00, 0x20, 0x36,
  0x04, 0xe2, 0x3f, 0x62, 0x70, 0x40, 0x21, 0x08, 0x16, 0xfe, 0xe1, 0xd9,
  0x8c, 0x9f, 0x04, 0x96, 0x06, 0x4a, 0xf8, 0x8f, 0x18, 0x18, 0x52, 0x08,
  0x82, 0x85, 0x7f, 0x58, 0x3a, 0x13, 0x98, 0x10, 0x84, 0xbf, 0x09, 0x77,
  0x22, 0xfe, 0x26, 0x04, 0xe4, 0x3f, 0x62, 0x80, 0x40, 0x21, 0x08, 0x16,
  0xfe, 0x81, 0x06, 0x60, 0x13, 0x8c, 0x0a, 0xa9, 0xd8, 0x1b, 0x44, 0xe1,
  0x3f, 0x62, 0x60, 0x48, 0x21, 0x08, 0x16, 0xfe, 0x61, 0x81, 0x4d, 0x60,
  0x42, 0x10, 0xfe, 0x26, 0xf4, 0x89, 0xf8, 0x9b, 0x10, 0x90, 0xff, 0x88,
  0x01, 0x02, 0x85, 0x20, 0x58, 0xf8, 0x07, 0x1a, 0x98, 0x4d, 0x90, 0x2a,
  0xaa, 0xb2, 0x0b, 0x03, 0xbb, 0x80, 0xcc, 0xcb, 0x50, 0x00, 0x20, 0xc3,
  0x11, 0x01, 0xab, 0x08, 0xfe, 0x31, 0xcb, 0x70, 0x20, 0xc1, 0x88, 0xc1,
  0x01, 0x85, 0x20, 0x58, 0xf8, 0x87, 0x77, 0x36, 0xa5, 0x20, 0xd8, 0xf0,
  0x27, 0xe2, 0x3f, 0xc7, 0x60, 0x0a, 0x42, 0xaf, 0x98, 0xd0, 0x81, 0xff,
  0x1c, 0x43, 0x9c, 0x04, 0xbf, 0x62, 0xc7, 0xa9, 0x88, 0xbf, 0x05, 0x60,
  0x10, 0xfe, 0x73, 0x0c, 0x74, 0x12, 0x88, 0x8b, 0x19, 0x44, 0xf8, 0x9b,
  0x50, 0x84, 0xff, 0x88, 0xc1, 0x01, 0x85, 0x20, 0x58, 0xf8, 0x07, 0x18,
  0xe0, 0x8d, 0x10, 0x8c, 0x18, 0x1c, 0x50, 0x08, 0x82, 0x85, 0x7f, 0x80,
  0x41, 0xde, 0x08, 0x82, 0x09, 0x01, 0xf9, 0x8f, 0x18, 0x20, 0x50, 0x08,
  0x82, 0x85, 0x7f, 0xa0, 0xc1, 0xdd, 0x04, 0xba, 0xb2, 0x2b, 0x73, 0x0c,
  0x7d, 0x12, 0xc4, 0xcc, 0x20, 0x43, 0xe0, 0x27, 0xee, 0x62, 0xc1, 0x21,
  0xfe, 0x96, 0x04, 0xe1, 0x3f, 0x62, 0x70, 0x40, 0x21, 0x08, 0x16, 0xfe,
  0x01, 0x06, 0xa0, 0x13, 0x04, 0x23, 0x06, 0x06, 0x14, 0x82, 0x60, 0xe1,
  0x1f, 0x96, 0xe8, 0x04, 0x16, 0xb8, 0x41, 0xf8, 0x8f, 0x18, 0x18, 0x52,
  0x08, 0x82, 0x85, 0x7f, 0x58, 0x7d, 0x13, 0x58, 0x10, 0x2e, 0xe2, 0x6f,
  0x43, 0x10, 0xfe, 0x46, 0x2e, 0x43, 0xf8, 0x9b, 0x10, 0x90, 0xff, 0x88,
  0x01, 0x02, 0x85, 0x20, 0x58, 0xf8, 0x07, 0x1a, 0x90, 0x4e, 0x70, 0x2e,
  0xe8, 0x32, 0x4b, 0x80, 0x0c, 0x54, 0x00, 0xc2, 0x01, 0x5b, 0x86, 0xc9,
  0xc9, 0xbf, 0x80, 0xc0, 0x70, 0x43, 0x50, 0x37, 0x64, 0x30, 0xcb, 0x90,
  0x28, 0xc1, 0x2e, 0x0c, 0x2d, 0x13, 0x36, 0x6f, 0x43, 0x01, 0x80, 0x58,
  0x90, 0x2e, 0xe2, 0x6f, 0xe6, 0x10, 0x84, 0xbf, 0xf5, 0xc1, 0xaf, 0x88,
  0xff, 0x88, 0xc1, 0x01, 0x85, 0x20, 0x58, 0xf8, 0x87, 0xa7, 0x3a, 0x02,
  0xbb, 0xcc, 0x31, 0xb0, 0x43, 0xf0, 0x2f, 0x36, 0x9c, 0x0b, 0xf8, 0xcf,
  0x31, 0xcc, 0x4a, 0x10, 0x32, 0x36, 0x2e, 0x45, 0xf8, 0xcf, 0x31, 0xd4,
  0x4a, 0x30, 0x32, 0x56, 0x0c, 0xe1, 0x6f, 0x02, 0x11, 0xfe, 0x23, 0x06,
  0x07, 0x14, 0x82, 0x60, 0xe1, 0x1f, 0x60, 0x90, 0x3b, 0x42, 0x30, 0x62,
  0x70, 0x40, 0x21, 0x08, 0x16, 0xfe, 0x01, 0x06, 0xba, 0x23, 0x08, 0x26,
  0x04, 0xe4, 0x3f, 0x62, 0x80, 0x40, 0x21, 0x08, 0x16, 0xfe, 0x81, 0x06,
  0xb8, 0x13, 0xec, 0x0b, 0xbf, 0xcc, 0x31, 0xf8, 0x4a, 0x20, 0x37, 0x83,
  0x0c, 0xc1, 0xaf, 0xbc, 0x8c, 0x05, 0x87, 0xf8, 0x5b, 0x12, 0x84, 0xff,
  0x88, 0xc1, 0x01, 0x85, 0x20, 0x58, 0xf8, 0x07, 0x18, 0x84, 0x4f, 0x10,
  0x8c, 0x18, 0x18, 0x50, 0x08, 0x82, 0x85, 0x7f, 0x58, 0xe3, 0x13, 0x58,
  0x30, 0x85, 0xff, 0x88, 0x81, 0x21, 0x85, 0x20, 0x58, 0xf8, 0x87, 0xe5,
  0x3b, 0x81, 0x05, 0x22, 0x23, 0xfe, 0x36, 0x04, 0xe1, 0x6f, 0x25, 0x33,
  0x84, 0xbf, 0x09, 0x01, 0xf9, 0x8f, 0x18, 0x20, 0x50, 0x08, 0x82, 0x85,
  0x7f, 0xa0, 0x41, 0xf9, 0x04, 0x28, 0x93, 0x32, 0xb3, 0x04, 0xca, 0x40,
  0x05, 0x20, 0x24, 0x32, 0x86, 0x0c, 0xb3, 0x0c, 0xb3, 0x02, 0xb1, 0xc1,
  0x22, 0x0b, 0x4c, 0x1a, 0x34, 0xb5, 0xe0, 0xec, 0xc2, 0xc0, 0x36, 0xa0,
  0x53, 0x3b, 0x14, 0x0c, 0x48, 0x05, 0x6a, 0x83, 0x23, 0x06, 0x06, 0x14,
  0x82, 0x60, 0xe1, 0x1f, 0x58, 0xfd, 0x04, 0x16, 0xc0, 0x8c, 0xf8, 0xcf,
  0x31, 0x9c, 0x4b, 0x50, 0x3a, 0x55, 0xcc, 0x0e, 0x56, 0x00, 0x37, 0x3a,
  0x62, 0x60, 0x40, 0x21, 0x08, 0x16, 0xfe, 0x81, 0xe9, 0x4f, 0x60, 0x41,
  0xcd, 0x88, 0xff, 0x1c, 0x43, 0x11, 0x88, 0x4d, 0x29, 0xba, 0x83, 0x15,
  0xd4, 0x8d, 0x8e, 0x18, 0x18, 0x50, 0x08, 0x82, 0x85, 0x7f, 0x60, 0xff,
  0x13, 0x58, 0xa0, 0x33, 0xe2, 0x3f, 0xc7, 0x50, 0x04, 0x65, 0x53, 0x4f,
  0xde, 0xe8, 0x88, 0x81, 0x01, 0x85, 0x20, 0x58, 0xf8, 0x07, 0x36, 0x42,
  0x81, 0x05, 0x3e, 0x23, 0xfe, 0x73, 0x0c, 0xf6, 0x12, 0xcc, 0xce, 0x20,
  0x43, 0x70, 0x2f, 0x64, 0x63, 0x81, 0x21, 0xfe, 0x83, 0x0c, 0x41, 0xbe,
  0xa4, 0xcd, 0x1c, 0x43, 0x50, 0xb8, 0xcd, 0x2e, 0x0c, 0xa4, 0x83, 0x3b,
  0xec, 0x43, 0xc1, 0x60, 0x54, 0x20, 0x3a, 0x38, 0x62, 0x60, 0x40, 0x21,
  0x08, 0x16, 0xfe, 0x81, 0xb5, 0x50, 0x60, 0x01, 0xda, 0x88, 0xff, 0x1c,
  0xc3, 0xbf, 0x04, 0xbd, 0x53, 0xc5, 0xfa, 0x60, 0x05, 0xa8, 0xa3, 0x23,
  0x06, 0x06, 0x14, 0x82, 0x60, 0xe1, 0x1f, 0x98, 0x0c, 0x05, 0x16, 0xb4,
  0x8d, 0xf8, 0xcf, 0x31, 0x14, 0x81, 0xde, 0x94, 0x22, 0x3f, 0x58, 0x41,
  0xeb, 0xe8, 0x88, 0x81, 0x01, 0x85, 0x20, 0x58, 0xf8, 0x07, 0x76, 0x43,
  0x81, 0x05, 0x72, 0x23, 0xfe, 0x73, 0x0c, 0x45, 0xd0, 0x37, 0xf5, 0xc4,
  0x8e, 0x8e, 0x18, 0x18, 0x50, 0x08, 0x82, 0x85, 0x7f, 0x60, 0x3b, 0x14,
  0x58, 0x60, 0x37, 0xe2, 0x3f, 0xc7, 0xe0, 0x32, 0xc1, 0xfa, 0x0c, 0x32,
  0x04, 0x2f, 0xc3, 0x37, 0x16, 0x18, 0xe2, 0x3f, 0xc8, 0x10, 0xc4, 0x4c,
  0xe8, 0xcc, 0x31, 0x04, 0x85, 0xe9, 0x8c, 0x18, 0x20, 0x50, 0x08, 0x82,
  0x85, 0x7f, 0xa0, 0xc1, 0x0d, 0xc5, 0x83, 0xde, 0xec, 0x8d, 0x05, 0x81,
  0xf8, 0x9b, 0x90, 0x37, 0xe2, 0x6f, 0x79, 0x13, 0x84, 0xbf, 0x0d, 0x81,
  0xf8, 0xcf, 0x31, 0x94, 0x4d, 0x50, 0x3f, 0x83, 0x0c, 0x81, 0xd9, 0xa8,
  0xce, 0x88, 0x01, 0x02, 0x85, 0x20, 0x58, 0xf8, 0x87, 0x1a, 0xe4, 0x10,
  0x18, 0x20, 0xc1, 0x2e, 0x0c, 0xe4, 0x83, 0x3f, 0x29, 0x44, 0xc1, 0x60,
  0x54, 0x20, 0x3e, 0x38, 0x62, 0x60, 0x40, 0x21, 0x08, 0x16, 0xfe, 0x81,
  0xb5, 0x51, 0x60, 0x01, 0xea, 0x88, 0xff, 0x1c, 0xc3, 0xcf, 0x04, 0xfd,
  0x53, 0xc5, 0x0a, 0x61, 0x05, 0xe8, 0xa3, 0x23, 0x06, 0x06, 0x14, 0x82,
  0x60, 0xe1, 0x1f, 0x98, 0x1c, 0x05, 0x16, 0xb4, 0x8e, 0xf8, 0xcf, 0x31,
  0x14, 0x81, 0xee, 0x94, 0x22, 0x43, 0x58, 0x41, 0xfb, 0xe8, 0x88, 0x81,
  0x01, 0x85, 0x20, 0x58, 0xf8, 0x07, 0x76, 0x47, 0x81, 0x05, 0xb2, 0x23,
  0xfe, 0x73, 0x0c, 0x45, 0xd0, 0x3b, 0xf5, 0xc4, 0x8f, 0x8e, 0x18, 0x18,
  0x50, 0x08, 0x82, 0x85, 0x7f, 0x60, 0x7b, 0x14, 0x58, 0x60, 0x3b, 0xe2,
  0x3f, 0xc7, 0xe0, 0x36, 0xc1, 0x0a, 0x0d, 0x32, 0x04, 0x6f, 0xc3, 0x3b,
  0x16, 0x18, 0xe2, 0x3f, 0xc8, 0x10, 0xc4, 0x4d, 0xf8, 0xcc, 0x31, 0x04,
  0x85, 0xf9, 0x98, 0x3c, 0xc4, 0x84, 0xf8, 0xcf, 0x31, 0x84, 0x4e, 0x10,
  0x43, 0x83, 0x0c, 0x81, 0xe8, 0x98, 0xcf, 0x88, 0x01, 0x02, 0x85, 0x20,
  0x58, 0xf8, 0x87, 0x1a, 0xd4, 0x11, 0x47, 0x04, 0x73, 0x0c, 0xa4, 0xb3,
  0x13, 0x34, 0x34, 0xc7, 0x50, 0x3a, 0x62, 0x51, 0x43, 0x26, 0x04, 0xe2,
  0x3f, 0xc8, 0x10, 0x9c, 0xce, 0xfa, 0x58, 0x50, 0x88, 0xff, 0x2c, 0x01,
  0xb4, 0x0b, 0x43, 0x09, 0xe5, 0x90, 0x1b, 0x51, 0x30, 0x20, 0x15, 0x8c,
  0x10, 0x8e, 0x18, 0x18, 0x50, 0x08, 0x82, 0x85, 0x7f, 0x60, 0xae, 0x14,
  0x58, 0x90, 0x3e, 0xe2, 0x3f, 0xc7, 0x00, 0x3a, 0x81, 0x0f, 0x55, 0xc1,
  0x46, 0x58, 0x41, 0x0a, 0xe9, 0x88, 0x81, 0x01, 0x85, 0x20, 0x58, 0xf8,
  0x07, 0x36, 0x4b, 0x81, 0x05, 0xee, 0x23, 0xfe, 0x73, 0x0c, 0x45, 0xb0,
  0x3f, 0xa5, 0xcc, 0x11, 0x56, 0xe0, 0x42, 0x3a, 0x62, 0x60, 0x40, 0x21,
  0x08, 0x16, 0xfe, 0x81, 0xe1, 0x52, 0x60, 0xc1, 0xfc, 0x88, 0xff, 0x1c,
  0x43, 0x11, 0xf8, 0x4f, 0x3d, 0x32, 0xa4, 0x23, 0x06, 0x06, 0x14, 0x82,
  0x60, 0xe1, 0x1f, 0x18, 0x2f, 0x05, 0x16, 0xdc, 0x8f, 0xf8, 0xcf, 0x31,
  0xbc, 0x4e, 0xc0, 0x46, 0x83, 0x0c, 0x01, 0xec, 0xf4, 0x8f, 0x05, 0x86,
  0xf8, 0x0f, 0x32, 0x04, 0xb2, 0x23, 0x42, 0x73, 0x0c, 0x41, 0x71, 0x42,
  0xbb, 0x30, 0xf4, 0x50, 0x1c, 0x95, 0x12, 0x05, 0x83, 0x51, 0xc1, 0x0e,
  0xe1, 0x88, 0x81, 0x01, 0x85, 0x20, 0x58, 0xf8, 0x07, 0x66, 0x4e, 0x81,
  0x05, 0x21, 0x24, 0xfe, 0x73, 0x0c, 0xb8, 0x13, 0xd8, 0x51, 0x15, 0xa4,
  0x84, 0x15, 0x84, 0x91, 0x8e, 0x18, 0x18, 0x50, 0x08, 0x82, 0x85, 0x7f,
  0x60, 0xeb, 0x14, 0x58, 0x60, 0x42, 0xe2, 0x3f, 0xc7, 0x50, 0x04, 0x33,
  0x54, 0xca, 0x2a, 0x61, 0x05, 0x66, 0xa4, 0x23, 0x06, 0x06, 0x14, 0x82,
  0x60, 0xe1, 0x1f, 0x18, 0x3c, 0x05, 0x16, 0xac, 0x90, 0xf8, 0xcf, 0x31,
  0x14, 0x81, 0x0d, 0xd5, 0xa3, 0x46, 0x3a, 0x62, 0x60, 0x40, 0x21, 0x08,
  0x16, 0xfe, 0x81, 0xd1, 0x53, 0x60, 0xc1, 0x0b, 0x89, 0xff, 0x1c, 0xc3,
  0xf9, 0x04, 0xa4, 0x34, 0xc8, 0x10, 0xa0, 0x4f, 0x0d, 0x59, 0x60, 0x88,
  0xff, 0x20, 0x43, 0xa0, 0x3e, 0x3a, 0x34, 0xc7, 0x10, 0x14, 0x3f, 0x64,
  0x83, 0xfa, 0x88, 0xff, 0x20, 0x43, 0xd0, 0x3e, 0x3d, 0x34, 0xc7, 0x10,
  0xd8, 0x90, 0x18, 0xcd, 0x31, 0xf0, 0x4f, 0x4b, 0xb0, 0xd2, 0x20, 0x43,
  0xd0, 0x3f, 0x61, 0x34, 0x62, 0x80, 0x40, 0x21, 0x08, 0x16, 0xfe, 0xa1,
  0x06, 0xf0, 0xe4, 0x0d, 0xc1, 0x1c, 0xc3, 0xff, 0xc0, 0xc6, 0x2b, 0x0d,
  0x32, 0x04, 0x20, 0x44, 0x46, 0x23, 0x06, 0x08, 0x14, 0x82, 0x60, 0xe1,
  0x1f, 0x6a, 0x30, 0x4f, 0x43, 0x12, 0xcc, 0x31, 0x88, 0x50, 0x6e, 0xc8,
  0xd2, 0x1c, 0xc3, 0x08, 0x81, 0xc7, 0x2c, 0x99, 0x10, 0x88, 0xff, 0x20,
  0x43, 0x50, 0x42, 0x69, 0x64, 0x41, 0x21, 0xfe, 0xb3, 0x04, 0xd0, 0x2e,
  0x0c, 0xa3, 0x74, 0x4b, 0xec, 0x44, 0xc1, 0x80, 0x54, 0x10, 0x4a, 0x38,
  0x62, 0x60, 0x40, 0x21, 0x08, 0x16, 0xfe, 0x81, 0xb1, 0x54, 0x60, 0xc1,
  0x19, 0x89, 0xff, 0x1c, 0x83, 0xff, 0x04, 0xbc, 0x54, 0x85, 0x3a, 0x61,
  0x05, 0xa7, 0xa4, 0x23, 0x06, 0x06, 0x14, 0x82, 0x60, 0xe1, 0x1f, 0x58,
  0x4c, 0x05, 0x16, 0xb0, 0x91, 0xf8, 0xcf, 0x31, 0x14, 0x41, 0x1e, 0x95,
  0x12, 0x4f, 0x58, 0x01, 0x2b, 0xe9, 0x88, 0x81, 0x01, 0x85, 0x20, 0x58,
  0xf8, 0x07, 0x66, 0x53, 0x81, 0x05, 0x71, 0x24, 0xfe, 0x73, 0x0c, 0x45,
  0xc0, 0x47, 0xf5, 0xc0, 0x92, 0x8e, 0x18, 0x18, 0x50, 0x08, 0x82, 0x85,
  0x7f, 0x60, 0x3a, 0x15, 0x58, 0x50, 0x47, 0xe2, 0x3f, 0xc7, 0xd0, 0x42,
  0x81, 0x3a, 0x0d, 0x32, 0x04, 0x2e, 0xb4, 0x47, 0x16, 0x18, 0xe2, 0x3f,
  0xc8, 0x10, 0xc0, 0x10, 0x28, 0xcd, 0x31, 0x04, 0x45, 0x29, 0xed, 0xc2,
  0xb0, 0x4b, 0xef, 0x34, 0x52, 0x14, 0x0c, 0x46, 0x05, 0xb9, 0x84, 0x23,
  0x06, 0x06, 0x14, 0x82, 0x60, 0xe1, 0x1f, 0x18, 0x59, 0x05, 0x16, 0xfc,
  0x91, 0xf8, 0xcf, 0x31, 0xd8, 0x50, 0x40, 0x4f, 0x55, 0x88, 0x14, 0x56,
  0xf0, 0x4b, 0x3a, 0x62, 0x60, 0x40, 0x21, 0x08, 0x16, 0xfe, 0x81, 0xa5,
  0x55, 0x60, 0x01, 0x29, 0x89, 0xff, 0x1c, 0x43, 0x11, 0xc4, 0x52, 0x29,
  0x29, 0x85, 0x15, 0x90, 0x93, 0x8e, 0x18, 0x18, 0x50, 0x08, 0x82, 0x85,
  0x7f, 0x60, 0x6e, 0x15, 0x58, 0x90, 0x4a, 0xe2, 0x3f, 0xc7, 0x50, 0x04,
  0xb4, 0x54, 0x0f, 0x3a, 0xe9, 0x88, 0x81, 0x01, 0x85, 0x20, 0x58, 0xf8,
  0x07, 0x26, 0x57, 0x81, 0x05, 0xad, 0x24, 0xfe, 0x73, 0x0c, 0x65, 0x14,
  0x88, 0xd4, 0x20, 0x43, 0x60, 0x46, 0xb3, 0x64, 0x81, 0x21, 0xfe, 0x83,
  0x0c, 0x01, 0x1a, 0xe1, 0xd2, 0x1c, 0x43, 0x50, 0xf4, 0xd2, 0x88, 0x01,
  0x02, 0x85, 0x20, 0x58, 0xf8, 0x07, 0x1a, 0xb8, 0x15, 0x8a, 0xc4, 0x92,
  0x2c, 0x59, 0x10, 0x88, 0xbf, 0x09, 0xb0, 0x24, 0xfe, 0x06, 0x4b, 0x41,
  0xf8, 0xdb, 0x10, 0x88, 0xff, 0x1c, 0x03, 0x1f, 0x05, 0x2c, 0x35, 0xc8,
  0x10, 0xf4, 0x51, 0x38, 0x8d, 0x18, 0x20, 0x50, 0x08, 0x82, 0x85, 0x7f,
  0xa8, 0x01, 0x5c, 0x81, 0x01, 0x12, 0xec, 0xc2, 0xb0, 0x4f, 0x2f, 0x05,
  0x56, 0x14, 0x0c, 0x46, 0x05, 0xf9, 0x84, 0x23, 0x06, 0x06, 0x14, 0x82,
  0x60, 0xe1, 0x1f, 0x18, 0x69, 0x05, 0x16, 0xfc, 0x92, 0xf8, 0xcf, 0x31,
  0xd8, 0x51, 0x40, 0x53, 0x55, 0x88, 0x15, 0x56, 0xf0, 0x4f, 0x3a, 0x62,
  0x60, 0x40, 0x21, 0x08, 0x16, 0xfe, 0x81, 0xa5, 0x56, 0x60, 0x01, 0x39,
  0x89, 0xff, 0x1c, 0x43, 0x11, 0xc4, 0x53, 0x29, 0x69, 0x85, 0x15, 0x90,
  0x94, 0x8e, 0x18, 0x18, 0x50, 0x08, 0x82, 0x85, 0x7f, 0x60, 0xae, 0x15,
  0x58, 0x90, 0x4e, 0xe2, 0x3f, 0xc7, 0x50, 0x04, 0xf4, 0x54, 0x0f, 0x4a,
  0xe9, 0x88, 0x81, 0x01, 0x85, 0x20, 0x58, 0xf8, 0x07, 0x26, 0x5b, 0x81,
  0x05, 0xed, 0x24, 0xfe, 0x73, 0x0c, 0xa5, 0x14, 0x88, 0xd5, 0x20, 0x43,
  0x60, 0x4a, 0xf3, 0x64, 0x81, 0x21, 0xfe, 0x83, 0x0c, 0x01, 0x2a, 0xe1,
  0xd3, 0x1c, 0x43, 0x50, 0xf4, 0x93, 0xa5, 0x08, 0x9a, 0x88, 0xff, 0x1c,
  0x03, 0x2e, 0x05, 0x68, 0x35, 0xc8, 0x10, 0xe4, 0x52, 0x3f, 0x8d, 0x18,
  0x20, 0x50, 0x08, 0x82, 0x85, 0x7f, 0xa8, 0x01, 0x6b, 0x71, 0x44, 0x30,
  0xc7, 0xb0, 0x4b, 0x72, 0xb2, 0x56, 0x83, 0x0c, 0x01, 0x2f, 0x81, 0xd4,
  0x2c, 0xc1, 0xb3, 0x0b, 0x43, 0x4e, 0xb5, 0x95, 0x68, 0x51, 0x30, 0x20,
  0x15, 0xdc, 0x14, 0x8e, 0x18, 0x18, 0x50, 0x08, 0x82, 0x85, 0x7f, 0x60,
  0xe2, 0x15, 0x58, 0xd0, 0x4f, 0xe2, 0x3f, 0xc7, 0x40, 0x4b, 0x81, 0x5c,
  0x55, 0x01, 0x5a, 0x58, 0x41, 0x4f, 0xe9, 0x88, 0x81, 0x01, 0x85, 0x20,
  0x58, 0xf8, 0x07, 0x76, 0x5e, 0x81, 0x05, 0x22, 0x25, 0xfe, 0x73, 0x0c,
  0x45, 0xf0, 0x52, 0xa5, 0x9c, 0x16, 0x56, 0x20, 0x56, 0x3a, 0x62, 0x60,
  0x40, 0x21, 0x08, 0x16, 0xfe, 0x81, 0xb1, 0x57, 0x60, 0xc1, 0x49, 0x89,
  0xff, 0x1c, 0x43, 0x11, 0xc8, 0x54, 0x3d, 0x66, 0xa5, 0x23, 0x06, 0x06,
  0x14, 0x82, 0x60, 0xe1, 0x1f, 0x18, 0x7c, 0x05, 0x16, 0xac, 0x94, 0xf8,
  0xcf, 0x31, 0x8c, 0x53, 0x00, 0x5a, 0x83, 0x0c, 0x01, 0x39, 0xc5, 0x94,
  0x05, 0x86, 0xf8, 0x0f, 0x32, 0x04, 0xe6, 0x64, 0x53, 0x73, 0x0c, 0x41,
  0xb1, 0x53, 0xbb, 0x30, 0xc4, 0x55, 0x69, 0xe5, 0x16, 0x05, 0x83, 0x51,
  0xc1, 0x5b, 0xe1, 0x88, 0x81, 0x01, 0x85, 0x20, 0x58, 0xf8, 0x07, 0xa6,
  0x5f, 0x81, 0x05, 0x35, 0x25, 0xfe, 0x73, 0x0c, 0xec, 0x14, 0xa8, 0x56,
  0x15, 0xb8, 0x85, 0x15, 0xd4, 0x95, 0x8e, 0x18, 0x18, 0x50, 0x08, 0x82,
  0x85, 0x7f, 0x60, 0xff, 0x15, 0x58, 0xa0, 0x53, 0xe2, 0x3f, 0xc7, 0x50,
  0x04, 0x67, 0x55, 0xca, 0x6f, 0x61, 0x05, 0x7a, 0xa5, 0x23, 0x06, 0x06,
  0x14, 0x82, 0x60, 0xe1, 0x1f, 0x18, 0x89, 0x05, 0x16, 0xfc, 0x94, 0xf8,
  0xcf, 0x31, 0x14, 0x81, 0x5a, 0xd5, 0xe3, 0x57, 0x3a, 0x62, 0x60, 0x40,
  0x21, 0x08, 0x16, 0xfe, 0x81, 0xa1, 0x58, 0x60, 0xc1, 0x58, 0x89, 0xff,
  0x1c, 0xc3, 0x3e, 0x05, 0xb8, 0x35, 0xc8, 0x10, 0xf0, 0x53, 0x5a, 0x59,
  0x60, 0x88, 0xff, 0x20, 0x43, 0xe0, 0x4f, 0x6e, 0x35, 0xc7, 0x10, 0x14,
  0x73, 0x65, 0x83, 0x3f, 0x89, 0xff, 0x20, 0x43, 0x10, 0x52, 0x71, 0x35,
  0xc7, 0x10, 0xa8, 0x95, 0x5d, 0xcd, 0x31, 0xc0, 0x54, 0x98, 0x80, 0xd7,
  0x20, 0x43, 0x10, 0x53, 0x75, 0x35, 0x62, 0x80, 0x40, 0x21, 0x08, 0x16,
  0xfe, 0xa1, 0x06, 0x24, 0xe6, 0x0d, 0xc1, 0x1c, 0xc3, 0x4c, 0x91, 0xcb,
  0x78, 0x0d, 0x32, 0x04, 0x34, 0x85, 0x57, 0x23, 0x06, 0x08, 0x14, 0x82,
  0x60, 0xe1, 0x1f, 0x6a, 0x70, 0x62, 0x43, 0x12, 0xcc, 0x31, 0xd8, 0x54,
  0xbb, 0x98, 0xd7, 0x20, 0x43, 0x70, 0x53, 0x7b, 0x65, 0x43, 0x20, 0xfe,
  0xb3, 0x04, 0xcf, 0x40, 0x45, 0x40, 0x38, 0xfa, 0xd0, 0x0c, 0x54, 0x04,
  0x84, 0x03, 0x12, 0x8d, 0xcd, 0x8d, 0x5c, 0x89, 0xbf, 0x05, 0x6f, 0x23,
  0xfe, 0x06, 0x37, 0x65, 0x25, 0xfe, 0x23, 0x06, 0x07, 0x14, 0x82, 0x60,
  0xe1, 0x1f, 0xde, 0x8e, 0x05, 0x65, 0x65, 0xc3, 0x5c, 0x81, 0xbf, 0x09,
  0x74, 0x05, 0xfe, 0x26, 0x04, 0xe4, 0x3f, 0x62, 0x80, 0x40, 0x21, 0x08,
  0x16, 0xfe, 0x81, 0x06, 0x39, 0x16, 0xf0, 0x55, 0x5f, 0x59, 0xa0, 0x57,
  0xe2, 0x6f, 0x7a, 0x15, 0x84, 0xbf, 0xe1, 0x4d, 0x5e, 0x81, 0xbf, 0x05,
  0x4a, 0xf8, 0x5b, 0x70, 0x90, 0xff, 0x88, 0x01, 0x02, 0x85, 0x20, 0x58,
  0xf8, 0x07, 0x1a, 0xfc, 0x58, 0x20, 0x5a, 0xa3, 0x65, 0x01, 0x68, 0x89,
  0xbf, 0x81, 0x56, 0x10, 0xfe, 0x36, 0x24, 0xe2, 0x6f, 0x41, 0x20, 0xfe,
  0x16, 0x24, 0xe2, 0x6f, 0x01, 0x21, 0xfe, 0x23, 0x06, 0x07, 0x14, 0x82,
  0x60, 0xe1, 0x1f, 0x9e, 0x98, 0x05, 0x75, 0x35, 0xc7, 0x00, 0x57, 0x01,
  0x88, 0x0d, 0x32, 0x04, 0x71, 0x55, 0x5b, 0x23, 0x06, 0x08, 0x14, 0x82,
  0x60, 0xe1, 0x1f, 0x6a, 0x40, 0x66, 0x58, 0x5c, 0x05, 0x73, 0x0c, 0x73,
  0x95, 0x53, 0x23, 0x36, 0xc7, 0x40, 0x57, 0x31, 0x43, 0x62, 0x16, 0x08,
  0xe2, 0x3f, 0xc8, 0x10, 0xd8, 0x95, 0x6e, 0x59, 0xe0, 0x89, 0xbf, 0x05,
  0x86, 0xf8, 0xcf, 0x12, 0x40, 0x03, 0x25, 0x92, 0xeb, 0x06, 0x8f, 0xeb,
  0x06, 0x8c, 0xeb, 0x06, 0x0b, 0xeb, 0x06, 0xca, 0x40, 0x49, 0x40, 0x3c,
  0xe8, 0xc2, 0x90, 0xcf, 0x02, 0xaf, 0x81, 0x32, 0xcb, 0x10, 0x91, 0x81,
  0x30, 0x50, 0xd1, 0xe0, 0x68, 0x30, 0x80, 0x1b, 0x34, 0x50, 0xd1, 0xf0,
  0x68, 0x30, 0x90, 0x1b, 0x34, 0x50, 0x01, 0xb0, 0x69, 0x30, 0xe0, 0x18,
  0x34, 0x50, 0x01, 0xc8, 0x69, 0x30, 0xd0, 0x1b, 0x34, 0x50, 0x01, 0xe0,
  0x69, 0x30, 0xe8, 0x1b, 0x34, 0x50, 0x01, 0xf8, 0x69, 0x30, 0x88, 0x1c,
  0x34, 0x50, 0x01, 0x90, 0x6a, 0x30, 0xa0, 0x1c, 0x64, 0xbb, 0x45, 0x84,
  0xff, 0x1c, 0x83, 0x5d, 0x05, 0x33, 0x36, 0xc7, 0x10, 0x0c, 0xec, 0xb5,
  0x0b, 0x44, 0x88, 0xd5, 0x98, 0x8d, 0xa9, 0x17, 0x05, 0x80, 0x61, 0x41,
  0x22, 0xfe, 0xbb, 0x40, 0x90, 0x18, 0x8e, 0xe5, 0xd8, 0x8d, 0x51, 0x00,
  0x20, 0x16, 0x28, 0xe2, 0x6f, 0x44, 0x10, 0xfe, 0x73, 0x0c, 0x7e, 0x15,
  0xf0, 0x98, 0x11, 0x8e, 0xf8, 0x1b, 0xd2, 0x88, 0xbf, 0x09, 0x41, 0xf8,
  0xcf, 0x31, 0x10, 0x01, 0x7e, 0x0d, 0x32, 0x58, 0xa4, 0x05, 0x5f, 0x83,
  0x0c, 0x31, 0xf6, 0x5a, 0xf1, 0x65, 0x57, 0x20, 0xfe, 0x83, 0x0c, 0x33,
  0x16, 0x5b, 0xf2, 0x65, 0x51, 0x20, 0xfe, 0x36, 0x18, 0xe0, 0x6f, 0x81,
  0x00, 0xfe, 0x16, 0x1c, 0xe2, 0x3f, 0xc8, 0x10, 0xb0, 0x16, 0x89, 0x8d,
  0x18, 0x20, 0x50, 0x08, 0x82, 0x85, 0x7f, 0xa0, 0x41, 0xac, 0x75, 0xf1,
  0xf5, 0x5b, 0xbb, 0x30, 0xdc, 0xd8, 0x9a, 0xc5, 0x18, 0x05, 0x80, 0x61,
  0xc1, 0x00, 0xfe, 0xbb, 0x30, 0xe8, 0x98, 0x9b, 0xd5, 0x18, 0x05, 0x02,
  0x32, 0xc7, 0xc0, 0x5b, 0x03, 0x9c, 0x0d, 0x32, 0x04, 0xbd, 0xd5, 0x62,
  0x73, 0x0c, 0xbf, 0x55, 0xc8, 0xd9, 0x20, 0x43, 0xf0, 0x5b, 0x2f, 0x36,
  0x62, 0x60, 0x40, 0x21, 0x08, 0x16, 0xfe, 0xa1, 0xcd, 0xda, 0x62, 0x81,
  0x11, 0xfe, 0x16, 0x14, 0xe0, 0x6f, 0x01, 0x01, 0xfe, 0x63, 0x08, 0x01,
  0x9e, 0x8d, 0x21, 0x08, 0x31, 0x36, 0x62, 0x70, 0x40, 0x21, 0x08, 0x16,
  0xfe, 0xe1, 0x9d, 0x9b, 0x10, 0x8c, 0x18, 0x1c, 0x50, 0x08, 0x82, 0x85,
  0x7f, 0x78, 0xbe, 0x16, 0x94, 0xd8, 0x88, 0xc1, 0x01, 0x85, 0x20, 0x58,
  0xf8, 0x07, 0x1b, 0xf0, 0x5a, 0x71, 0x5e, 0x23, 0x06, 0x07, 0x14, 0x82,
  0x60, 0xe1, 0x1f, 0x60, 0x80, 0x6e, 0x41, 0x30, 0x62, 0x60, 0x40, 0x21,
  0x08, 0x16, 0xfe, 0x61, 0xa9, 0x5b, 0x60, 0x44, 0x00, 0xfe, 0x36, 0x05,
  0xe1, 0x6f, 0x41, 0x45, 0xfe, 0x23, 0x06, 0x06, 0x14, 0x82, 0x60, 0xe1,
  0x1f, 0x16, 0xaf, 0x05, 0x16, 0xb8, 0x18, 0xf8, 0xdb, 0x8b, 0x05, 0xe4,
  0x3f, 0x62, 0x80, 0x40, 0x21, 0x08, 0x16, 0xfe, 0x81, 0x06, 0xec, 0x16,
  0xbc, 0x18, 0x8c, 0xcd, 0x31, 0xcc, 0x57, 0x1e, 0x98, 0x9a, 0x05, 0xee,
  0x05, 0xfe, 0x83, 0x0c, 0x01, 0x7d, 0x91, 0x99, 0x05, 0x5a, 0xf8, 0x5b,
  0x60, 0x81, 0xff, 0x18, 0x42, 0xb0, 0x6a, 0x63, 0x08, 0x02, 0x99, 0x8d,
  0x18, 0x1c, 0x50, 0x08, 0x82, 0x85, 0x7f, 0x78, 0xfa, 0x26, 0x04, 0x23,
  0x06, 0x07, 0x14, 0x82, 0x60, 0xe1, 0x1f, 0x5e, 0xbc, 0x05, 0x38, 0x36,
  0x62, 0x70, 0x40, 0x21, 0x08, 0x16, 0xfe, 0xc1, 0x06, 0xef, 0x56, 0xe8,
  0xd7, 0x88, 0xc1, 0x01, 0x85, 0x20, 0x58, 0xf8, 0x07, 0x18, 0xec, 0x5b,
  0x10, 0x8c, 0x18, 0x18, 0x50, 0x08, 0x82, 0x85, 0x7f, 0x58, 0xfd, 0x16,
  0x18, 0x51, 0x0a, 0xe1, 0x6f, 0x81, 0x00, 0xfe, 0x23, 0x06, 0x08, 0x14,
  0x82, 0x60, 0xe1, 0x1f, 0x68, 0xb0, 0x6f, 0x81, 0x8f, 0xfd, 0xd8, 0x2e,
  0x0c, 0xa1, 0x56, 0x6b, 0xe9, 0x46, 0xc1, 0x60, 0x54, 0xf0, 0x67, 0x38,
  0x62, 0x60, 0x40, 0x21, 0x08, 0x16, 0xfe, 0x81, 0xa9, 0x5c, 0x60, 0x41,
  0x99, 0x89, 0xff, 0x1c, 0x03, 0x7f, 0x05, 0xba, 0x56, 0x05, 0xba, 0x61,
  0x05, 0xa5, 0xa6, 0x23, 0x06, 0x06, 0x14, 0x82, 0x60, 0xe1, 0x1f, 0xd8,
  0xcb, 0x05, 0x16, 0xa8, 0x99, 0xf8, 0xcf, 0x31, 0x14, 0xc1, 0x9d, 0x95,
  0xf2, 0x6e, 0x58, 0x81, 0xaa, 0xe9, 0x88, 0x81, 0x01, 0x85, 0x20, 0x58,
  0xf8, 0x07, 0x46, 0x73, 0x81, 0x05, 0x6f, 0x26, 0xfe, 0x73, 0x0c, 0x45,
  0xa0, 0x67, 0xf5, 0xb8, 0x9a, 0x8e, 0x18, 0x18, 0x50, 0x08, 0x82, 0x85,
  0x7f, 0x60, 0x38, 0x17, 0x58, 0x30, 0x67, 0xe2, 0x3f, 0xc7, 0xb0, 0x62,
  0x01, 0xba, 0x0d, 0x32, 0x04, 0x2c, 0x96, 0x67, 0x16, 0x18, 0xe2, 0x3f,
  0xc8, 0x10, 0xb8, 0x98, 0x9f, 0xcd, 0x31, 0x04, 0xc5, 0xa8, 0x19, 0x9e,
  0xa1, 0x41, 0xf8, 0xcf, 0x31, 0xf8, 0x58, 0xe0, 0x6e, 0x83, 0x0c, 0xc1,
  0x8f, 0x8d, 0x9a, 0x11, 0x81, 0xf8, 0xcf, 0x31, 0x84, 0x59, 0x17, 0x6f,
  0x83, 0x0c, 0x81, 0x98, 0x99, 0xda, 0x88, 0x01, 0x02, 0x85, 0x20, 0x58,
  0xf8, 0x87, 0x1a, 0xd4, 0x9c, 0x98, 0x0d, 0xc1, 0x2c, 0x01, 0x19, 0x8c,
  0x18, 0x1c, 0x11, 0x0c, 0x82, 0x85, 0x7f, 0x98, 0x01, 0xcf, 0x81, 0xdb,
  0x8b, 0xed, 0xc2, 0x10, 0x6e, 0xf5, 0x96, 0x72, 0x14, 0x0c, 0x46, 0x05,
  0xbf, 0x86, 0x23, 0x06, 0x06, 0x14, 0x82, 0x60, 0xe1, 0x1f, 0x98, 0xda,
  0x05, 0x16, 0x94, 0x9a, 0xf8, 0xcf, 0x31, 0xf0, 0x58, 0xa0, 0x6f, 0x55,
  0xa0, 0x1c, 0x56, 0x50, 0x6e, 0x3a, 0x62, 0x60, 0x40, 0x21, 0x08, 0x16,
  0xfe, 0x81, 0xbd, 0x5d, 0x60, 0x81, 0xaa, 0x89, 0xff, 0x1c, 0x43, 0x11,
  0xdc, 0x5a, 0x29, 0x2f, 0x87, 0x15, 0xa8, 0x9b, 0x8e, 0x18, 0x18, 0x50,
  0x08, 0x82, 0x85, 0x7f, 0x60, 0x74, 0x17, 0x58, 0xf0, 0x6a, 0xe2, 0x3f,
  0xc7, 0x50, 0x04, 0xba, 0x56, 0x8f, 0xbb, 0xe9, 0x88, 0x81, 0x01, 0x85,
  0x20, 0x58, 0xf8, 0x07, 0x86, 0x77, 0x81, 0x05, 0xb3, 0x26, 0xfe, 0x73,
  0x0c, 0x6b, 0x16, 0xa0, 0xdc, 0x20, 0x43, 0xc0, 0x66, 0xb9, 0x66, 0x81,
  0x21, 0xfe, 0x83, 0x0c, 0x81, 0x9b, 0xf9, 0xda, 0x1c, 0x43, 0x50, 0x8c,
  0xdb, 0x1c, 0x43, 0x9f, 0x65, 0x2d, 0x37, 0xc7, 0xe0, 0x67, 0x64, 0xe6,
  0x72, 0x26, 0x04, 0xe2, 0x3f, 0xc8, 0x10, 0x80, 0x1a, 0xb9, 0x59, 0x50,
  0x88, 0xff, 0x2c, 0x01, 0x19, 0xec, 0x02, 0xe1, 0x6f, 0x32, 0x37, 0x73,
  0x32, 0x47, 0x01, 0x80, 0xec, 0x02, 0x01, 0x72, 0x34, 0x57, 0x73, 0xeb,
  0x46, 0x01, 0x60, 0x58, 0x30, 0x88, 0xff, 0x2e, 0x10, 0x23, 0x77, 0x73,
  0x38, 0xf7, 0x6e, 0x14, 0x00, 0xc6, 0x2e, 0x10, 0x25, 0x97, 0x73, 0x3a,
  0xf7, 0x6e, 0x14, 0x00, 0x88, 0x05, 0x83, 0xf8, 0x9b, 0x11, 0x84, 0xbf,
  0xa1, 0x5b, 0x40, 0xfe, 0x76, 0x6e, 0x46, 0xf8, 0xcf, 0x31, 0x88, 0x9a,
  0xf2, 0x73, 0x73, 0x0c, 0x81, 0x80, 0x6f, 0xa6, 0x6e, 0x47, 0xf8, 0xcf,
  0x31, 0x94, 0x5a, 0x20, 0x76, 0x73, 0x0c, 0x01, 0xb4, 0x6f, 0xbb, 0x40,
  0xc0, 0x1c, 0xd9, 0x95, 0x5d, 0xbe, 0x51, 0x00, 0x18, 0x16, 0x30, 0xe2,
  0xbf, 0x0b, 0xc4, 0xcc, 0x9d, 0x1d, 0xda, 0x99, 0x1d, 0x05, 0x00, 0x62,
  0x01, 0x25, 0xfe, 0x46, 0x04, 0xe1, 0x3f, 0xc7, 0xd0, 0x6a, 0xc1, 0xda,
  0x19, 0x41, 0x89, 0xbf, 0x21, 0x9a, 0xf8, 0x9b, 0x10, 0x84, 0xff, 0x1c,
  0x03, 0x11, 0x9c, 0xdc, 0x1c, 0xc3, 0xac, 0x4d, 0x70, 0x37, 0xc8, 0x10,
  0xd0, 0x1a, 0xc8, 0x0d, 0x32, 0x84, 0xdd, 0xaf, 0x85, 0x9c, 0x4d, 0x81,
  0xf8, 0x0f, 0x32, 0x8c, 0x5d, 0xb8, 0x89, 0x9c, 0x49, 0x81, 0xf8, 0xdb,
  0x70, 0x80, 0xbf, 0x05, 0x02, 0xf8, 0x5b, 0x70, 0x88, 0xff, 0x20, 0x43,
  0xc0, 0x6b, 0x34, 0xb7, 0x0b, 0x83, 0xd9, 0xe9, 0x9d, 0xcf, 0x51, 0x30,
  0x20, 0x15, 0x88, 0x1d, 0x56, 0xe0, 0x7a, 0x5a, 0x43, 0xcf, 0xe9, 0x70,
  0x43, 0x10, 0x7b, 0x61, 0x30, 0xdd, 0x30, 0x6f, 0xf2, 0x16, 0x0c, 0x93,
  0x0c, 0x04, 0x45, 0x06, 0xd5, 0x18, 0x58, 0x67, 0x70, 0xed, 0xc2, 0xd0,
  0x76, 0xa1, 0x87, 0x76, 0x14, 0x08, 0xc8, 0x2c, 0x01, 0x36, 0x86, 0xb0,
  0x8c, 0xde, 0x1c, 0x43, 0xbc, 0x05, 0xa4, 0x37, 0x86, 0xd0, 0xf4, 0xdc,
  0x88, 0x81, 0x01, 0x85, 0x20, 0x58, 0xf8, 0x87, 0x95, 0x7f, 0x81, 0xc1,
  0x5c, 0x10, 0xfe, 0x73, 0x0c, 0x44, 0x00, 0x76, 0xbb, 0x30, 0xd4, 0x5d,
  0xea, 0xc1, 0x1d, 0x05, 0x02, 0x32, 0x86, 0x10, 0xac, 0x9e, 0x05, 0x0c,
  0xf8, 0xcf, 0x31, 0xe8, 0x5b, 0xd0, 0x7a, 0x63, 0x08, 0x84, 0xd9, 0x19,
  0xce, 0x05, 0xe1, 0x3f, 0xc7, 0x30, 0x04, 0x68, 0x67, 0x49, 0x10, 0xfe,
  0x23, 0x06, 0xc7, 0x14, 0x83, 0x60, 0xe1, 0x1f, 0x70, 0xd0, 0x7e, 0xc1,
  0xcd, 0x8d, 0x18, 0x20, 0x53, 0x0c, 0x82, 0x85, 0x7f, 0xb8, 0xc1, 0xfb,
  0x05, 0xf9, 0xd6, 0x73, 0xb3, 0x04, 0xd8, 0x2e, 0x0c, 0xa0, 0x47, 0x7b,
  0x7b, 0x47, 0x81, 0x80, 0x8c, 0x21, 0x04, 0xb6, 0x67, 0xc1, 0x05, 0xfe,
  0x73, 0x0c, 0x25, 0x17, 0xe0, 0xde, 0x18, 0x02, 0x11, 0x77, 0x36, 0x76,
  0x41, 0xf8, 0xcf, 0x31, 0x0c, 0xc1, 0xdc, 0xd9, 0x18, 0x04, 0xe1, 0x3f,
  0x62, 0x60, 0x40, 0x21, 0x08, 0x16, 0xfe, 0x61, 0xe9, 0x9f, 0xd8, 0x8d,
  0x18, 0x18, 0x50, 0x08, 0x82, 0x85, 0x7f, 0x58, 0xfc, 0x37, 0x76, 0x73,
  0x0c, 0x2c, 0x27, 0xfc, 0x9e, 0xa5, 0x9d, 0x10, 0xfe, 0x73, 0x0c, 0x42,
  0x90, 0x77, 0x73, 0x0c, 0x2f, 0x47, 0x88, 0xdf, 0x1c, 0x43, 0x60, 0xec,
  0xdd, 0x20, 0x03, 0x02, 0x73, 0xa0, 0x67, 0x01, 0x21, 0xfe, 0x83, 0x0c,
  0xca, 0xcc, 0x81, 0x9e, 0x05, 0x84, 0xf8, 0xdb, 0x10, 0x80, 0xff, 0x88,
  0x81, 0x01, 0x85, 0x20, 0x58, 0xf8, 0x87, 0x86, 0x82, 0x41, 0x60, 0xc1,
  0xcb, 0x81, 0xff, 0x18, 0x42, 0xb0, 0x7e, 0x63, 0x08, 0x02, 0xe9, 0x8d,
  0x18, 0x1c, 0x50, 0x08, 0x82, 0x85, 0x7f, 0x78, 0x3a, 0x18, 0x08, 0xc1,
  0x88, 0xc1, 0x01, 0x85, 0x20, 0x58, 0xf8, 0x87, 0x17, 0x83, 0x41, 0x80,
  0x77, 0x23, 0x06, 0x07, 0x14, 0x82, 0x60, 0xe1, 0x1f, 0x6c, 0xf0, 0x82,
  0x41, 0xa1, 0x73, 0x23, 0x06, 0x07, 0x14, 0x82, 0x60, 0xe1, 0x1f, 0x60,
  0xb0, 0x83, 0x41, 0x10, 0x8c, 0x18, 0x18, 0x50, 0x08, 0x82, 0x85, 0x7f,
  0x58, 0x3d, 0x18, 0x04, 0x16, 0x10, 0xe0, 0x3f, 0x4b, 0x80, 0x8d, 0x18,
  0x1c, 0x50, 0x08, 0x82, 0x85, 0x7f, 0x80, 0x81, 0x0f, 0x06, 0x3c, 0xc7,
  0x73, 0x23, 0x06, 0x06, 0x14, 0x82, 0x60, 0xe1, 0x1f, 0x16, 0x18, 0x06,
  0xc1, 0x18, 0x42, 0x1f, 0xd4, 0xdf, 0x1c, 0xc3, 0xd8, 0x05, 0xf6, 0x37,
  0x86, 0xf0, 0x07, 0xaf, 0x37, 0x62, 0x60, 0x40, 0x21, 0x08, 0x16, 0xfe,
  0x61, 0xad, 0x61, 0x10, 0x98, 0xe8, 0x05, 0xe1, 0x3f, 0xc7, 0x40, 0x04,
  0xb2, 0xb7, 0x0b, 0xc3, 0xf9, 0xed, 0x9f, 0xf8, 0x51, 0x20, 0x20, 0x63,
  0x08, 0x41, 0xff, 0x59, 0xe0, 0x07, 0xe0, 0x3f, 0xc7, 0xc0, 0x76, 0xc1,
  0xff, 0x8d, 0x21, 0x10, 0xb8, 0x67, 0x4d, 0x10, 0xfe, 0x73, 0x0c, 0x43,
  0xa0, 0x7b, 0x96, 0x04, 0xe1, 0x3f, 0x62, 0x60, 0x40, 0x21, 0x08, 0x16,
  0xfe, 0x61, 0x85, 0x61, 0x90, 0x7a, 0x23, 0x06, 0x06, 0x14, 0x82, 0x60,
  0xe1, 0x1f, 0xd6, 0x18, 0x06, 0xaa, 0x37, 0xc7, 0x30, 0x77, 0x82, 0x09,
  0x06, 0x06, 0x7b, 0x42, 0xf8, 0xcf, 0x31, 0x08, 0x01, 0xf8, 0xcd, 0x31,
  0xd8, 0x1d, 0x91, 0x82, 0xc1, 0x1c, 0x43, 0x60, 0x88, 0xdf, 0x20, 0x03,
  0x72, 0x77, 0xe7, 0x67, 0x01, 0x21, 0xfe, 0x83, 0x0c, 0x8a, 0xde, 0x9d,
  0x9f, 0x05, 0x84, 0xf8, 0xdb, 0x10, 0x80, 0xff, 0x88, 0x81, 0x01, 0x85,
  0x20, 0x58, 0xf8, 0x87, 0xf6, 0x86, 0x41, 0x60, 0x41, 0xdd, 0x81, 0xff,
  0x18, 0x42, 0x20, 0x83, 0xc1, 0x18, 0x82, 0xb0, 0x7e, 0x23, 0x06, 0x07,
  0x14, 0x82, 0x60, 0xe1, 0x1f, 0x5e, 0x28, 0x06, 0x42, 0x30, 0x62, 0x70,
  0x40, 0x21, 0x08, 0x16, 0xfe, 0xe1, 0xe1, 0x61, 0x10, 0xfc, 0xde, 0x88,
  0xc1, 0x01, 0x85, 0x20, 0x58, 0xf8, 0x07, 0x1b, 0xd8, 0x61, 0x50, 0x84,
  0xde, 0x88, 0xc1, 0x01, 0x85, 0x20, 0x58, 0xf8, 0x07, 0x18, 0x88, 0x62,
  0x10, 0x04, 0x23, 0x06, 0x06, 0x14, 0x82, 0x60, 0xe1, 0x1f, 0x16, 0x29,
  0x06, 0x81, 0x05, 0x04, 0xf8, 0x9b, 0xb6, 0x7a, 0xe0, 0x6f, 0xc1, 0xf8,
  0x89, 0xff, 0x18, 0x42, 0x46, 0x7f, 0x16, 0x08, 0xe1, 0x3f, 0xc7, 0xb0,
  0x05, 0xf6, 0x37, 0xc7, 0xc0, 0x7a, 0x6b, 0xf0, 0x83, 0xc1, 0x1c, 0x43,
  0x50, 0xe0, 0xdf, 0x88, 0x81, 0x01, 0x85, 0x20, 0x58, 0xf8, 0x87, 0x06,
  0x8a, 0xc1, 0x60, 0x81, 0x10, 0xfe, 0x63, 0x08, 0xc1, 0x18, 0x06, 0x63,
  0x08, 0x02, 0xff, 0x8d, 0x18, 0x1c, 0x50, 0x08, 0x82, 0x85, 0x7f, 0x78,
  0xb2, 0x18, 0x08, 0xc1, 0x88, 0xc1, 0x01, 0x85, 0x20, 0x58, 0xf8, 0x87,
  0x97, 0x8a, 0x41, 0x00, 0x7f, 0x23, 0x06, 0x07, 0x14, 0x82, 0x60, 0xe1,
  0x1f, 0x6c, 0x70, 0x8a, 0x41, 0x21, 0x7b, 0x23, 0x06, 0x07, 0x14, 0x82,
  0x60, 0xe1, 0x1f, 0x60, 0x30, 0x8b, 0x41, 0x10, 0x8c, 0x18, 0x18, 0x50,
  0x08, 0x82, 0x85, 0x7f, 0x58, 0xb5, 0x18, 0x04, 0x16, 0x10, 0xe0, 0x3f,
  0x62, 0x70, 0x40, 0x21, 0x08, 0x16, 0xfe, 0xe1, 0xb9, 0x62, 0x20, 0x05,
  0xb3, 0x04, 0xd8, 0x40, 0x89, 0x40, 0x1b, 0x14, 0x38, 0x5c, 0x6e, 0x61,
  0x91, 0x46, 0x35, 0x50, 0x02, 0xb8, 0x7f, 0x40, 0x11, 0x97, 0x3d, 0x58,
  0x74, 0x51, 0xed, 0xc2, 0xa0, 0x83, 0x81, 0x1b, 0x06, 0x7d, 0x18, 0x50,
  0x00, 0x20, 0x73, 0x0c, 0xbd, 0x17, 0xc0, 0x61, 0x30, 0xc8, 0x10, 0xf4,
  0x5e, 0x0b, 0x06, 0x23, 0x06, 0x06, 0x14, 0x82, 0x60, 0xe1, 0x1f, 0x5a,
  0x2c, 0x06, 0xf9, 0x60, 0xc2, 0x11, 0xfe, 0x16, 0x08, 0xe0, 0x3f, 0x86,
  0x10, 0xd4, 0x61, 0x30, 0x86, 0x20, 0xb8, 0x60, 0x30, 0x62, 0x70, 0x40,
  0x21, 0x08, 0x16, 0xfe, 0xe1, 0x91, 0x63, 0x20, 0x04, 0x23, 0x06, 0x07,
  0x14, 0x82, 0x60, 0xe1, 0x1f, 0xde, 0x2e, 0x06, 0x81, 0x08, 0x06, 0x23,
  0x06, 0x07, 0x14, 0x82, 0x60, 0xe1, 0x1f, 0x6c, 0x90, 0x8b, 0x41, 0x41,
  0x7e, 0x23, 0x06, 0x07, 0x14, 0x82, 0x60, 0xe1, 0x1f, 0x60, 0x50, 0x8e,
  0x41, 0x10, 0x8c, 0x18, 0x18, 0x50, 0x08, 0x82, 0x85, 0x7f, 0x58, 0xe7,
  0x18, 0x04, 0xf6, 0x7f, 0x4d, 0xf8, 0x5b, 0x50, 0x80, 0xbf, 0x05, 0x03,
  0xf8, 0xcf, 0x32, 0x64, 0x1a, 0x48, 0x18, 0x0a, 0x06, 0x52, 0xf8, 0x8f,
  0x18, 0x1c, 0x50, 0x08, 0x82, 0x85, 0x7f, 0x78, 0xed, 0x18, 0x08, 0xc1,
  0x2c, 0x81, 0x36, 0x50, 0x01, 0x08, 0x99, 0x81, 0x8d, 0x18, 0x18, 0x52,
  0x08, 0x82, 0x85, 0x7f, 0x58, 0xe7, 0x18, 0x54, 0x23, 0x06, 0x86, 0x14,
  0x82, 0x60, 0xe1, 0x1f, 0x16, 0x3a, 0x06, 0x82, 0x05, 0x2c, 0x18, 0x88,
  0xbf, 0x11, 0x30, 0x18, 0x80, 0xff, 0x88, 0x81, 0x21, 0x85, 0x20, 0x58,
  0xf8, 0x87, 0xb5, 0x8e, 0x41, 0x60, 0xc1, 0x0b, 0x06, 0xe2, 0x6f, 0x07,
  0x11, 0xfe, 0x26, 0x83, 0x81, 0x11, 0xfe, 0x26, 0x04, 0xe4, 0x3f, 0x62,
  0x80, 0x40, 0x21, 0x08, 0x16, 0xfe, 0x81, 0x06, 0xf2, 0x18, 0x04, 0x35,
  0x18, 0xd8, 0x60, 0x60, 0x47, 0x11, 0xfe, 0x66, 0x83, 0xc1, 0x11, 0xfe,
  0x26, 0x04, 0xe4, 0x3f, 0x62, 0x80, 0x40, 0x21, 0x08, 0x16, 0xfe, 0x81,
  0x06, 0xf6, 0x18, 0x04, 0x39, 0x18, 0xe8, 0x60, 0x30, 0xcb, 0xb0, 0x71,
  0x31, 0xb1, 0x0b, 0x03, 0x1f, 0x06, 0xb0, 0x18, 0x94, 0x63, 0x40, 0xc1,
  0x80, 0x54, 0xa0, 0x87, 0x01, 0x8e, 0x18, 0x18, 0x50, 0x08, 0x82, 0x85,
  0x7f, 0x60, 0x25, 0x19, 0x04, 0x16, 0x80, 0x61, 0x20, 0xfe, 0x73, 0x0c,
  0xf7, 0x17, 0xd4, 0x62, 0x50, 0xc5, 0x38, 0x06, 0x58, 0x01, 0x28, 0x06,
  0x3a, 0x62, 0x60, 0x40, 0x21, 0x08, 0x16, 0xfe, 0x81, 0xa9, 0x64, 0x10,
  0x58, 0x50, 0x86, 0x81, 0xf8, 0xcf, 0x31, 0x14, 0x81, 0x1c, 0x06, 0xa5,
  0xa8, 0x63, 0x80, 0x15, 0x94, 0x62, 0xa0, 0x23, 0x06, 0x06, 0x14, 0x82,
  0x60, 0xe1, 0x1f, 0xd8, 0x4b, 0x06, 0x81, 0x05, 0x6a, 0x18, 0x88, 0xff,
  0x1c, 0x43, 0x11, 0xd4, 0x61, 0x50, 0x4f, 0x2a, 0x06, 0x3a, 0x62, 0x60,
  0x40, 0x21, 0x08, 0x16, 0xfe, 0x81, 0xcd, 0x64, 0x10, 0x58, 0xe0, 0x86,
  0x81, 0xf8, 0xcf, 0x31, 0x98, 0x60, 0x10, 0x8c, 0x63, 0x30, 0xc8, 0x10,
  0x9c, 0x60, 0x40, 0x87, 0x81, 0x05, 0x86, 0xf8, 0x0f, 0x32, 0x04, 0x29,
  0x18, 0xe4, 0x61, 0x30, 0xc7, 0x10, 0x14, 0x7e, 0x18, 0xec, 0xc2, 0x40,
  0x8b, 0x01, 0x3a, 0x06, 0xfc, 0x18, 0x50, 0x30, 0x18, 0x15, 0xc8, 0x62,
  0x80, 0x23, 0x06, 0x06, 0x14, 0x82, 0x60, 0xe1, 0x1f, 0x58, 0x4f, 0x06,
  0x81, 0x05, 0x78, 0x18, 0x88, 0xff, 0x1c, 0xc3, 0x0b, 0x06, 0x41, 0x3b,
  0x06, 0x55, 0xec, 0x63, 0x80, 0x15, 0xe0, 0x62, 0xa0, 0x23, 0x06, 0x06,
  0x14, 0x82, 0x60, 0xe1, 0x1f, 0x98, 0x58, 0x06, 0x81, 0x05, 0x7d, 0x18,
  0x88, 0xff, 0x1c, 0x43, 0x11, 0xa8, 0x62, 0x50, 0x8a, 0x48, 0x06, 0x58,
  0x41, 0x2f, 0x06, 0x3a, 0x62, 0x60, 0x40, 0x21, 0x08, 0x16, 0xfe, 0x81,
  0x9d, 0x65, 0x10, 0x58, 0x20, 0x8a, 0x81, 0xf8, 0xcf, 0x31, 0x14, 0x41,
  0x2b, 0x06, 0xf5, 0x84, 0x63, 0xa0, 0x23, 0x06, 0x06, 0x14, 0x82, 0x60,
  0xe1, 0x1f, 0xd8, 0x5a, 0x06, 0x81, 0x05, 0xa6, 0x18, 0x88, 0xff, 0x1c,
  0x83, 0x0f, 0x06, 0xc1, 0x3e, 0x06, 0x83, 0x0c, 0xc1, 0x0f, 0x06, 0xac,
  0x18, 0x58, 0x60, 0x88, 0xff, 0x20, 0x43, 0x10, 0x86, 0x41, 0x2c, 0x06,
  0x73, 0x0c, 0x41, 0x61, 0x8b, 0xc1, 0x1c, 0x03, 0x1c, 0x06, 0x71, 0x00,
  0x92, 0xc1, 0x20, 0x43, 0x10, 0x87, 0x41, 0x2d, 0x06, 0x23, 0x06, 0x08,
  0x14, 0x82, 0x60, 0xe1, 0x1f, 0x6a, 0x40, 0x96, 0xc1, 0x36, 0x04, 0xb3,
  0x04, 0x9d, 0x85, 0xc2, 0x2a, 0x06, 0xe2, 0x6f, 0xb7, 0x10, 0x84, 0xbf,
  0xb9, 0x62, 0x30, 0x0a, 0xe1, 0x6f, 0x42, 0x40, 0xfe, 0x23, 0x06, 0x08,
  0x14, 0x82, 0x60, 0xe1, 0x1f, 0x68, 0xe0, 0x96, 0x41, 0x10, 0x8b, 0x81,
  0x2c, 0x06, 0xbb, 0x30, 0xd0, 0x63, 0x80, 0x92, 0x41, 0x4f, 0x06, 0x14,
  0x0c, 0x48, 0x05, 0xf2, 0x18, 0xe0, 0x88, 0x81, 0x01, 0x85, 0x20, 0x58,
  0xf8, 0x07, 0xd6, 0x97, 0x41, 0x60, 0x01, 0x2e, 0x06, 0xe2, 0x3f, 0xc7,
  0xf0, 0x86, 0x41, 0xd0, 0x92, 0x41, 0x15, 0x3b, 0x19, 0x60, 0x05, 0xf8,
  0x18, 0xe8, 0x88, 0x81, 0x01, 0x85, 0x20, 0x58, 0xf8, 0x07, 0x26, 0x9a,
  0x41, 0x60, 0x41, 0x2f, 0x06, 0xe2, 0x3f, 0xc7, 0x50, 0x04, 0xea, 0x18,
  0x94, 0x22, 0x96, 0x01, 0x56, 0xd0, 0x8f, 0x81, 0x8e, 0x18, 0x18, 0x50,
  0x08, 0x82, 0x85, 0x7f, 0x60, 0xa7, 0x19, 0x04, 0x16, 0x88, 0x63, 0x20,
  0xfe, 0x73, 0x0c, 0x45, 0xd0, 0x8e, 0x41, 0x3d, 0x21, 0x19, 0xe8, 0x88,
  0x81, 0x01, 0x85, 0x20, 0x58, 0xf8, 0x07, 0xb6, 0x9a, 0x41, 0x60, 0x81,
  0x39, 0x06, 0xe2, 0x3f, 0xc7, 0xe0, 0x87, 0x41, 0xb0, 0x93, 0xc1, 0x20,
  0x43, 0xf0, 0x87, 0x01, 0x3b, 0x06, 0x16, 0x18, 0xe2, 0x3f, 0xc8, 0x10,
  0x84, 0x62, 0x10, 0x8f, 0xc1, 0x1c, 0x43, 0x50, 0xd8, 0x63, 0xb0, 0x0b,
  0x03, 0x4b, 0x06, 0x60, 0x19, 0xd0, 0x65, 0x40, 0xc1, 0x60, 0x54, 0xa0,
  0x92, 0x01, 0x8e, 0x18, 0x18, 0x50, 0x08, 0x82, 0x85, 0x7f, 0x60, 0xb5,
  0x19, 0x04, 0x16, 0xc0, 0x63, 0x20, 0xfe, 0x73, 0x0c, 0xa7, 0x18, 0x04,
  0x65, 0x19, 0x54, 0x31, 0x97, 0x01, 0x56, 0x00, 0x93, 0x81, 0x8e, 0x18,
  0x18, 0x50, 0x08, 0x82, 0x85, 0x7f, 0x60, 0xba, 0x19, 0x04, 0x16, 0xd4,
  0x63, 0x20, 0xfe, 0x73, 0x0c, 0x45, 0x20, 0x92, 0x41, 0x29, 0x7a, 0x19,
  0x60, 0x05, 0x35, 0x19, 0xe8, 0x88, 0x81, 0x01, 0x85, 0x20, 0x58, 0xf8,
  0x07, 0xf6, 0x9b, 0x41, 0x60, 0x81, 0x3e, 0x06, 0xe2, 0x3f, 0xc7, 0x50,
  0x04, 0x25, 0x19, 0xd4, 0x93, 0x93, 0x81, 0x8e, 0x18, 0x18, 0x50, 0x08,
  0x82, 0x85, 0x7f, 0x60, 0xe3, 0x19, 0x04, 0x16, 0xf8, 0x63, 0x20, 0xfe,
  0x73, 0x0c, 0xb6, 0x18, 0x04, 0x73, 0x19, 0x0c, 0x32, 0x04, 0xb7, 0x18,
  0x90, 0x64, 0x60, 0x81, 0x21, 0xfe, 0x83, 0x0c, 0x41, 0x2e, 0x06, 0x29,
  0x19, 0xcc, 0x31, 0x04, 0x85, 0x4b, 0x06, 0xbb, 0x30, 0x90, 0x65, 0x80,
  0x97, 0x41, 0x6a, 0x06, 0x14, 0x0c, 0x46, 0x05, 0x62, 0x19, 0xe0, 0x88,
  0x81, 0x01, 0x85, 0x20, 0x58, 0xf8, 0x07, 0xd6, 0x9e, 0x41, 0x60, 0x01,
  0x4a, 0x06, 0xe2, 0x3f, 0xc7, 0xf0, 0x8b, 0x41, 0xd0, 0x97, 0x41, 0x15,
  0xab, 0x19, 0x60, 0x05, 0x68, 0x19, 0xe8, 0x88, 0x81, 0x01, 0x85, 0x20,
  0x58, 0xf8, 0x07, 0x26, 0x9f, 0x41, 0x60, 0x41, 0x4b, 0x06, 0xe2, 0x3f,
  0xc7, 0x50, 0x04, 0x3a, 0x19, 0x94, 0x22, 0x9b, 0x01, 0x56, 0xd0, 0x96,
  0x81, 0x8e, 0x18, 0x18, 0x50, 0x08, 0x82, 0x85, 0x7f, 0x60, 0xf7, 0x19,
  0x04, 0x16, 0xc8, 0x64, 0x20, 0xfe, 0x73, 0x0c, 0x45, 0xd0, 0x93, 0x41,
  0x3d, 0x71, 0x19, 0xe8, 0x88, 0x81, 0x01, 0x85, 0x20, 0x58, 0xf8, 0x07,
  0xb6, 0x9f, 0x41, 0x60, 0x81, 0x4d, 0x06, 0xe2, 0x3f, 0xc7, 0xe0, 0x8e,
  0x41, 0xb0, 0x9a, 0xc1, 0x20, 0x43, 0xf0, 0x8e, 0x01, 0x4f, 0x06, 0x16,
  0x18, 0xe2, 0x3f, 0xc8, 0x10, 0xc4, 0x63, 0x10, 0x96, 0xc1, 0x1c, 0x43,
  0x50, 0x98, 0x65, 0x30, 0xc7, 0x00, 0x92, 0x41, 0x2a, 0xc0, 0x66, 0x30,
  0xc8, 0x10, 0x84, 0x64, 0x50, 0x96, 0xc1, 0x88, 0x01, 0x02, 0x85, 0x20,
  0x58, 0xf8, 0x87, 0x1a, 0xd0, 0x67, 0xb0, 0x0d, 0xc1, 0x1c, 0xc3, 0x48,
  0x06, 0x24, 0x31, 0x9b, 0xc1, 0x20, 0x43, 0x40, 0x92, 0x01, 0x5a, 0x06,
  0x23, 0x06, 0x08, 0x14, 0x82, 0x60, 0xe1, 0x1f, 0x6a, 0x70, 0x9f, 0x81,
  0x1d, 0x0c, 0xc1, 0x2c, 0x41, 0x37, 0x50, 0x11, 0xa0, 0xc5, 0x26, 0x70,
  0x73, 0x0c, 0x27, 0x19, 0xb0, 0xc4, 0x6d, 0x06, 0x73, 0x0c, 0x28, 0x19,
  0xb8, 0x63, 0x80, 0x9b, 0x81, 0x09, 0x81, 0xf8, 0x0f, 0x32, 0x04, 0x2a,
  0x19, 0xb8, 0x65, 0x60, 0x41, 0x21, 0xfe, 0xb3, 0x04, 0x64, 0x30, 0x62,
  0x70, 0x44, 0x30, 0x08, 0x16, 0xfe, 0x61, 0x06, 0x24, 0x1a, 0xa0, 0x66,
  0x70, 0x8f, 0xc1, 0x2e, 0x10, 0xa9, 0x19, 0xf4, 0x66, 0xe0, 0x9b, 0x41,
  0x6f, 0x06, 0x14, 0x00, 0xc8, 0x2e, 0x10, 0xab, 0x19, 0xfc, 0x66, 0x00,
  0x9e, 0x81, 0x5d, 0x06, 0x14, 0x00, 0x86, 0x05, 0x83, 0xf8, 0xef, 0x02,
  0xe1, 0x9a, 0x81, 0x78, 0x06, 0xe3, 0x19, 0xe8, 0x65, 0x40, 0x01, 0x60,
  0xec, 0x02, 0x01, 0x9b, 0x01, 0x79, 0x06, 0xe5, 0x19, 0xe8, 0x65, 0x40,
  0x01, 0x80, 0x58, 0x30, 0x88, 0xbf, 0x19, 0x41, 0xf8, 0xdb, 0x5c, 0x06,
  0x01, 0xf9, 0x9b, 0x5c, 0x06, 0x46, 0xf8, 0xcf, 0x31, 0xb4, 0x64, 0xa0,
  0xa8, 0x67, 0x30, 0xc7, 0x10, 0x08, 0xa3, 0x19, 0x58, 0x5d, 0x06, 0x47,
  0xf8, 0xcf, 0x31, 0xc0, 0x64, 0x10, 0xb4, 0x67, 0x30, 0xc7, 0x10, 0x40,
  0xa6, 0x19, 0xec, 0x02, 0xb1, 0x9b, 0xc1, 0x7b, 0x06, 0xf0, 0x19, 0x90,
  0x66, 0x40, 0x01, 0x60, 0x58, 0xc0, 0x88, 0xff, 0x2e, 0x10, 0xbe, 0x19,
  0xc8, 0x67, 0x30, 0x9f, 0x41, 0x7c, 0x06, 0x14, 0x00, 0x88, 0x05, 0x94,
  0xf8, 0x1b, 0x11, 0x84, 0xff, 0x1c, 0x03, 0x4e, 0x06, 0x81, 0x7d, 0x06,
  0x46, 0x50, 0xe2, 0x6f, 0x88, 0x26, 0xfe, 0x26, 0x04, 0xe1, 0x3f, 0xc7,
  0x40, 0x04, 0xb2, 0x19, 0xcc, 0x31, 0xf8, 0x64, 0x30, 0xed, 0x67, 0x30,
  0xc8, 0x10, 0xfc, 0x64, 0xb0, 0x9a, 0xc1, 0x20, 0x03, 0x7b, 0x06, 0x6a,
  0x19, 0xb0, 0x66, 0x60, 0x53, 0x20, 0xfe, 0x83, 0x0c, 0xee, 0x19, 0xb0,
  0x65, 0xd0, 0x9a, 0x81, 0x49, 0x81, 0xf8, 0xdb, 0x70, 0x80, 0xbf, 0x05,
  0x02, 0xf8, 0x5b, 0x70, 0x88, 0xff, 0x20, 0x43, 0x70, 0x96, 0xc1, 0x6f,
  0x06, 0xbb, 0x30, 0xc4, 0x67, 0x50, 0xa2, 0xc1, 0x7a, 0x06, 0x14, 0x00,
  0x86, 0x05, 0xaf, 0x19, 0x88, 0xff, 0x2e, 0x0c, 0xf4, 0x19, 0xa0, 0x68,
  0xf0, 0x9e, 0x01, 0x05, 0x02, 0xb2, 0x0b, 0x83, 0x7d, 0x06, 0x2a, 0x1a,
  0xe4, 0x68, 0x40, 0x01, 0x80, 0xcc, 0x31, 0xe4, 0x65, 0x10, 0xb0, 0x68,
  0x30, 0xc8, 0x10, 0xe4, 0x65, 0x90, 0x9e, 0xc1, 0x88, 0x81, 0x01, 0x85,
  0x20, 0x58, 0xf8, 0x87, 0xd6, 0xa6, 0x81, 0x62, 0x82, 0x11, 0xfe, 0x16,
  0x08, 0xe0, 0x3f, 0x86, 0x10, 0xc4, 0x68, 0x30, 0x86, 0x20, 0xa8, 0x67,
  0x30, 0x62, 0x70, 0x40, 0x21, 0x08, 0x16, 0xfe, 0xe1, 0x81, 0x6a, 0x20,
  0x04, 0x23, 0x06, 0x07, 0x14, 0x82, 0x60, 0xe1, 0x1f, 0xde, 0x9d, 0x06,
  0x81, 0x6f, 0x06, 0x23, 0x06, 0x07, 0x14, 0x82, 0x60, 0xe1, 0x1f, 0x6c,
  0x50, 0xa7, 0x41, 0x01, 0x9a, 0xc1, 0x88, 0xc1, 0x01, 0x85, 0x20, 0x58,
  0xf8, 0x07, 0x18, 0x84, 0x6a, 0x10, 0x04, 0x23, 0x06, 0x06, 0x14, 0x82,
  0x60, 0xe1, 0x1f, 0xd6, 0xa8, 0x06, 0x81, 0x45, 0x4d, 0xf8, 0x5b, 0x50,
  0x80, 0xbf, 0x05, 0x03, 0xf8, 0x5b, 0x50, 0x91, 0xff, 0x88, 0x81, 0x01,
  0x85, 0x20, 0x58, 0xf8, 0x87, 0xd5, 0xa7, 0x41, 0xb0, 0x0b, 0x43, 0x8a,
  0x06, 0x3d, 0x1a, 0xc4, 0x69, 0x40, 0xc1, 0x60, 0x54, 0x70, 0xa2, 0x01,
  0x8e, 0x18, 0x18, 0x50, 0x08, 0x82, 0x85, 0x7f, 0x60, 0xb2, 0x1a, 0x04,
  0x16, 0xb4, 0x67, 0x20, 0xfe, 0x73, 0x0c, 0xa4, 0x19, 0x04, 0x62, 0x1a,
  0x54, 0x01, 0xa7, 0x01, 0x56, 0xd0, 0xa2, 0x81, 0x8e, 0x18, 0x18, 0x50,
  0x08, 0x82, 0x85, 0x7f, 0x60, 0xb7, 0x1a, 0x04, 0x16, 0xc8, 0x67, 0x20,
  0xfe, 0x73, 0x0c, 0x45, 0xf0, 0x9f, 0x41, 0x29, 0x77, 0x1a, 0x60, 0x05,
  0x32, 0x1a, 0xe8, 0x88, 0x81, 0x01, 0x85, 0x20, 0x58, 0xf8, 0x07, 0xc6,
  0xab, 0x41, 0x60, 0xc1, 0x7d, 0x06, 0xe2, 0x3f, 0xc7, 0x50, 0x04, 0x22,
  0x1a, 0xd4, 0x63, 0xa3, 0x81, 0x8e, 0x18, 0x18, 0x50, 0x08, 0x82, 0x85,
  0x7f, 0x60, 0xe0, 0x1a, 0x04, 0x16, 0xec, 0x67, 0x20, 0xfe, 0x73, 0x0c,
  0xb3, 0x19, 0x04, 0x70, 0x1a, 0x0c, 0x32, 0x04, 0xb4, 0x19, 0x84, 0x68,
  0x60, 0x81, 0x21, 0xfe, 0x83, 0x0c, 0x81, 0x6d, 0x06, 0x26, 0x1a, 0xcc,
  0x31, 0x04, 0xc5, 0x8a, 0x06, 0xbb, 0x30, 0x84, 0x69, 0x50, 0xa7, 0x81,
  0xaa, 0x06, 0x14, 0x0c, 0x48, 0x05, 0x3f, 0x1a, 0xe0, 0x88, 0x81, 0x01,
  0x85, 0x20, 0x58, 0xf8, 0x07, 0xa6, 0xae, 0x41, 0x60, 0x41, 0x89, 0x06,
  0xe2, 0x3f, 0xc7, 0xc0, 0x9b, 0x41, 0xa0, 0xa7, 0x41, 0x15, 0xa8, 0x1a,
  0x60, 0x05, 0x65, 0x1a, 0xe8, 0x88, 0x81, 0x01, 0x85, 0x20, 0x58, 0xf8,
  0x07, 0xf6, 0xae, 0x41, 0x60, 0x81, 0x8a, 0x06, 0xe2, 0x3f, 0xc7, 0x50,
  0x04, 0x37, 0x1a, 0x94, 0xf2, 0xaa, 0x01, 0x56, 0xa0, 0xa6, 0x81, 0x8e,
  0x18, 0x18, 0x50, 0x08, 0x82, 0x85, 0x7f, 0x60, 0xf4, 0x1a, 0x04, 0x16,
  0xbc, 0x68, 0x20, 0xfe, 0x73, 0x0c, 0x45, 0xa0, 0xa3, 0x41, 0x3d, 0x6e,
  0x1a, 0xe8, 0x88, 0x81, 0x01, 0x85, 0x20, 0x58, 0xf8, 0x07, 0x86, 0xaf,
  0x41, 0x60, 0xc1, 0x8c, 0x06, 0xe2, 0x3f, 0xc7, 0xb0, 0x9e, 0x41, 0x80,
  0xaa, 0xc1, 0x20, 0x43, 0xc0, 0x9e, 0x41, 0x8e, 0x06, 0x16, 0x18, 0xe2,
  0x3f, 0xc8, 0x10, 0xb8, 0x67, 0xe0, 0xa3, 0xc1, 0x1c, 0x43, 0x50, 0x8c,
  0x69, 0x30, 0xc7, 0xd0, 0x9f, 0x41, 0x1c, 0xb4, 0x6a, 0x30, 0xc8, 0x10,
  0xf8, 0x67, 0x20, 0xa6, 0xc1, 0x88, 0x01, 0x02, 0x85, 0x20, 0x58, 0xf8,
  0x87, 0x1a, 0xc4, 0x6b, 0xb0, 0x0d, 0xc1, 0x1c, 0x03, 0x88, 0x06, 0xe6,
  0x19, 0xc0, 0x6a, 0x30, 0xc7, 0x10, 0xa2, 0x41, 0x3d, 0xc4, 0x6a, 0x60,
  0x81, 0x20, 0xfe, 0x83, 0x0c, 0xc1, 0x88, 0x06, 0x67, 0x1a, 0x58, 0x50,
  0x88, 0xff, 0x2c, 0x01, 0x19, 0x8c, 0x18, 0x1c, 0x11, 0x0c, 0x82, 0x85,
  0x7f, 0x98, 0x41, 0xbf, 0x06, 0xa1, 0x1a, 0xc0, 0x67, 0xb0, 0x0b, 0x84,
  0xa8, 0x06, 0xb6, 0x1a, 0xdc, 0x6a, 0x60, 0xab, 0x01, 0x05, 0x00, 0xb2,
  0x0b, 0x04, 0xa9, 0x06, 0xb8, 0x1a, 0xe4, 0x6a, 0xf0, 0xa6, 0x01, 0x05,
  0x80, 0x61, 0xc1, 0x20, 0xfe, 0xbb, 0x40, 0x9c, 0x6a, 0xb0, 0xab, 0x01,
  0xaf, 0x06, 0x73, 0x1a, 0x50, 0x00, 0x18, 0xbb, 0x40, 0xa4, 0x6a, 0xd0,
  0xab, 0x81, 0xaf, 0x06, 0x73, 0x1a, 0x50, 0x00, 0x20, 0x16, 0x0c, 0xe2,
  0x6f, 0x46, 0x10, 0xfe, 0xc6, 0xa6, 0x41, 0x40, 0xfe, 0xb6, 0xa6, 0x81,
  0x11, 0xfe, 0x73, 0x0c, 0x26, 0x1a, 0x28, 0xe3, 0x1a, 0xcc, 0x31, 0x04,
  0x02, 0x9f, 0x06, 0xe6, 0xa6, 0xc1, 0x11, 0xfe, 0x73, 0x0c, 0x29, 0x1a,
  0x04, 0xe6, 0x1a, 0xcc, 0x31, 0x04, 0xd0, 0x9f, 0x06, 0xbb, 0x40, 0xd0,
  0x6a, 0x80, 0xae, 0x41, 0xba, 0x06, 0x7d, 0x1a, 0x50, 0x00, 0x18, 0x16,
  0x30, 0xe2, 0xbf, 0x0b, 0xc4, 0xad, 0x06, 0xeb, 0x1a, 0xb0, 0x6b, 0xa0,
  0xae, 0x01, 0x05, 0x00, 0x62, 0x01, 0x25, 0xfe, 0x46, 0x04, 0xe1, 0x3f,
  0xc7, 0x10, 0xa3, 0x41, 0xf0, 0xae, 0x81, 0x11, 0x94, 0xf8, 0x1b, 0xa2,
  0x89, 0xbf, 0x09, 0x41, 0xf8, 0xcf, 0x31, 0x10, 0xc1, 0xaa, 0x06, 0x73,
  0x0c, 0x37, 0x1a, 0x4c, 0xf4, 0x1a, 0x0c, 0x32, 0x04, 0x38, 0x1a, 0x90,
  0x6a, 0x30, 0xc8, 0x50, 0xae, 0xc1, 0x98, 0x06, 0xa5, 0x1a, 0xd8, 0x14,
  0x88, 0xff, 0x20, 0xc3, 0xb9, 0x06, 0x65, 0x1a, 0x98, 0x6a, 0x60, 0x52,
  0x20, 0xfe, 0x36, 0x1c, 0xe0, 0x6f, 0x81, 0x00, 0xfe, 0x16, 0x1c, 0xe2,
  0x3f, 0xc8, 0x10, 0x80, 0x69, 0x80, 0xab, 0xc1, 0x2e, 0x0c, 0xea, 0x1a,
  0xf8, 0x6b, 0x50, 0xae, 0x01, 0x05, 0x02, 0x62, 0x43, 0x40, 0xfe, 0xbb,
  0x30, 0xb4, 0x6b, 0x10, 0xb2, 0x41, 0xb9, 0x06, 0x14, 0x0c, 0x48, 0x05,
  0x37, 0x1b, 0xe8, 0x70, 0x43, 0x60, 0xb3, 0x01, 0x18, 0x8c, 0x21, 0x14,
  0xbd, 0x1a, 0x58, 0xac, 0x06, 0x41, 0xf8, 0x4f, 0x37, 0x08, 0xc1, 0x30,
  0xc7, 0x80, 0x04, 0xe0, 0x1a, 0x8c, 0x18, 0x34, 0x54, 0x08, 0x82, 0x85,
  0x7f, 0x50, 0x7e, 0x1b, 0xd0, 0x6b, 0x30, 0xaf, 0x41, 0x60, 0xae, 0x41,
  0xb9, 0x06, 0xe7, 0x1a, 0xcc, 0x6a, 0xb0, 0xb3, 0xc1, 0x2e, 0x0c, 0xf6,
  0x1a, 0xa8, 0x6c, 0xe0, 0xb3, 0x01, 0x05, 0x83, 0x51, 0x01, 0xbd, 0x06,
  0x38, 0x62, 0x60, 0x40, 0x21, 0x08, 0x16, 0xfe, 0x81, 0xfd, 0x6d, 0x10,
  0x58, 0xa0, 0xab, 0x81, 0xf8, 0xcf, 0x31, 0xc4, 0x69, 0x10, 0xbc, 0x6c,
  0x50, 0x45, 0xcf, 0x06, 0x58, 0x81, 0xbe, 0x06, 0x3a, 0x62, 0x60, 0x40,
  0x21, 0x08, 0x16, 0xfe, 0x81, 0x91, 0x6e, 0x10, 0x58, 0xf0, 0xab, 0x81,
  0xf8, 0xcf, 0x31, 0x14, 0x01, 0xbb, 0x06, 0xa5, 0x90, 0x6d, 0x80, 0x15,
  0xfc, 0x6b, 0xa0, 0x23, 0x06, 0x06, 0x14, 0x82, 0x60, 0xe1, 0x1f, 0x58,
  0xea, 0x06, 0x81, 0x05, 0xe4, 0x1a, 0x88, 0xff, 0x1c, 0x43, 0x11, 0xbc,
  0x6b, 0x30, 0xc8, 0x10, 0xa1, 0x6a, 0xa0, 0xae, 0x81, 0x09, 0x81, 0xf8,
  0x0f, 0x32, 0x04, 0x7f, 0x1a, 0xbc, 0x6b, 0x30, 0xc8, 0x10, 0x50, 0xef,
  0x1a, 0xcc, 0x31, 0xb8, 0x6a, 0x90, 0x0a, 0x3e, 0x1b, 0xcc, 0x31, 0xbc,
  0x6a, 0x50, 0xa7, 0xc1, 0xcf, 0x06, 0x26, 0x04, 0xe2, 0x3f, 0xc8, 0x10,
  0xc4, 0x6a, 0x50, 0xaf, 0x81, 0x05, 0x85, 0xf8, 0xcf, 0x12, 0x90, 0xc1,
  0x88, 0xc1, 0x11, 0xc1, 0x20, 0x58, 0xf8, 0x87, 0x19, 0xac, 0x6e, 0xf0,
  0xb2, 0x81, 0x9f, 0x06, 0xbb, 0x40, 0xc0, 0x6c, 0x40, 0xb6, 0x41, 0xd9,
  0x06, 0x64, 0x1b, 0x50, 0x00, 0x20, 0xbb, 0x40, 0xc8, 0x6c, 0x60, 0xb6,
  0xc1, 0xd9, 0x06, 0xfd, 0x1a, 0x50, 0x00, 0x18, 0x16, 0x0c, 0xe2, 0xbf,
  0x0b, 0x44, 0xcd, 0x06, 0x69, 0x1b, 0xa8, 0x6d, 0x10, 0xb2, 0x01, 0x05,
  0x80, 0xb1, 0x0b, 0xc4, 0xcd, 0x06, 0x6b, 0x1b, 0xb0, 0x6d, 0x10, 0xb2,
  0x01, 0x05, 0x00, 0x62, 0xc1, 0x20, 0xfe, 0x66, 0x04, 0xe1, 0x6f, 0xfa,
  0x1a, 0x04, 0xe4, 0x6f, 0xf9, 0x1a, 0x18, 0xe1, 0x3f, 0xc7, 0x40, 0xab,
  0x81, 0x12, 0xb7, 0xc1, 0x1c, 0x43, 0x20, 0xa8, 0x6c, 0x60, 0xfc, 0x1a,
  0x1c, 0xe1, 0x3f, 0xc7, 0x70, 0xab, 0x41, 0x40, 0xb7, 0xc1, 0x1c, 0x43,
  0x00, 0xb5, 0x6c, 0xb0, 0x0b, 0x84, 0xd8, 0x06, 0x76, 0x1b, 0xdc, 0x6d,
  0xb0, 0xb2, 0x01, 0x05, 0x80, 0x61, 0x01, 0x23, 0xfe, 0xbb, 0x40, 0x94,
  0x6d, 0x90, 0xb7, 0x81, 0xde, 0x06, 0x78, 0x1b, 0x50, 0x00, 0x20, 0x16,
  0x50, 0xe2, 0x6f, 0x44, 0x10, 0xfe, 0x73, 0x0c, 0xbf, 0x1a, 0x04, 0x7d,
  0x1b, 0x18, 0x41, 0x89, 0xbf, 0x21, 0x9a, 0xf8, 0x9b, 0x10, 0x84, 0xff,
  0x1c, 0x03, 0x11, 0xe4, 0x6c, 0x30, 0xc7, 0x50, 0xae, 0xc1, 0x24, 0xba,
  0xc1, 0x20, 0x43, 0x60, 0xae, 0x81, 0xcc, 0x06, 0x83, 0x0c, 0x73, 0x1b,
  0xc4, 0x6b, 0x30, 0xb3, 0x81, 0x4d, 0x81, 0xf8, 0x0f, 0x32, 0xd4, 0x6d,
  0x30, 0xaf, 0x01, 0xcd, 0x06, 0x26, 0x05, 0xe2, 0x6f, 0xc3, 0x01, 0xfe,
  0x16, 0x08, 0xe0, 0x6f, 0xc1, 0x21, 0xfe, 0x83, 0x0c, 0x81, 0xbb, 0x06,
  0x66, 0x1b, 0xec, 0xc2, 0x80, 0xb7, 0x01, 0xeb, 0x06, 0x73, 0x1b, 0x50,
  0x20, 0x20, 0x36, 0x04, 0xe4, 0xbf, 0x0b, 0xc3, 0xde, 0x06, 0xaf, 0x1b,
  0xcc, 0x6d, 0x40, 0xc1, 0x80, 0x54, 0x50, 0xbe, 0x81, 0x0e, 0x37, 0x04,
  0xe4, 0x1b, 0x80, 0xc1, 0x18, 0x42, 0xb1, 0xb6, 0x81, 0xfd, 0x6c, 0x10,
  0x84, 0xff, 0x74, 0x83, 0x10, 0x0c, 0x73, 0x0c, 0x48, 0xe0, 0xb6, 0xc1,
  0x88, 0x01, 0xf2, 0xc4, 0x20, 0x58, 0xf8, 0x07, 0xd4, 0xc2, 0x81, 0xe8,
  0x06, 0xa1, 0x1b, 0x04, 0x85, 0xe4, 0x6e, 0x80, 0x15, 0xa8, 0x6f, 0xa0,
  0xc3, 0x1c, 0x43, 0x30, 0x06, 0x66, 0x10, 0x06, 0x63, 0x20, 0x06, 0x83,
  0x0c, 0x83, 0xca, 0x06, 0x6e, 0x1b, 0xcc, 0x12, 0x8c, 0xc1, 0x20, 0x03,
  0xb1, 0xb2, 0x01, 0xda, 0x06, 0x16, 0xf0, 0x6b, 0x20, 0xfe, 0x23, 0x06,
  0x07, 0x14, 0x82, 0x60, 0xe1, 0x1f, 0x0e, 0x0d, 0x07, 0x02, 0xbf, 0x06,
  0x16, 0xf0, 0x6b, 0x20, 0xfe, 0x16, 0xf0, 0x6b, 0x00, 0xfe, 0xc3, 0x11,
  0x05, 0xbf, 0x06, 0x85, 0x7f, 0x4c, 0x37, 0x14, 0x42, 0x30, 0xc8, 0x10,
  0x94, 0x6c, 0x50, 0xb7, 0xc1, 0x20, 0x43, 0xc0, 0xd0, 0x6d, 0x30, 0x4b,
  0x30, 0x06, 0x03, 0x1d, 0x01, 0x15, 0x06, 0x82, 0x18, 0x68, 0x60, 0x30,
  0xc7, 0x50, 0xb3, 0xc1, 0xbe, 0x06, 0xe5, 0x1b, 0xcc, 0x31, 0xd8, 0x6c,
  0x30, 0x0a, 0xe6, 0x1b, 0x58, 0x20, 0x88, 0xff, 0x20, 0x43, 0x80, 0xb3,
  0x01, 0xdf, 0x06, 0x16, 0x14, 0xe2, 0x3f, 0x4b, 0x40, 0x06, 0x03, 0x55,
  0x81, 0x30, 0x06, 0x30, 0xf1, 0xb1, 0x89, 0xe7, 0x43, 0x9d, 0x5c, 0x06,
  0x92, 0x7b, 0x06, 0x11, 0xe8, 0x06, 0x10, 0xbc, 0x0a, 0x05, 0x4d, 0x0b,
  0x84, 0x9c, 0x0b, 0x42, 0x06, 0x01, 0x31, 0x00, 0x00, 0xea, 0x00, 0x00,
  0x00, 0x5b, 0x06, 0x21, 0xb8, 0x87, 0x2d, 0x03, 0x11, 0xdc, 0xc3, 0x96,
  0xc1, 0x08, 0xee, 0x61, 0xcb, 0x80, 0x04, 0xf7, 0xb0, 0xe5, 0x78, 0x82,
  0x94, 0x38, 0x54, 0x02, 0x59, 0x89, 0x2d, 0x87, 0x14, 0xec, 0xc3, 0xa1,
  0x12, 0xc8, 0x4a, 0x6c, 0x39, 0xa8, 0x60, 0x1f, 0x0e, 0x95, 0x40, 0x56,
  0x62, 0xcb, 0x61, 0x05, 0xfb, 0x70, 0xa8, 0x04, 0xb2, 0x12, 0x5b, 0x0e,
  0x2c, 0xd8, 0x87, 0x43, 0x25, 0x90, 0x95, 0xd8, 0x72, 0x68, 0x01, 0x3f,
  0x1c, 0x2a, 0x81, 0xac, 0xc4, 0x96, 0xa3, 0x0c, 0x02, 0x7e, 0x38, 0x54,
  0x02, 0x59, 0x89, 0x2d, 0x47, 0x1b, 0x04, 0x2c, 0x71, 0xa8, 0x04, 0xb2,
  0x12, 0x5b, 0x0e, 0x54, 0x08, 0xf6, 0xe1, 0x50, 0x09, 0x64, 0x25, 0xb6,
  0x1c, 0xaa, 0x10, 0xec, 0xc3, 0xa1, 0x12, 0xc8, 0x4a, 0x6c, 0x39, 0x5a,
  0x21, 0xd8, 0x87, 0x43, 0x25, 0x90, 0x95, 0xd8, 0x72, 0xbc, 0x42, 0xb0,
  0x0f, 0x87, 0x4a, 0x20, 0x2b, 0xb1, 0xe5, 0xd0, 0x85, 0x60, 0x1f, 0x0e,
  0x95, 0x40, 0x56, 0x62, 0xcb, 0xd1, 0x0b, 0xc1, 0x3e, 0x1c, 0x2a, 0x81,
  0xac, 0xc4, 0x96, 0x03, 0x1e, 0x82, 0x7b, 0x38, 0x54, 0x02, 0x59, 0x89,
  0x2d, 0x87, 0x3c, 0x04, 0xfc, 0x70, 0xa8, 0x04, 0xb2, 0x12, 0x5b, 0x8e,
  0x9f, 0x08, 0x5a, 0xe2, 0x50, 0x09, 0x64, 0x25, 0xb6, 0x1c, 0x77, 0x11,
  0xb0, 0xc4, 0xa1, 0x12, 0xc8, 0x4a, 0x6c, 0x39, 0x74, 0x23, 0xe8, 0x87,
  0x43, 0x25, 0x90, 0x95, 0xd8, 0x72, 0x8c, 0x47, 0xe0, 0x0f, 0x87, 0x4a,
  0x20, 0x2b, 0xb1, 0xe5, 0x98, 0x8f, 0x60, 0x1f, 0x0e, 0x95, 0x40, 0x56,
  0x62, 0xcb, 0x51, 0x1f, 0xc1, 0x3e, 0x1c, 0x2a, 0x81, 0xac, 0xc4, 0x96,
  0x03, 0x3f, 0x82, 0x7d, 0x38, 0x54, 0x02, 0x59, 0x89, 0x2d, 0x87, 0x7e,
  0x04, 0xfb, 0x70, 0xa8, 0x04, 0xb2, 0x12, 0x5b, 0x8e, 0x1b, 0x09, 0xfe,
  0xe1, 0x50, 0x09, 0x64, 0x25, 0xb6, 0x1c, 0x67, 0x12, 0xf0, 0xc3, 0xa1,
  0x12, 0xc8, 0x4a, 0x6c, 0x39, 0x56, 0x25, 0x00, 0x89, 0x43, 0x25, 0x90,
  0x95, 0xd8, 0x72, 0xb0, 0x4b, 0xd0, 0x12, 0x87, 0x4a, 0x20, 0x2b, 0xb1,
  0xe5, 0x20, 0x99, 0x80, 0x25, 0x0e, 0x95, 0x40, 0x56, 0x62, 0xcb, 0x41,
  0x36, 0x81, 0x4b, 0x1c, 0x2a, 0x81, 0xac, 0xc4, 0x96, 0xc3, 0x74, 0x82,
  0x96, 0x38, 0x54, 0x02, 0x59, 0x89, 0x2d, 0x87, 0xef, 0x04, 0x2c, 0x71,
  0xa8, 0x04, 0xb2, 0x12, 0x5b, 0x8e, 0x12, 0x0a, 0x5a, 0xe2, 0x50, 0x09,
  0x64, 0x25, 0xb6, 0x1c, 0x3d, 0x14, 0xb0, 0xc4, 0xa1, 0x12, 0xc8, 0x4a,
  0x6c, 0x39, 0xfa, 0x28, 0x70, 0x89, 0x43, 0x25, 0x90, 0x95, 0xd8, 0x72,
  0xf0, 0x52, 0xd0, 0x12, 0x87, 0x4a, 0x20, 0x2b, 0xb1, 0xe5, 0xa0, 0xa7,
  0x80, 0x25, 0x0e, 0x95, 0x40, 0x56, 0x62, 0xcb, 0x71, 0x5a, 0xc1, 0x3e,
  0x1c, 0x2a, 0x81, 0xac, 0xc4, 0x96, 0x43, 0xb5, 0x82, 0x7d, 0x38, 0x54,
  0x02, 0x59, 0x89, 0x2d, 0x47, 0x6f, 0x05, 0x2f, 0x71, 0xa8, 0x04, 0xb2,
  0x12, 0x5b, 0x0e, 0xf0, 0x0a, 0xee, 0xe1, 0x50, 0x09, 0x64, 0x25, 0xb6,
  0x1c, 0x27, 0x16, 0xb0, 0xc4, 0xa1, 0x12, 0xc8, 0x4a, 0x6c, 0x39, 0xd0,
  0x2c, 0x60, 0x89, 0x43, 0x25, 0x90, 0x95, 0xd8, 0x72, 0x98, 0x5a, 0xb0,
  0x0f, 0x87, 0x4a, 0x20, 0x2b, 0xb1, 0xe5, 0x40, 0xb5, 0x60, 0x1f, 0x0e,
  0x95, 0x40, 0x56, 0x62, 0xcb, 0xb1, 0x6a, 0xc1, 0x3e, 0x1c, 0x2a, 0x81,
  0xac, 0xc4, 0x96, 0xa3, 0xd5, 0x82, 0x7d, 0x38, 0x54, 0x02, 0x59, 0x89,
  0x2d, 0x07, 0xae, 0x05, 0xfb, 0x70, 0xa8, 0x04, 0xb2, 0x12, 0x5b, 0x8e,
  0x5d, 0x0b, 0xf6, 0xe1, 0x50, 0x09, 0x64, 0x25, 0xb6, 0x1c, 0xee, 0x16,
  0xf4, 0xc3, 0xa1, 0x12, 0xc8, 0x4a, 0x6c, 0x39, 0xec, 0x2d, 0xb8, 0x87,
  0x43, 0x25, 0x90, 0x95, 0xd8, 0x52, 0xfc, 0xdb, 0xa1, 0x12, 0xc8, 0x4a,
  0x6c, 0x29, 0x56, 0xee, 0x50, 0x09, 0x64, 0x25, 0xb6, 0x14, 0x73, 0x77,
  0xa8, 0x04, 0xb2, 0x12, 0x5b, 0x8e, 0xf3, 0x0b, 0xf8, 0xe1, 0x50, 0x09,
  0x64, 0x25, 0xb6, 0x1c, 0x2c, 0x18, 0x04, 0x2d, 0x71, 0xa8, 0x04, 0xb2,
  0x12, 0x5b, 0x0e, 0x32, 0x0c, 0x02, 0x96, 0x38, 0x54, 0x02, 0x59, 0x89,
  0x2d, 0x47, 0x29, 0x06, 0x41, 0x4b, 0x1c, 0x2a, 0x81, 0xac, 0xc4, 0x96,
  0xa3, 0x17, 0x83, 0x80, 0x25, 0x0e, 0x95, 0x40, 0x56, 0x62, 0xcb, 0x51,
  0x8f, 0x41, 0xe0, 0x12, 0x87, 0x4a, 0x20, 0x2b, 0xb1, 0xe5, 0xe0, 0xc9,
  0x20, 0xd8, 0x87, 0x43, 0x25, 0x90, 0x95, 0xd8, 0x72, 0xf8, 0x64, 0x10,
  0xec, 0xc3, 0xa1, 0x12, 0xc8, 0x4a, 0x6c, 0x39, 0xc2, 0x32, 0x08, 0xf6,
  0xe1, 0x50, 0x09, 0x64, 0x25, 0xb6, 0x1c, 0x63, 0x19, 0x04, 0xfb, 0x70,
  0xa8, 0x04, 0xb2, 0x12, 0x5b, 0x0e, 0xb7, 0x0c, 0x82, 0x7d, 0x38, 0x54,
  0x02, 0x59, 0x89, 0x2d, 0x47, 0x5c, 0x06, 0xc1, 0x3e, 0x1c, 0x2a, 0x81,
  0xac, 0xc4, 0x96, 0x83, 0x34, 0x83, 0xe0, 0x25, 0x0e, 0x95, 0x40, 0x56,
  0x62, 0xcb, 0x71, 0x9a, 0x41, 0x70, 0x0f, 0x87, 0x4a, 0x20, 0x2b, 0xb1,
  0xe5, 0x48, 0xcd, 0x20, 0xe0, 0x87, 0x43, 0x25, 0x90, 0x95, 0xd8, 0x72,
  0xf0, 0x66, 0x10, 0xb0, 0xc4, 0xa1, 0x12, 0xc8, 0x4a, 0x6c, 0x39, 0xe8,
  0x33, 0x08, 0x5a, 0xe2, 0x50, 0x09, 0x64, 0x25, 0xb6, 0x1c, 0x36, 0x1a,
  0x04, 0xfb, 0x70, 0xa8, 0x04, 0xb2, 0x12, 0x5b, 0x0e, 0x1c, 0x0d, 0x82,
  0x7d, 0x38, 0x54, 0x02, 0x59, 0x89, 0x2d, 0xc7, 0x8e, 0x06, 0xc1, 0x3e,
  0x1c, 0x2a, 0x81, 0xac, 0xc4, 0x96, 0xa3, 0x47, 0x83, 0x60, 0x1f, 0x0e,
  0x95, 0x40, 0x56, 0x62, 0xcb, 0x81, 0xa6, 0x41, 0xb0, 0x0f, 0x87, 0x4a,
  0x20, 0x2b, 0xb1, 0xe5, 0x58, 0xd3, 0x20, 0xd8, 0x87, 0x43, 0x25, 0x90,
  0x95, 0xd8, 0x72, 0xf8, 0x69, 0x10, 0xdc, 0xc3, 0xa1, 0x12, 0xc8, 0x4a,
  0x6c, 0x39, 0x42, 0x35, 0x08, 0xfa, 0xe1, 0x50, 0x09, 0x64, 0x25, 0xb6,
  0x14, 0xa8, 0x1a, 0x1c, 0x2b, 0x81, 0xa8, 0xc4, 0x96, 0x43, 0x55, 0x83,
  0x80, 0x25, 0x0e, 0x95, 0x40, 0x56, 0x62, 0xcb, 0x51, 0xae, 0x41, 0xb0,
  0x0f, 0x87, 0x4a, 0x20, 0x2b, 0xb1, 0xe5, 0x38, 0xd7, 0x20, 0xd8, 0x87,
  0x43, 0x25, 0x90, 0x95, 0xd8, 0x72, 0xa8, 0x6b, 0x10, 0xec, 0xc3, 0xa1,
  0x12, 0xc8, 0x4a, 0x6c, 0x39, 0xd8, 0x35, 0x08, 0xf6, 0xe1, 0x50, 0x09,
  0x64, 0x25, 0xb6, 0x1c, 0xf7, 0x1a, 0x04, 0xfb, 0x70, 0xa8, 0x04, 0xb2,
  0x12, 0x5b, 0x0e, 0x7d, 0x0d, 0x82, 0x7d, 0x38, 0x54, 0x02, 0x59, 0x89,
  0x2d, 0x47, 0xcb, 0x06, 0xc1, 0x3d, 0x1c, 0x2a, 0x81, 0xac, 0xc4, 0x96,
  0x03, 0x66, 0x83, 0xa0, 0x1f, 0x0e, 0x95, 0x40, 0x56, 0x02, 0x00, 0x00,
  0x00, 0x00, 0x00, 0x00, 0x00, 0x61, 0x20, 0x00, 0x00, 0x3c, 0x00, 0x00,
  0x00, 0x13, 0x04, 0x44, 0x2c, 0x10, 0x00, 0x00, 0x00, 0x08, 0x00, 0x00,
  0x00, 0x24, 0xa9, 0x81, 0x11, 0x00, 0x9a, 0x8c, 0x00, 0xd0, 0xae, 0x04,
  0x08, 0x30, 0x46, 0x20, 0x8b, 0x6e, 0x7f, 0x7f, 0x63, 0x04, 0x20, 0x08,
  0x82, 0xf0, 0x2f, 0x90, 0x60, 0x06, 0x00, 0x00, 0x00, 0x23, 0x06, 0x46,
  0x15, 0x82, 0x60, 0xc0, 0xa1, 0x82, 0xc2, 0x06, 0x23, 0x06, 0x06, 0x14,
  0x82, 0x60, 0xe1, 0x1f, 0xd8, 0x2a, 0x04, 0x73, 0x0c, 0x43, 0xc0, 0x8d,
  0x18, 0x18, 0x55, 0x08, 0x82, 0x01, 0xc7, 0x0a, 0xcd, 0x1b, 0x8c, 0x18,
  0x18, 0x50, 0x08, 0x82, 0x85, 0x7f, 0x60, 0xae, 0x10, 0xcc, 0x31, 0x0c,
  0x41, 0x32, 0x62, 0x60, 0x48, 0x21, 0x08, 0x16, 0xfe, 0xa1, 0xa5, 0x82,
  0x63, 0x81, 0x20, 0xfe, 0x23, 0x06, 0x86, 0x14, 0x82, 0x60, 0xe1, 0x1f,
  0x1a, 0x2b, 0x40, 0x16, 0x10, 0xe2, 0x3f, 0x62, 0x70, 0x40, 0x21, 0x08,
  0x16, 0xfe, 0x01, 0x06, 0xaf, 0x30, 0x0c, 0x23, 0x06, 0x06, 0x14, 0x82,
  0x60, 0xe1, 0x1f, 0x56, 0x2c, 0x04, 0x23, 0x06, 0x07, 0x14, 0x82, 0x60,
  0xe1, 0x1f, 0x60, 0x10, 0x0b, 0xc3, 0x30, 0x62, 0x60, 0x40, 0x21, 0x08,
  0x16, 0xfe, 0x61, 0xcd, 0x42, 0x30, 0x62, 0x70, 0x40, 0x21, 0x08, 0x16,
  0xfe, 0xe1, 0xd5, 0xc2, 0x10, 0x0c, 0x47, 0x04, 0x12, 0xe1, 0x1f, 0xb3,
  0x0c, 0x81, 0x10, 0x8c, 0x18, 0x20, 0x4f, 0x0c, 0x82, 0x85, 0x7f, 0x40,
  0xbe, 0xa0, 0x65, 0xd8, 0x2c, 0xc1, 0x30, 0x62, 0xd0, 0x50, 0x21, 0x08,
  0x16, 0xfe, 0x41, 0x81, 0xc3, 0xa6, 0x65, 0x98, 0x75, 0x4d, 0x7d, 0x30,
  0x4b, 0x30, 0x0c, 0x54, 0x04, 0x44, 0x20, 0x08, 0x19, 0x00, 0x00, 0x00,
  0x00, 0x61, 0x20, 0x00, 0x00, 0x22, 0x01, 0x00, 0x00, 0x13, 0x04, 0x4b,
  0x2c, 0x10, 0x00, 0x00, 0x00, 0x23, 0x00, 0x00, 0x00, 0x34, 0xa8, 0x01,
  0x92, 0xd4, 0x00, 0x4d, 0x46, 0x00, 0xc6, 0x12, 0x80, 0x81, 0x76, 0x25,
  0x50, 0x04, 0x65, 0x40, 0xc1, 0x11, 0x00, 0x02, 0x8c, 0x00, 0x8c, 0x11,
  0xac, 0xb5, 0x5a, 0x8b, 0xdf, 0x18, 0x01, 0x08, 0x82, 0x20, 0x0c, 0x06,
  0x63, 0x04, 0x37, 0xde, 0x8e, 0x2d, 0x37, 0x46, 0x00, 0x82, 0x20, 0x88,
  0x7f, 0x63, 0x04, 0x20, 0x08, 0x82, 0x2d, 0x18, 0x8c, 0x11, 0x80, 0x20,
  0x08, 0xce, 0xe0, 0x30, 0x46, 0x00, 0x82, 0x20, 0xa8, 0x82, 0xc1, 0x18,
  0x01, 0x08, 0x82, 0x20, 0x08, 0x06, 0x63, 0x04, 0x20, 0x08, 0x82, 0xfc,
  0x37, 0x46, 0x00, 0x82, 0x20, 0x68, 0x83, 0x03, 0x05, 0x66, 0x00, 0x48,
  0x30, 0x03, 0x30, 0x96, 0x00, 0x82, 0x20, 0x08, 0xff, 0x02, 0x08, 0x82,
  0x20, 0xfc, 0x0b, 0x63, 0x09, 0x20, 0x08, 0x82, 0xf0, 0x07, 0x82, 0x20,
  0x08, 0x7f, 0x63, 0x09, 0x20, 0x08, 0x82, 0x22, 0x18, 0x80, 0x20, 0x08,
  0x8a, 0x60, 0x00, 0x00, 0x00, 0xf1, 0x30, 0x00, 0x00, 0x0c, 0x00, 0x00,
  0x00, 0x22, 0x47, 0xc8, 0x90, 0x51, 0x06, 0x84, 0x06, 0x16, 0x00, 0x00,
  0x00, 0x6c, 0x6c, 0x76, 0x6d, 0x2e, 0x6c, 0x6f, 0x6f, 0x70, 0x2e, 0x6d,
  0x75, 0x73, 0x74, 0x70, 0x72, 0x6f, 0x67, 0x72, 0x65, 0x73, 0x73, 0x00,
  0x00, 0x2b, 0x84, 0x91, 0x20, 0x89, 0x0d, 0x81, 0x48, 0x00, 0x00, 0x00,
  0x00, 0x33, 0x11, 0xa5, 0x30, 0x90, 0xc1, 0x28, 0xcc, 0x44, 0x94, 0xc2,
  0x40, 0x06, 0xa3, 0x30, 0x62, 0x60, 0x54, 0x21, 0x08, 0x06, 0xdc, 0x2e,
  0x74, 0x7f, 0x30, 0x62, 0x60, 0x40, 0x21, 0x08, 0x16, 0xfe, 0x81, 0xf9,
  0x42, 0x30, 0xc7, 0x80, 0x04, 0x6f, 0x30, 0x62, 0x60, 0x54, 0x21, 0x08,
  0x06, 0xdc, 0x2f, 0x80, 0x81, 0x28, 0x8c, 0x18, 0x18, 0x50, 0x08, 0x82,
  0x85, 0x7f, 0x60, 0xe1, 0x10, 0xcc, 0x31, 0x0c, 0xc1, 0x66, 0x41, 0x18,
  0x88, 0xbf, 0x05, 0x0c, 0xf8, 0x8f, 0x18, 0x18, 0x50, 0x08, 0x82, 0x85,
  0x7f, 0x68, 0xe6, 0x10, 0x58, 0xd0, 0x80, 0xbf, 0x11, 0x41, 0xf8, 0x5f,
  0x73, 0xdc, 0x6b, 0x8e, 0x3b, 0x86, 0x30, 0xe8, 0xc1, 0x18, 0x02, 0x41,
  0x06, 0xb3, 0x04, 0xc2, 0x2e, 0x0e, 0x11, 0x1f, 0x94, 0x01, 0x05, 0x80,
  0xb1, 0x8b, 0xc3, 0xe4, 0x07, 0x66, 0x40, 0x01, 0x60, 0x58, 0x30, 0x80,
  0xff, 0x2e, 0x0e, 0x55, 0x28, 0xa8, 0x01, 0x05, 0x80, 0xb1, 0x8b, 0xc3,
  0x35, 0x0a, 0x6b, 0x40, 0x01, 0x60, 0x58, 0x30, 0x80, 0xbf, 0x19, 0x68,
  0x00, 0xfe, 0x86, 0x04, 0xe4, 0x3f, 0xc7, 0x10, 0x06, 0x01, 0x2a, 0x18,
  0xb1, 0x06, 0xe0, 0x6f, 0x46, 0x40, 0xfe, 0x73, 0x0c, 0x43, 0x40, 0x07,
  0x76, 0x91, 0x01, 0xf8, 0x1b, 0x36, 0x06, 0xe0, 0x6f, 0x03, 0x06, 0xfe,
  0x36, 0x74, 0xe4, 0x6f, 0x83, 0x47, 0xfe, 0x36, 0x7c, 0xe4, 0x3f, 0x62,
  0xd0, 0x50, 0x21, 0x08, 0x16, 0xfe, 0x41, 0x9d, 0x84, 0x28, 0x84, 0xc2,
  0xe0, 0x07, 0x7d, 0xe0, 0x07, 0x77, 0x40, 0x0e, 0xbb, 0x38, 0xa0, 0xc1,
  0x2c, 0xcc, 0x02, 0x05, 0x80, 0x31, 0xc7, 0xf0, 0x06, 0x41, 0x2d, 0x0c,
  0x32, 0x04, 0x70, 0xc0, 0x07, 0x16, 0x14, 0xe2, 0xbf, 0x8b, 0x03, 0x1b,
  0xe0, 0x02, 0x2e, 0x50, 0x00, 0x18, 0x73, 0x0c, 0x74, 0x10, 0xe8, 0xc2,
  0x20, 0x43, 0x50, 0x07, 0xa1, 0x30, 0xc8, 0xb0, 0x34, 0xa6, 0x30, 0x62,
  0xd0, 0x50, 0x21, 0x08, 0x16, 0xfe, 0x41, 0xc9, 0x44, 0x2b, 0xb0, 0x42,
  0x90, 0x0a, 0xa8, 0x90, 0x0a, 0xa2, 0xf0, 0x0e, 0x73, 0x0c, 0x78, 0xe0,
  0xf9, 0xc2, 0x20, 0x43, 0x90, 0x07, 0xa5, 0x60, 0x43, 0x20, 0xfe, 0xa6,
  0x04, 0xe0, 0x3f, 0xc8, 0x20, 0x4d, 0xac, 0x30, 0x62, 0xd0, 0x50, 0x21,
  0x08, 0x16, 0xfe, 0x41, 0xe1, 0xc4, 0x2c, 0xc8, 0x42, 0xf0, 0x0a, 0xae,
  0xf0, 0x0a, 0xa8, 0x50, 0x0f, 0xbb, 0x38, 0xe4, 0x01, 0x39, 0xac, 0x02,
  0x05, 0x80, 0x31, 0xc7, 0x00, 0x0a, 0x81, 0x39, 0x0c, 0x32, 0x04, 0xa1,
  0xd0, 0x0a, 0x16, 0x14, 0xe2, 0x6f, 0x48, 0x00, 0xfe, 0x16, 0x3c, 0xe2,
  0x3f, 0xc8, 0xc0, 0x69, 0xb5, 0x30, 0x62, 0xd0, 0x50, 0x21, 0x08, 0x16,
  0xfe, 0x41, 0x85, 0x05, 0x2f, 0xec, 0x42, 0x80, 0x0b, 0xb7, 0x80, 0x0b,
  0xb1, 0xe0, 0x0f, 0x73, 0x0c, 0xa7, 0x80, 0x06, 0xed, 0x30, 0xc8, 0x10,
  0xa0, 0x02, 0x2d, 0xd8, 0x90, 0x89, 0xff, 0x88, 0x41, 0x43, 0x85, 0x20,
  0x58, 0xf8, 0x07, 0x55, 0x16, 0xe0, 0xf0, 0x0b, 0x1f, 0x2f, 0xec, 0x02,
  0x2f, 0xd4, 0x82, 0x48, 0x58, 0x20, 0x89, 0xff, 0x20, 0x83, 0x18, 0x84,
  0x01, 0x2f, 0x8c, 0x18, 0x34, 0x54, 0x08, 0x82, 0x85, 0x7f, 0x50, 0x68,
  0x31, 0x0e, 0xe2, 0x10, 0xfc, 0x82, 0x2f, 0xfc, 0x02, 0x2e, 0x94, 0x84,
  0x05, 0x8d, 0xf8, 0x0f, 0x32, 0x98, 0x41, 0x19, 0xfc, 0xc2, 0x88, 0x41,
  0x43, 0x85, 0x20, 0x58, 0xf8, 0x07, 0xb5, 0x16, 0xe6, 0x50, 0x0e, 0x81,
  0x38, 0x84, 0x83, 0x38, 0xec, 0x02, 0x4a, 0xec, 0xe2, 0xb0, 0x0a, 0xf7,
  0xe0, 0x0b, 0x14, 0x00, 0xc6, 0x1c, 0xc3, 0x2c, 0x04, 0xf9, 0x30, 0xc8,
  0x10, 0xd0, 0x02, 0x38, 0x58, 0x51, 0x06, 0xe2, 0x3f, 0xc8, 0xb0, 0x06,
  0x6c, 0x60, 0x0e, 0x23, 0x06, 0x0d, 0x15, 0x82, 0x60, 0xe1, 0x1f, 0x94,
  0x5c, 0xb4, 0x03, 0x3b, 0x04, 0xe9, 0x80, 0x0e, 0xe9, 0x20, 0x0e, 0x2f,
  0x61, 0xc1, 0x27, 0xfe, 0x23, 0x06, 0x0d, 0x15, 0x82, 0x60, 0xe1, 0x1f,
  0x14, 0x5d, 0xbc, 0x83, 0x3b, 0xbc, 0xc1, 0x3a, 0xa8, 0xc3, 0x3a, 0x90,
  0x43, 0x4c, 0x58, 0x90, 0x89, 0xbf, 0x19, 0x03, 0xf8, 0x5b, 0x20, 0x80,
  0xbf, 0x05, 0x89, 0xf8, 0xdb, 0x54, 0x81, 0xbf, 0x05, 0x11, 0xf8, 0x5b,
  0x80, 0x89, 0xbf, 0x05, 0x1d, 0xf8, 0x5b, 0x50, 0x80, 0x7f, 0x06, 0x03,
  0x15, 0x83, 0x9d, 0x00, 0xb5, 0xa0, 0x58, 0x70, 0x0f, 0x20, 0x30, 0x62,
  0x60, 0x40, 0x21, 0x08, 0x16, 0xfe, 0x81, 0xf5, 0x45, 0x60, 0xb2, 0x10,
  0x84, 0xff, 0x88, 0x81, 0x01, 0x85, 0x20, 0x58, 0xf8, 0x87, 0x05, 0x1a,
  0xc1, 0x70, 0x44, 0xf0, 0x0e, 0x84, 0x7f, 0xcc, 0x32, 0x0c, 0x44, 0x60,
  0x82, 0x20, 0xfe, 0x36, 0xc0, 0x83, 0xf8, 0x5b, 0x00, 0x0f, 0xe0, 0x6f,
  0x43, 0x20, 0xfe, 0x16, 0xc4, 0x03, 0xf8, 0x5b, 0x80, 0x0f, 0xe2, 0x3f,
  0x4b, 0x60, 0x0c, 0x47, 0x20, 0xf2, 0x40, 0xf8, 0xc7, 0x2c, 0x43, 0x61,
  0x04, 0x96, 0xc8, 0x83, 0xf8, 0x9b, 0x3e, 0x04, 0xe1, 0x6f, 0xc1, 0x22,
  0xfe, 0x16, 0xd0, 0x03, 0xf8, 0x5b, 0xd0, 0x88, 0xbf, 0x05, 0xfe, 0x00,
  0xfe, 0x16, 0x80, 0x84, 0xf8, 0xcf, 0x12, 0x18, 0x03, 0x1d, 0x80, 0x34,
  0x08, 0x05, 0x89, 0x10, 0x57, 0xed, 0x62, 0x17, 0x07, 0x7a, 0xf8, 0x89,
  0x60, 0xd8, 0x80, 0x08, 0x86, 0x01, 0xb0, 0x72, 0xa8, 0xc2, 0x7f, 0xc4,
  0xc0, 0x80, 0x42, 0x10, 0x2c, 0xfc, 0xc3, 0xa2, 0x8d, 0x60, 0x38, 0x22,
  0x18, 0x09, 0xc2, 0x3f, 0x66, 0x19, 0x0e, 0x24, 0x30, 0x41, 0x10, 0x7f,
  0x1b, 0x48, 0x42, 0xfc, 0x2d, 0x20, 0x09, 0xf0, 0xb7, 0x21, 0x10, 0x7f,
  0x0b, 0x4a, 0x02, 0xfc, 0x2d, 0x60, 0x09, 0xf1, 0x9f, 0x25, 0x50, 0x86,
  0x23, 0x10, 0x93, 0x20, 0xfc, 0x63, 0x96, 0x21, 0x51, 0x02, 0x4b, 0x4c,
  0x42, 0xfc, 0xcd, 0x25, 0x82, 0xf0, 0xb7, 0x60, 0x11, 0x7f, 0x0b, 0x50,
  0x02, 0xfc, 0x2d, 0x68, 0xc4, 0xdf, 0x02, 0x99, 0x00, 0x7f, 0x0b, 0x68,
  0x42, 0xfc, 0x67, 0x09, 0x94, 0x81, 0x0e, 0x40, 0x3a, 0x84, 0x84, 0x4d,
  0x90, 0x5d, 0x1c, 0x4c, 0x42, 0x2e, 0xa8, 0x61, 0x03, 0x22, 0x10, 0x06,
  0xc0, 0xd4, 0xe0, 0x34, 0x60, 0x60, 0xb8, 0x21, 0x38, 0x0d, 0x30, 0x98,
  0x65, 0x08, 0x84, 0x20, 0x20, 0x06, 0x00, 0x00, 0x00, 0x0f, 0x00, 0x00,
  0x00, 0x5b, 0x86, 0x29, 0xd8, 0x87, 0x2d, 0x43, 0x15, 0xec, 0xc3, 0x96,
  0x01, 0x0b, 0xf6, 0x61, 0xcb, 0xa0, 0x05, 0xfb, 0xb0, 0x65, 0x50, 0x83,
  0x60, 0x1f, 0xb6, 0x0c, 0x6f, 0x10, 0xec, 0xc3, 0x96, 0x61, 0x0f, 0x82,
  0x7d, 0xd8, 0x32, 0xb8, 0x42, 0xb0, 0x0f, 0x5b, 0x86, 0x7d, 0x08, 0xf6,
  0x61, 0xcb, 0x30, 0x13, 0xc1, 0x3e, 0x6c, 0x19, 0x6c, 0x42, 0x12, 0x09,
  0x00, 0x00, 0x00, 0x00, 0x00, 0x61, 0x20, 0x00, 0x00, 0xa2, 0x00, 0x00,
  0x00, 0x13, 0x04, 0x45, 0x2c, 0x10, 0x00, 0x00, 0x00, 0x1e, 0x00, 0x00,
  0x00, 0x34, 0x28, 0x8a, 0xe2, 0x28, 0x87, 0xd2, 0xa0, 0xc9, 0x08, 0x00,
  0xed, 0x4a, 0x80, 0x00, 0x63, 0x04, 0x20, 0x08, 0x82, 0xf8, 0x37, 0x02,
  0x30, 0x46, 0x00, 0x82, 0x20, 0x88, 0x7e, 0x63, 0x04, 0x20, 0x08, 0x82,
  0x20, 0x18, 0x8c, 0x11, 0x98, 0x73, 0xce, 0xba, 0xbf, 0x30, 0x46, 0x00,
  0x82, 0x20, 0x88, 0xff, 0xc2, 0x18, 0x81, 0x39, 0xe7, 0xac, 0xfb, 0xcd,
  0x00, 0x8c, 0x11, 0x80, 0x20, 0x08, 0xd2, 0xdf, 0x18, 0x01, 0x08, 0x82,
  0x20, 0xfc, 0x8d, 0x11, 0x80, 0x20, 0x08, 0x82, 0xa0, 0x30, 0x46, 0x00,
  0x82, 0x20, 0x88, 0x82, 0xc1, 0x18, 0x01, 0x08, 0x82, 0x20, 0xfc, 0x0b,
  0x63, 0x04, 0x20, 0x08, 0x82, 0x2c, 0x18, 0x8c, 0x11, 0x80, 0x20, 0x08,
  0x92, 0x60, 0x40, 0x82, 0x39, 0x84, 0x58, 0xb8, 0x85, 0x19, 0x00, 0x00,
  0x00, 0x9b, 0x34, 0x60, 0x69, 0xe0, 0x07, 0x14, 0x08, 0xc8, 0x18, 0x42,
  0xb0, 0x06, 0x16, 0x44, 0xe2, 0x6f, 0x01, 0x04, 0xfe, 0x23, 0x06, 0x06,
  0x14, 0x82, 0x60, 0xe1, 0x1f, 0x56, 0x38, 0x04, 0x76, 0x05, 0xe1, 0xbf,
  0x0b, 0x03, 0x18, 0xc0, 0x81, 0x47, 0x01, 0x80, 0xd8, 0x10, 0x88, 0xff,
  0x88, 0xc1, 0x01, 0x85, 0x20, 0x58, 0xf8, 0x87, 0x67, 0x0b, 0x5b, 0x30,
  0x86, 0xa0, 0x74, 0x23, 0x06, 0x07, 0x14, 0x82, 0x60, 0xe1, 0x1f, 0x1e,
  0x2e, 0x74, 0x81, 0x05, 0x83, 0xf8, 0xef, 0xc2, 0x70, 0x06, 0x77, 0x40,
  0x06, 0x14, 0x0c, 0x48, 0x05, 0x65, 0x80, 0x15, 0xac, 0x82, 0x0e, 0x37,
  0x04, 0xb0, 0x00, 0x06, 0xb3, 0x0c, 0x81, 0x10, 0x6c, 0xd2, 0xb0, 0x06,
  0x7c, 0xd0, 0x0a, 0x14, 0x08, 0xca, 0x18, 0x42, 0x70, 0x06, 0xbb, 0x30,
  0xbc, 0xc1, 0x1f, 0xa8, 0x01, 0x05, 0x80, 0x61, 0x43, 0x20, 0xfe, 0xbb,
  0x30, 0xc8, 0x81, 0x28, 0xc0, 0x02, 0x05, 0x00, 0x62, 0x43, 0x10, 0xfe,
  0xbb, 0x30, 0xd4, 0x41, 0x29, 0xd0, 0x02, 0x05, 0x00, 0x32, 0x62, 0x70,
  0x40, 0x21, 0x08, 0x16, 0xfe, 0xe1, 0xad, 0xc3, 0x10, 0x98, 0xe0, 0x06,
  0xe2, 0x3f, 0xc7, 0xc0, 0x08, 0x72, 0x60, 0x02, 0x1b, 0x80, 0xff, 0x1c,
  0x03, 0x19, 0x04, 0x74, 0x60, 0x06, 0x1b, 0x88, 0xbf, 0x05, 0x71, 0x00,
  0xfe, 0x73, 0x0c, 0x67, 0x10, 0xdc, 0x81, 0x19, 0x44, 0xf8, 0x9b, 0x50,
  0x84, 0xff, 0x88, 0xc1, 0x01, 0x85, 0x20, 0x58, 0xf8, 0x07, 0x18, 0xf0,
  0x83, 0x10, 0x8c, 0x18, 0x1c, 0x50, 0x08, 0x82, 0x85, 0x7f, 0x80, 0x41,
  0x3f, 0x08, 0x82, 0x09, 0x01, 0xf9, 0x8f, 0x18, 0x20, 0x50, 0x08, 0x82,
  0x85, 0x7f, 0xa0, 0xc1, 0x3e, 0x04, 0x7b, 0xc0, 0x07, 0x73, 0x0c, 0x6d,
  0x10, 0xd4, 0xc2, 0x20, 0x43, 0xe0, 0x06, 0xa0, 0x60, 0xc1, 0x21, 0xfe,
  0x96, 0x04, 0xe1, 0x3f, 0x62, 0x70, 0x40, 0x21, 0x08, 0x16, 0xfe, 0x01,
  0x06, 0x24, 0x11, 0x04, 0x23, 0x06, 0x06, 0x14, 0x82, 0x60, 0xe1, 0x1f,
  0x96, 0x49, 0x04, 0x16, 0xfc, 0x01, 0xf8, 0x8f, 0x18, 0x18, 0x52, 0x08,
  0x82, 0x85, 0x7f, 0x58, 0x21, 0x11, 0x58, 0xc0, 0x07, 0xe2, 0x6f, 0x43,
  0x10, 0xfe, 0xd6, 0x07, 0x43, 0xf8, 0x9b, 0x10, 0x90, 0xff, 0x88, 0x01,
  0x02, 0x85, 0x20, 0x58, 0xf8, 0x07, 0x1a, 0xa0, 0x44, 0x80, 0x0a, 0xa9,
  0x60, 0x01, 0x1b, 0x88, 0xff, 0x2c, 0x81, 0x30, 0x50, 0x01, 0x08, 0x81,
  0x2e, 0x00, 0xc3, 0x0d, 0x6a, 0x50, 0x0f, 0x60, 0x30, 0xcb, 0x30, 0x10,
  0xc1, 0x26, 0x0d, 0xb4, 0x50, 0x0e, 0xf6, 0x40, 0x81, 0xa0, 0x8c, 0x21,
  0x04, 0xb0, 0x60, 0x81, 0x2b, 0x88, 0xff, 0x88, 0x81, 0x01, 0x85, 0x20,
  0x58, 0xf8, 0x87, 0xf5, 0x12, 0x81, 0x05, 0xa7, 0x20, 0xfe, 0x16, 0x9c,
  0x02, 0xf8, 0xcf, 0x31, 0x94, 0x42, 0x50, 0x0b, 0x16, 0x1c, 0xe0, 0x3f,
  0x62, 0x70, 0x40, 0x21, 0x08, 0x16, 0xfe, 0x01, 0x06, 0x39, 0x81, 0x04,
  0x56, 0x0b, 0x41, 0xf8, 0x5b, 0xb0, 0x0a, 0xe2, 0x3f, 0x62, 0x80, 0x40,
  0x21, 0x08, 0x16, 0xfe, 0x81, 0x06, 0x38, 0x11, 0xe0, 0x42, 0x2e, 0x58,
  0x70, 0x0b, 0xe2, 0x6f, 0xad, 0x10, 0x84, 0xbf, 0x0d, 0x83, 0xf8, 0x5b,
  0x20, 0x89, 0xbf, 0x05, 0x83, 0xf8, 0xcf, 0x12, 0x10, 0x03, 0x15, 0x80,
  0x30, 0xa0, 0x81, 0x90, 0x41, 0x40, 0x0c, 0x00, 0x00, 0x08, 0x00, 0x00,
  0x00, 0x5b, 0x06, 0x24, 0xf8, 0x87, 0x2d, 0xc3, 0x13, 0xf4, 0xc3, 0x96,
  0x01, 0x0b, 0xfc, 0x61, 0xcb, 0xb0, 0x05, 0x20, 0xb1, 0x65, 0xf0, 0x02,
  0x7e, 0xd8, 0x32, 0x80, 0x42, 0x70, 0x0f, 0x00, 0x00, 0x00, 0x00, 0x00,
  0x00, 0x61, 0x20, 0x00, 0x00, 0x22, 0x00, 0x00, 0x00, 0x13, 0x04, 0x41,
  0x2c, 0x10, 0x00, 0x00, 0x00, 0x05, 0x00, 0x00, 0x00, 0x34, 0x19, 0x01,
  0xa0, 0x5d, 0x09, 0x10, 0x60, 0x04, 0x80, 0x04, 0x33, 0x00, 0x33, 0x00,
  0x23, 0x00, 0x00, 0x00, 0x00, 0x73, 0x0c, 0xc3, 0x91, 0x0d, 0x32, 0x04,
  0xc3, 0x31, 0x62, 0x60, 0x40, 0x21, 0x08, 0x16, 0xfe, 0xa1, 0xe9, 0xc1,
  0x62, 0xc2, 0x12, 0xfe, 0x26, 0x04, 0xe0, 0x3f, 0x86, 0x10, 0x78, 0x63,
  0x08, 0xc2, 0x32, 0x62, 0x70, 0x40, 0x21, 0x08, 0x16, 0xfe, 0xe1, 0xb5,
  0x82, 0x10, 0x8c, 0x18, 0x1c, 0x50, 0x08, 0x82, 0x85, 0x7f, 0x78, 0xa4,
  0x10, 0x30, 0x23, 0x06, 0x07, 0x14, 0x82, 0x60, 0xe1, 0x1f, 0x6c, 0x20,
  0x0a, 0x85, 0x32, 0x62, 0x70, 0x40, 0x21, 0x08, 0x16, 0xfe, 0x01, 0x06,
  0xae, 0x10, 0x04, 0x23, 0x06, 0x06, 0x14, 0x82, 0x60, 0xe1, 0x1f, 0x16,
  0x2c, 0x04, 0x46, 0x4c, 0xe1, 0x6f, 0x81, 0x00, 0xfe, 0x19, 0x00, 0x00,
  0x00, 0x61, 0x20, 0x00, 0x00, 0x1a, 0x00, 0x00, 0x00, 0x13, 0x04, 0x41,
  0x2c, 0x10, 0x00, 0x00, 0x00, 0x07, 0x00, 0x00, 0x00, 0x34, 0x19, 0x01,
  0x18, 0x4b, 0x08, 0x02, 0xda, 0x95, 0x00, 0x01, 0xc6, 0x08, 0x40, 0x10,
  0x04, 0x41, 0x50, 0x20, 0xc1, 0x0c, 0xc0, 0x0c, 0x00, 0x00, 0x00, 0x00,
  0x00, 0x23, 0x06, 0x06, 0x14, 0x82, 0x60, 0xe1, 0x1f, 0x56, 0x1d, 0x1c,
  0x23, 0x06, 0x06, 0x14, 0x82, 0x60, 0xe1, 0x1f, 0xd6, 0x1d, 0x20, 0x73,
  0x0c, 0x84, 0xa0, 0x99, 0x21, 0x84, 0xff, 0x1c, 0x83, 0x10, 0x20, 0x73,
  0x0c, 0x07, 0xd1, 0xcd, 0x31, 0x04, 0x86, 0x32, 0xc8, 0xf0, 0x20, 0x8d,
  0x11, 0x81, 0xf8, 0x0f, 0x32, 0x44, 0x8b, 0x63, 0x44, 0x20, 0xfe, 0x16,
  0x0c, 0xe0, 0x9f, 0x01, 0x00, 0x61, 0x20, 0x00, 0x00, 0x78, 0x00, 0x00,
  0x00, 0x13, 0x04, 0x41, 0x2c, 0x10, 0x00, 0x00, 0x00, 0x0e, 0x00, 0x00,
  0x00, 0x24, 0xa9, 0x81, 0x11, 0x00, 0x9a, 0x8c, 0x00, 0xd0, 0xae, 0x04,
  0x08, 0x30, 0x02, 0x30, 0x46, 0x00, 0x82, 0x20, 0x08, 0xff, 0xc2, 0x18,
  0x01, 0x08, 0x82, 0x20, 0xfe, 0x8d, 0x11, 0x80, 0x20, 0x08, 0xa2, 0xdf,
  0x18, 0x01, 0x08, 0x82, 0x20, 0x08, 0x0a, 0x63, 0x04, 0x21, 0x09, 0x86,
  0xb8, 0x47, 0x82, 0x19, 0x00, 0x00, 0x00, 0x00, 0x00, 0x23, 0x06, 0x46,
  0x15, 0x82, 0x60, 0xc0, 0xb5, 0xc2, 0x13, 0x07, 0x23, 0x06, 0x06, 0x14,
  0x82, 0x60, 0xe1, 0x1f, 0x18, 0x2c, 0x04, 0x73, 0x0c, 0x43, 0x10, 0x06,
  0x23, 0x06, 0x46, 0x15, 0x82, 0x60, 0xc0, 0xc5, 0x82, 0x44, 0x07, 0x23,
  0x06, 0x06, 0x14, 0x82, 0x60, 0xe1, 0x1f, 0xd8, 0x2c, 0x04, 0x73, 0x0c,
  0x43, 0xd0, 0x8c, 0x18, 0x18, 0x52, 0x08, 0x82, 0x85, 0x7f, 0x68, 0xae,
  0x30, 0x59, 0x20, 0x88, 0xff, 0x88, 0xc1, 0x01, 0x85, 0x20, 0x58, 0xf8,
  0x07, 0x18, 0xc8, 0x42, 0x10, 0x8c, 0x18, 0x18, 0x50, 0x08, 0x82, 0x85,
  0x7f, 0x58, 0xb4, 0x10, 0x58, 0xc0, 0x88, 0xff, 0x88, 0x81, 0x21, 0x85,
  0x20, 0x58, 0xf8, 0x87, 0x36, 0x0b, 0xd8, 0x18, 0x42, 0xb0, 0x06, 0x16,
  0x44, 0xe2, 0x3f, 0x62, 0x60, 0x48, 0x21, 0x08, 0x16, 0xfe, 0xa1, 0xdd,
  0xc2, 0x36, 0x86, 0x10, 0x5c, 0x16, 0x50, 0xe2, 0x3f, 0xc7, 0x20, 0x11,
  0x70, 0x30, 0xc7, 0x10, 0x08, 0x9a, 0x05, 0x60, 0x00, 0xfe, 0x23, 0x06,
  0x0d, 0x15, 0x82, 0x60, 0xe1, 0x1f, 0x14, 0x3a, 0x8c, 0x81, 0x18, 0x04,
  0x5f, 0xe7, 0x6d, 0xa5, 0x30, 0x86, 0x10, 0xd0, 0x81, 0x65, 0x46, 0xf8,
  0xcf, 0x31, 0x18, 0xc1, 0x67, 0x41, 0x19, 0x80, 0xff, 0x88, 0x41, 0x43,
  0x85, 0x20, 0x58, 0xf8, 0x07, 0xd5, 0x0e, 0x68, 0x70, 0x06, 0x01, 0x19,
  0x88, 0xc1, 0x18, 0x80, 0x81, 0x2a, 0x8c, 0x21, 0x04, 0x79, 0x60, 0x9e,
  0x13, 0xfe, 0x73, 0x0c, 0x5d, 0xb0, 0x07, 0x73, 0x0c, 0x41, 0x53, 0x06,
  0x16, 0xac, 0x01, 0xf8, 0x8f, 0x18, 0x34, 0x54, 0x08, 0x82, 0x85, 0x7f,
  0x50, 0xf3, 0xe0, 0x06, 0x6d, 0x10, 0xa8, 0x01, 0x1a, 0xa4, 0x81, 0x19,
  0xc0, 0xc2, 0x18, 0x42, 0xf0, 0x07, 0x73, 0x0c, 0xc5, 0x92, 0x06, 0x16,
  0xbc, 0x01, 0xf8, 0x8f, 0x18, 0x34, 0x54, 0x08, 0x82, 0x85, 0x7f, 0x50,
  0xf7, 0x20, 0x07, 0x71, 0x10, 0xb8, 0x01, 0x1b, 0xb4, 0x81, 0x1a, 0xd0,
  0xc2, 0x18, 0x42, 0x30, 0x0a, 0x06, 0xad, 0x01, 0xf8, 0x5b, 0xc0, 0x91,
  0xbf, 0x05, 0x73, 0x00, 0xfe, 0x23, 0x06, 0x08, 0x14, 0x82, 0x60, 0xe1,
  0x1f, 0x68, 0xe0, 0x0e, 0xc1, 0x1b, 0xb4, 0x81, 0x3d, 0x6f, 0x00, 0xfe,
  0x16, 0x80, 0x01, 0xf9, 0x5b, 0x70, 0x07, 0xe0, 0x3f, 0x62, 0x80, 0x40,
  0x21, 0x08, 0x16, 0xfe, 0x81, 0x06, 0xf2, 0x10, 0xcc, 0x41, 0x1c, 0x58,
  0x50, 0x80, 0xbf, 0x39, 0x74, 0x00, 0xfe, 0x16, 0x94, 0x01, 0xf9, 0x5b,
  0xc0, 0x07, 0xe0, 0x3f, 0x62, 0x80, 0x40, 0x21, 0x08, 0x16, 0xfe, 0x81,
  0x06, 0xf7, 0x10, 0xe0, 0x81, 0x1d, 0x58, 0x11, 0x80, 0xbf, 0x3d, 0x79,
  0x00, 0xfe, 0x16, 0xa8, 0x01, 0xf9, 0x5b, 0x10, 0x0a, 0xe0, 0x3f, 0x62,
  0x80, 0x40, 0x21, 0x08, 0x16, 0xfe, 0x81, 0x06, 0xfc, 0x10, 0xf4, 0xc1,
  0x1e, 0x58, 0x11, 0x80, 0xbf, 0x05, 0x7c, 0x20, 0xfe, 0x19, 0x00, 0x00,
  0x00, 0x61, 0x20, 0x00, 0x00, 0x83, 0x00, 0x00, 0x00, 0x13, 0x04, 0x41,
  0x2c, 0x10, 0x00, 0x00, 0x00, 0x14, 0x00, 0x00, 0x00, 0x34, 0x98, 0x01,
  0x28, 0x0b, 0x9a, 0x8c, 0x25, 0x00, 0xc1, 0x08, 0x00, 0xed, 0x4a, 0xa0,
  0x0c, 0x8a, 0xa0, 0x14, 0x48, 0x38, 0xc7, 0x60, 0x06, 0x66, 0xa0, 0x0a,
  0x73, 0x0c, 0x64, 0x40, 0x06, 0xaa, 0x40, 0x80, 0x31, 0x02, 0x10, 0x04,
  0x41, 0x10, 0x14, 0xc6, 0x08, 0x40, 0x10, 0x04, 0xf1, 0x6f, 0x04, 0x60,
  0x8c, 0x40, 0xc5, 0xeb, 0x53, 0xf6, 0x85, 0x31, 0x02, 0x10, 0x04, 0x41,
  0xf8, 0x23, 0xc1, 0x0c, 0xc0, 0x0c, 0xc0, 0x08, 0x00, 0x35, 0x66, 0x00,
  0x66, 0x00, 0x00, 0x00, 0x00, 0xf1, 0x30, 0x00, 0x00, 0x02, 0x00, 0x00,
  0x00, 0x1b, 0x86, 0x7d, 0xd0, 0x07, 0x5f, 0x00, 0x00, 0xbb, 0x40, 0x58,
  0x66, 0x90, 0x07, 0x66, 0x40, 0x01, 0x80, 0xec, 0x02, 0x81, 0xa1, 0xc1,
  0x1e, 0x44, 0x14, 0x00, 0x86, 0x05, 0x83, 0xf8, 0xef, 0x02, 0xb1, 0xad,
  0x81, 0x1f, 0x54, 0x14, 0x00, 0xc6, 0x2e, 0x10, 0x5d, 0x1b, 0x80, 0x42,
  0x45, 0x01, 0x80, 0x58, 0x30, 0x88, 0xbf, 0x19, 0x41, 0xf8, 0x1b, 0x15,
  0x90, 0xbf, 0x59, 0x46, 0xf8, 0xcf, 0x31, 0x3c, 0xca, 0x1c, 0xcc, 0x31,
  0x04, 0x82, 0x67, 0xd9, 0x11, 0xfe, 0x73, 0x0c, 0x52, 0x60, 0x07, 0x73,
  0x0c, 0x01, 0x14, 0x06, 0xbb, 0x40, 0xa0, 0x01, 0x1e, 0xac, 0xc2, 0x47,
  0x01, 0x60, 0x58, 0xc0, 0x88, 0xff, 0x2e, 0x10, 0x6b, 0xb0, 0x07, 0xae,
  0xa0, 0x07, 0x14, 0x00, 0x88, 0x05, 0x94, 0xf8, 0x1b, 0x11, 0x84, 0xff,
  0x1c, 0x83, 0x16, 0xfc, 0x81, 0x11, 0x94, 0xf8, 0x1b, 0xa2, 0x89, 0xbf,
  0x09, 0x41, 0xf8, 0xcf, 0x31, 0x10, 0x41, 0x1b, 0xcc, 0x31, 0x80, 0xc1,
  0x44, 0x0a, 0x83, 0x0c, 0x41, 0x18, 0xac, 0xc1, 0x20, 0x43, 0x1d, 0x94,
  0x01, 0x1b, 0xd8, 0x14, 0x88, 0xff, 0x20, 0xc3, 0x1d, 0x9c, 0x41, 0x1b,
  0x98, 0x14, 0x88, 0xbf, 0x0d, 0x07, 0xf8, 0x5b, 0x20, 0x80, 0xbf, 0x05,
  0x87, 0xf8, 0x0f, 0x32, 0x04, 0x69, 0x90, 0x07, 0x23, 0x06, 0x06, 0x14,
  0x82, 0x60, 0xe1, 0x1f, 0x5a, 0x3b, 0x04, 0xbb, 0x30, 0xfc, 0xc1, 0x2b,
  0xec, 0x02, 0x05, 0x02, 0xb2, 0x0b, 0x43, 0x28, 0xc4, 0x82, 0x1f, 0x50,
  0x00, 0x18, 0x73, 0x0c, 0x72, 0x10, 0xcc, 0xc2, 0x20, 0x43, 0x20, 0x07,
  0x7f, 0x30, 0x62, 0x60, 0x40, 0x21, 0x08, 0x16, 0xfe, 0xa1, 0xd1, 0xc3,
  0x61, 0x82, 0x11, 0xfe, 0x16, 0x08, 0xe0, 0x3f, 0x86, 0x10, 0xe0, 0xc2,
  0x18, 0x82, 0x30, 0x0a, 0x23, 0x06, 0x07, 0x14, 0x82, 0x60, 0xe1, 0x1f,
  0xde, 0x49, 0x08, 0xc1, 0x88, 0xc1, 0x01, 0x85, 0x20, 0x58, 0xf8, 0x87,
  0xe7, 0x0f, 0x41, 0x1f, 0x8c, 0x18, 0x1c, 0x50, 0x08, 0x82, 0x85, 0x7f,
  0xb0, 0x01, 0x3f, 0x14, 0x79, 0x30, 0x62, 0x70, 0x40, 0x21, 0x08, 0x16,
  0xfe, 0x01, 0x06, 0x28, 0x11, 0x04, 0x23, 0x06, 0x06, 0x14, 0x82, 0x60,
  0xe1, 0x1f, 0x96, 0x4a, 0x04, 0x06, 0x0a, 0x4d, 0xf8, 0x5b, 0x50, 0x80,
  0xbf, 0x05, 0x03, 0xf8, 0x8f, 0x18, 0x18, 0x52, 0x08, 0x82, 0x85, 0x7f,
  0x58, 0x27, 0x11, 0x58, 0x30, 0x0a, 0xe2, 0x6f, 0x43, 0x10, 0xfe, 0x96,
  0x0a, 0x43, 0xf8, 0x9b, 0x10, 0x90, 0xff, 0x88, 0x01, 0x02, 0x85, 0x20,
  0x58, 0xf8, 0x07, 0x1a, 0xb8, 0x44, 0x90, 0x0a, 0xaa, 0x90, 0x41, 0x40,
  0x0c, 0x0b, 0x00, 0x00, 0x00, 0x5b, 0x86, 0x20, 0xd8, 0x87, 0x2d, 0xc3,
  0x10, 0xec, 0xc3, 0x96, 0xc1, 0x08, 0xf6, 0x61, 0xcb, 0x80, 0x04, 0xfb,
  0xb0, 0x65, 0x98, 0x82, 0x7d, 0xd8, 0x32, 0x58, 0xc1, 0x3e, 0x6c, 0x19,
  0xd4, 0x20, 0xb8, 0x87, 0x2d, 0x03, 0x1b, 0x04, 0x21, 0x01, 0x00, 0x00,
  0x00, 0x00, 0x00, 0x00, 0x00, 0x71, 0x20, 0x00, 0x00, 0x09, 0x00, 0x00,
  0x00, 0x32, 0x0e, 0x10, 0x22, 0x84, 0x00, 0x86, 0x0e, 0x28, 0x50, 0x2d,
  0x82, 0x04, 0x93, 0x23, 0x08, 0x71, 0x5b, 0x82, 0x1c, 0xdb, 0x26, 0xd8,
  0xf1, 0x6f, 0x82, 0x20, 0x9b, 0x27, 0x28, 0x52, 0x89, 0x02, 0x00, 0x00,
  0x00, 0x00, 0x00, 0x00, 0x00, 0x65, 0x0c, 0x00, 0x00, 0xeb, 0x00, 0x00,
  0x00, 0x12, 0x03, 0x94, 0x60, 0x07, 0x00, 0x00, 0x00, 0x03, 0x00, 0x00,
  0x00, 0x68, 0x03, 0x00, 0x00, 0x0c, 0x00, 0x00, 0x00, 0x4c, 0x00, 0x00,
  0x00, 0x01, 0x00, 0x00, 0x00, 0x58, 0x00, 0x00, 0x00, 0x00, 0x00, 0x00,
  0x00, 0x58, 0x00, 0x00, 0x00, 0x23, 0x00, 0x00, 0x00, 0xa0, 0x03, 0x00,
  0x00, 0x00, 0x00, 0x00, 0x00, 0x74, 0x03, 0x00, 0x00, 0x15, 0x00, 0x00,
  0x00, 0x00, 0x00, 0x00, 0x00, 0x10, 0x00, 0x00, 0x00, 0x89, 0x03, 0x00,
  0x00, 0x00, 0x00, 0x00, 0x00, 0xa0, 0x03, 0x00, 0x00, 0x00, 0x00, 0x00,
  0x00, 0x00, 0x00, 0x00, 0x00, 0x23, 0x00, 0x00, 0x00, 0x00, 0x00, 0x00,
  0x00, 0x00, 0x00, 0x00, 0x00, 0x10, 0x00, 0x00, 0x00, 0x00, 0x00, 0x00,
  0x00, 0x10, 0x00, 0x00, 0x00, 0xff, 0xff, 0xff, 0xff, 0x00, 0x24, 0x00,
  0x00, 0x10, 0x00, 0x00, 0x00, 0x12, 0x00, 0x00, 0x00, 0x10, 0x00, 0x00,
  0x00, 0x12, 0x00, 0x00, 0x00, 0xff, 0xff, 0xff, 0xff, 0x08, 0x24, 0x00,
  0x00, 0x22, 0x00, 0x00, 0x00, 0x4e, 0x00, 0x00, 0x00, 0x22, 0x00, 0x00,
  0x00, 0x4e, 0x00, 0x00, 0x00, 0xff, 0xff, 0xff, 0xff, 0x00, 0x30, 0x00,
  0x00, 0x70, 0x00, 0x00, 0x00, 0x1b, 0x00, 0x00, 0x00, 0x70, 0x00, 0x00,
  0x00, 0x1b, 0x00, 0x00, 0x00, 0xff, 0xff, 0xff, 0xff, 0x08, 0x24, 0x00,
  0x00, 0x8b, 0x00, 0x00, 0x00, 0x51, 0x00, 0x00, 0x00, 0x8b, 0x00, 0x00,
  0x00, 0x51, 0x00, 0x00, 0x00, 0xff, 0xff, 0xff, 0xff, 0x00, 0x30, 0x00,
  0x00, 0xdc, 0x00, 0x00, 0x00, 0x11, 0x00, 0x00, 0x00, 0xdc, 0x00, 0x00,
  0x00, 0x11, 0x00, 0x00, 0x00, 0xff, 0xff, 0xff, 0xff, 0x08, 0x24, 0x00,
  0x00, 0xed, 0x00, 0x00, 0x00, 0x17, 0x00, 0x00, 0x00, 0xed, 0x00, 0x00,
  0x00, 0x17, 0x00, 0x00, 0x00, 0xff, 0xff, 0xff, 0xff, 0x08, 0x24, 0x00,
  0x00, 0x04, 0x01, 0x00, 0x00, 0x14, 0x00, 0x00, 0x00, 0x04, 0x01, 0x00,
  0x00, 0x14, 0x00, 0x00, 0x00, 0xff, 0xff, 0xff, 0xff, 0x08, 0x24, 0x00,
  0x00, 0x18, 0x01, 0x00, 0x00, 0x17, 0x00, 0x00, 0x00, 0x18, 0x01, 0x00,
  0x00, 0x17, 0x00, 0x00, 0x00, 0xff, 0xff, 0xff, 0xff, 0x08, 0x24, 0x00,
  0x00, 0x2f, 0x01, 0x00, 0x00, 0x19, 0x00, 0x00, 0x00, 0x2f, 0x01, 0x00,
  0x00, 0x19, 0x00, 0x00, 0x00, 0xff, 0xff, 0xff, 0xff, 0x08, 0x24, 0x00,
  0x00, 0x48, 0x01, 0x00, 0x00, 0x18, 0x00, 0x00, 0x00, 0x48, 0x01, 0x00,
  0x00, 0x18, 0x00, 0x00, 0x00, 0xff, 0xff, 0xff, 0xff, 0x08, 0x24, 0x00,
  0x00, 0x60, 0x01, 0x00, 0x00, 0x11, 0x00, 0x00, 0x00, 0x60, 0x01, 0x00,
  0x00, 0x11, 0x00, 0x00, 0x00, 0xff, 0xff, 0xff, 0xff, 0x08, 0x24, 0x00,
  0x00, 0x71, 0x01, 0x00, 0x00, 0x11, 0x00, 0x00, 0x00, 0x71, 0x01, 0x00,
  0x00, 0x11, 0x00, 0x00, 0x00, 0xff, 0xff, 0xff, 0xff, 0x08, 0x24, 0x00,
  0x00, 0x82, 0x01, 0x00, 0x00, 0x0d, 0x00, 0x00, 0x00, 0x82, 0x01, 0x00,
  0x00, 0x0d, 0x00, 0x00, 0x00, 0xff, 0xff, 0xff, 0xff, 0x08, 0x24, 0x00,
  0x00, 0x8f, 0x01, 0x00, 0x00, 0x0e, 0x00, 0x00, 0x00, 0x8f, 0x01, 0x00,
  0x00, 0x0e, 0x00, 0x00, 0x00, 0xff, 0xff, 0xff, 0xff, 0x08, 0x24, 0x00,
  0x00, 0x9d, 0x01, 0x00, 0x00, 0x0e, 0x00, 0x00, 0x00, 0x9d, 0x01, 0x00,
  0x00, 0x0e, 0x00, 0x00, 0x00, 0xff, 0xff, 0xff, 0xff, 0x08, 0x24, 0x00,
  0x00, 0xab, 0x01, 0x00, 0x00, 0x38, 0x00, 0x00, 0x00, 0xab, 0x01, 0x00,
  0x00, 0x38, 0x00, 0x00, 0x00, 0xff, 0xff, 0xff, 0xff, 0x00, 0x30, 0x00,
  0x00, 0xe3, 0x01, 0x00, 0x00, 0x12, 0x00, 0x00, 0x00, 0xe3, 0x01, 0x00,
  0x00, 0x12, 0x00, 0x00, 0x00, 0xff, 0xff, 0xff, 0xff, 0x08, 0x24, 0x00,
  0x00, 0xf5, 0x01, 0x00, 0x00, 0x12, 0x00, 0x00, 0x00, 0xf5, 0x01, 0x00,
  0x00, 0x12, 0x00, 0x00, 0x00, 0xff, 0xff, 0xff, 0xff, 0x08, 0x24, 0x00,
  0x00, 0x07, 0x02, 0x00, 0x00, 0x0e, 0x00, 0x00, 0x00, 0x07, 0x02, 0x00,
  0x00, 0x0e, 0x00, 0x00, 0x00, 0xff, 0xff, 0xff, 0xff, 0x08, 0x24, 0x00,
  0x00, 0x15, 0x02, 0x00, 0x00, 0x11, 0x00, 0x00, 0x00, 0x15, 0x02, 0x00,
  0x00, 0x11, 0x00, 0x00, 0x00, 0xff, 0xff, 0xff, 0xff, 0x08, 0x24, 0x00,
  0x00, 0x26, 0x02, 0x00, 0x00, 0x11, 0x00, 0x00, 0x00, 0x26, 0x02, 0x00,
  0x00, 0x11, 0x00, 0x00, 0x00, 0xff, 0xff, 0xff, 0xff, 0x08, 0x24, 0x00,
  0x00, 0x37, 0x02, 0x00, 0x00, 0x0d, 0x00, 0x00, 0x00, 0x37, 0x02, 0x00,
  0x00, 0x0d, 0x00, 0x00, 0x00, 0xff, 0xff, 0xff, 0xff, 0x08, 0x24, 0x00,
  0x00, 0x44, 0x02, 0x00, 0x00, 0x15, 0x00, 0x00, 0x00, 0x44, 0x02, 0x00,
  0x00, 0x15, 0x00, 0x00, 0x00, 0xff, 0xff, 0xff, 0xff, 0x08, 0x24, 0x00,
  0x00, 0x59, 0x02, 0x00, 0x00, 0x13, 0x00, 0x00, 0x00, 0x59, 0x02, 0x00,
  0x00, 0x13, 0x00, 0x00, 0x00, 0xff, 0xff, 0xff, 0xff, 0x08, 0x24, 0x00,
  0x00, 0x6c, 0x02, 0x00, 0x00, 0x13, 0x00, 0x00, 0x00, 0x6c, 0x02, 0x00,
  0x00, 0x13, 0x00, 0x00, 0x00, 0xff, 0xff, 0xff, 0xff, 0x08, 0x24, 0x00,
  0x00, 0x7f, 0x02, 0x00, 0x00, 0x10, 0x00, 0x00, 0x00, 0x7f, 0x02, 0x00,
  0x00, 0x10, 0x00, 0x00, 0x00, 0xff, 0xff, 0xff, 0xff, 0x08, 0x24, 0x00,
  0x00, 0x8f, 0x02, 0x00, 0x00, 0x10, 0x00, 0x00, 0x00, 0x8f, 0x02, 0x00,
  0x00, 0x10, 0x00, 0x00, 0x00, 0xff, 0xff, 0xff, 0xff, 0x08, 0x24, 0x00,
  0x00, 0x9f, 0x02, 0x00, 0x00, 0x17, 0x00, 0x00, 0x00, 0x9f, 0x02, 0x00,
  0x00, 0x17, 0x00, 0x00, 0x00, 0xff, 0xff, 0xff, 0xff, 0x00, 0x30, 0x00,
  0x00, 0xb6, 0x02, 0x00, 0x00, 0x15, 0x00, 0x00, 0x00, 0xb6, 0x02, 0x00,
  0x00, 0x15, 0x00, 0x00, 0x00, 0xff, 0xff, 0xff, 0xff, 0x00, 0x30, 0x00,
  0x00, 0xcb, 0x02, 0x00, 0x00, 0x10, 0x00, 0x00, 0x00, 0xcb, 0x02, 0x00,
  0x00, 0x10, 0x00, 0x00, 0x00, 0xff, 0xff, 0xff, 0xff, 0x08, 0x24, 0x00,
  0x00, 0xdb, 0x02, 0x00, 0x00, 0x0b, 0x00, 0x00, 0x00, 0xdb, 0x02, 0x00,
  0x00, 0x0b, 0x00, 0x00, 0x00, 0xff, 0xff, 0xff, 0xff, 0x08, 0x24, 0x00,
  0x00, 0xe6, 0x02, 0x00, 0x00, 0x41, 0x00, 0x00, 0x00, 0xe6, 0x02, 0x00,
  0x00, 0x41, 0x00, 0x00, 0x00, 0xff, 0xff, 0xff, 0xff, 0x00, 0x30, 0x00,
  0x00, 0x27, 0x03, 0x00, 0x00, 0x14, 0x00, 0x00, 0x00, 0x27, 0x03, 0x00,
  0x00, 0x14, 0x00, 0x00, 0x00, 0xff, 0xff, 0xff, 0xff, 0x08, 0x24, 0x00,
  0x00, 0x3b, 0x03, 0x00, 0x00, 0x2d, 0x00, 0x00, 0x00, 0x3b, 0x03, 0x00,
  0x00, 0x2d, 0x00, 0x00, 0x00, 0xff, 0xff, 0xff, 0xff, 0x00, 0x30, 0x00,
  0x00, 0x00, 0x00, 0x00, 0x00, 0x5d, 0x0c, 0x00, 0x00, 0xe6, 0x00, 0x00,
  0x00, 0x12, 0x03, 0x94, 0x29, 0x07, 0x00, 0x00, 0x00, 0x66, 0x72, 0x61,
  0x67, 0x6d, 0x65, 0x6e, 0x74, 0x53, 0x68, 0x61, 0x64, 0x65, 0x72, 0x41,
  0x41, 0x61, 0x69, 0x72, 0x2e, 0x66, 0x61, 0x73, 0x74, 0x5f, 0x70, 0x6f,
  0x77, 0x2e, 0x76, 0x33, 0x66, 0x33, 0x32, 0x5f, 0x5a, 0x32, 0x31, 0x73,
  0x61, 0x6d, 0x70, 0x6c, 0x65, 0x54, 0x65, 0x78, 0x74, 0x75, 0x72, 0x65,
  0x41, 0x64, 0x61, 0x70, 0x74, 0x69, 0x76, 0x65, 0x4e, 0x35, 0x6d, 0x65,
  0x74, 0x61, 0x6c, 0x39, 0x74, 0x65, 0x78, 0x74, 0x75, 0x72, 0x65, 0x32,
  0x64, 0x49, 0x66, 0x4c, 0x4e, 0x53, 0x5f, 0x36, 0x61, 0x63, 0x63, 0x65,
  0x73, 0x73, 0x45, 0x30, 0x45, 0x76, 0x45, 0x45, 0x4e, 0x53, 0x5f, 0x37,
  0x73, 0x61, 0x6d, 0x70, 0x6c, 0x65, 0x72, 0x45, 0x44, 0x76, 0x32, 0x5f,
  0x66, 0x61, 0x69, 0x72, 0x2e, 0x73, 0x61, 0x6d, 0x70, 0x6c, 0x65, 0x5f,
  0x74, 0x65, 0x78, 0x74, 0x75, 0x72, 0x65, 0x5f, 0x32, 0x64, 0x2e, 0x76,
  0x34, 0x66, 0x33, 0x32, 0x5f, 0x5a, 0x32, 0x34, 0x74, 0x65, 0x78, 0x74,
  0x75, 0x72, 0x65, 0x4d, 0x69, 0x74, 0x63, 0x68, 0x65, 0x6c, 0x6c, 0x4e,
  0x65, 0x74, 0x72, 0x61, 0x76, 0x61, 0x6c, 0x69, 0x4e, 0x35, 0x6d, 0x65,
  0x74, 0x61, 0x6c, 0x39, 0x74, 0x65, 0x78, 0x74, 0x75, 0x72, 0x65, 0x32,
  0x64, 0x49, 0x66, 0x4c, 0x4e, 0x53, 0x5f, 0x36, 0x61, 0x63, 0x63, 0x65,
  0x73, 0x73, 0x45, 0x30, 0x45, 0x76, 0x45, 0x45, 0x4e, 0x53, 0x5f, 0x37,
  0x73, 0x61, 0x6d, 0x70, 0x6c, 0x65, 0x72, 0x45, 0x44, 0x76, 0x32, 0x5f,
  0x66, 0x61, 0x69, 0x72, 0x2e, 0x66, 0x61, 0x73, 0x74, 0x5f, 0x66, 0x61,
  0x62, 0x73, 0x2e, 0x66, 0x33, 0x32, 0x61, 0x69, 0x72, 0x2e, 0x63, 0x6f,
  0x6e, 0x76, 0x65, 0x72, 0x74, 0x2e, 0x66, 0x2e, 0x66, 0x33, 0x32, 0x2e,
  0x73, 0x2e, 0x69, 0x33, 0x32, 0x61, 0x69, 0x72, 0x2e, 0x66, 0x61, 0x73,
  0x74, 0x5f, 0x66, 0x6c, 0x6f, 0x6f, 0x72, 0x2e, 0x76, 0x32, 0x66, 0x33,
  0x32, 0x61, 0x69, 0x72, 0x2e, 0x63, 0x6f, 0x6e, 0x76, 0x65, 0x72, 0x74,
  0x2e, 0x66, 0x2e, 0x66, 0x33, 0x32, 0x2e, 0x75, 0x2e, 0x69, 0x33, 0x32,
  0x61, 0x69, 0x72, 0x2e, 0x67, 0x65, 0x74, 0x5f, 0x68, 0x65, 0x69, 0x67,
  0x68, 0x74, 0x5f, 0x74, 0x65, 0x78, 0x74, 0x75, 0x72, 0x65, 0x5f, 0x32,
  0x64, 0x61, 0x69, 0x72, 0x2e, 0x67, 0x65, 0x74, 0x5f, 0x77, 0x69, 0x64,
  0x74, 0x68, 0x5f, 0x74, 0x65, 0x78, 0x74, 0x75, 0x72, 0x65, 0x5f, 0x32,
  0x64, 0x61, 0x69, 0x72, 0x2e, 0x66, 0x61, 0x73, 0x74, 0x5f, 0x66, 0x6d,
  0x61, 0x78, 0x2e, 0x66, 0x33, 0x32, 0x61, 0x69, 0x72, 0x2e, 0x66, 0x61,
  0x73, 0x74, 0x5f, 0x73, 0x71, 0x72, 0x74, 0x2e, 0x66, 0x33, 0x32, 0x61,
  0x69, 0x72, 0x2e, 0x64, 0x6f, 0x74, 0x2e, 0x76, 0x32, 0x66, 0x33, 0x32,
  0x61, 0x69, 0x72, 0x2e, 0x64, 0x66, 0x64, 0x79, 0x2e, 0x76, 0x32, 0x66,
  0x33, 0x32, 0x61, 0x69, 0x72, 0x2e, 0x64, 0x66, 0x64, 0x78, 0x2e, 0x76,
  0x32, 0x66, 0x33, 0x32, 0x5f, 0x5a, 0x31, 0x30, 0x73, 0x74, 0x72, 0x6f,
  0x6b, 0x65, 0x4d, 0x61, 0x73, 0x6b, 0x52, 0x55, 0x31, 0x31, 0x4d, 0x54,
  0x4c, 0x63, 0x6f, 0x6e, 0x73, 0x74, 0x61, 0x6e, 0x74, 0x4b, 0x38, 0x55,
  0x6e, 0x69, 0x66, 0x6f, 0x72, 0x6d, 0x73, 0x52, 0x31, 0x34, 0x52, 0x61,
  0x73, 0x74, 0x65, 0x72, 0x69, 0x7a, 0x65, 0x72, 0x44, 0x61, 0x74, 0x61,
  0x61, 0x69, 0x72, 0x2e, 0x66, 0x61, 0x73, 0x74, 0x5f, 0x63, 0x6c, 0x61,
  0x6d, 0x70, 0x2e, 0x66, 0x33, 0x32, 0x61, 0x69, 0x72, 0x2e, 0x66, 0x61,
  0x73, 0x74, 0x5f, 0x66, 0x72, 0x61, 0x63, 0x74, 0x2e, 0x66, 0x33, 0x32,
  0x61, 0x69, 0x72, 0x2e, 0x66, 0x77, 0x69, 0x64, 0x74, 0x68, 0x2e, 0x66,
  0x33, 0x32, 0x61, 0x69, 0x72, 0x2e, 0x66, 0x61, 0x73, 0x74, 0x5f, 0x66,
  0x6d, 0x6f, 0x64, 0x2e, 0x66, 0x33, 0x32, 0x61, 0x69, 0x72, 0x2e, 0x66,
  0x61, 0x73, 0x74, 0x5f, 0x66, 0x6d, 0x69, 0x6e, 0x2e, 0x66, 0x33, 0x32,
  0x61, 0x69, 0x72, 0x2e, 0x6d, 0x69, 0x78, 0x2e, 0x76, 0x34, 0x66, 0x33,
  0x32, 0x61, 0x69, 0x72, 0x2e, 0x66, 0x61, 0x73, 0x74, 0x5f, 0x73, 0x61,
  0x74, 0x75, 0x72, 0x61, 0x74, 0x65, 0x2e, 0x66, 0x33, 0x32, 0x61, 0x69,
  0x72, 0x2e, 0x66, 0x61, 0x73, 0x74, 0x5f, 0x66, 0x6d, 0x61, 0x78, 0x2e,
  0x76, 0x32, 0x66, 0x33, 0x32, 0x61, 0x69, 0x72, 0x2e, 0x66, 0x61, 0x73,
  0x74, 0x5f, 0x66, 0x61, 0x62, 0x73, 0x2e, 0x76, 0x32, 0x66, 0x33, 0x32,
  0x61, 0x69, 0x72, 0x2e, 0x66, 0x61, 0x73, 0x74, 0x5f, 0x73, 0x69, 0x6e,
  0x2e, 0x66, 0x33, 0x32, 0x61, 0x69, 0x72, 0x2e, 0x66, 0x61, 0x73, 0x74,
  0x5f, 0x63, 0x6f, 0x73, 0x2e, 0x66, 0x33, 0x32, 0x5f, 0x5a, 0x31, 0x31,
  0x73, 0x64, 0x72, 0x6f, 0x75, 0x6e, 0x64, 0x72, 0x65, 0x63, 0x74, 0x44,
  0x76, 0x32, 0x5f, 0x66, 0x53, 0x5f, 0x66, 0x5f, 0x5a, 0x31, 0x31, 0x72,
  0x6f, 0x74, 0x61, 0x74, 0x65, 0x50, 0x6f, 0x69, 0x6e, 0x74, 0x44, 0x76,
  0x32, 0x5f, 0x66, 0x66, 0x61, 0x69, 0x72, 0x2e, 0x66, 0x61, 0x73, 0x74,
  0x5f, 0x65, 0x78, 0x70, 0x2e, 0x66, 0x33, 0x32, 0x61, 0x69, 0x72, 0x2e,
  0x6d, 0x69, 0x78, 0x2e, 0x66, 0x33, 0x32, 0x5f, 0x5a, 0x38, 0x73, 0x75,
  0x70, 0x65, 0x72, 0x53, 0x44, 0x46, 0x4e, 0x35, 0x6d, 0x65, 0x74, 0x61,
  0x6c, 0x39, 0x74, 0x65, 0x78, 0x74, 0x75, 0x72, 0x65, 0x32, 0x64, 0x49,
  0x66, 0x4c, 0x4e, 0x53, 0x5f, 0x36, 0x61, 0x63, 0x63, 0x65, 0x73, 0x73,
  0x45, 0x30, 0x45, 0x76, 0x45, 0x45, 0x4e, 0x53, 0x5f, 0x37, 0x73, 0x61,
  0x6d, 0x70, 0x6c, 0x65, 0x72, 0x45, 0x44, 0x76, 0x32, 0x5f, 0x66, 0x66,
  0x61, 0x69, 0x72, 0x2e, 0x64, 0x69, 0x73, 0x63, 0x61, 0x72, 0x64, 0x5f,
  0x66, 0x72, 0x61, 0x67, 0x6d, 0x65, 0x6e, 0x74, 0x5f, 0x5a, 0x31, 0x31,
  0x73, 0x63, 0x69, 0x73, 0x73, 0x6f, 0x72, 0x4d, 0x61, 0x73, 0x6b, 0x52,
  0x55, 0x31, 0x31, 0x4d, 0x54, 0x4c, 0x63, 0x6f, 0x6e, 0x73, 0x74, 0x61,
  0x6e, 0x74, 0x4b, 0x38, 0x55, 0x6e, 0x69, 0x66, 0x6f, 0x72, 0x6d, 0x73,
  0x44, 0x76, 0x32, 0x5f, 0x66, 0x33, 0x32, 0x30, 0x32, 0x33, 0x2e, 0x38,
  0x35, 0x30, 0x2e, 0x31, 0x30, 0x61, 0x69, 0x72, 0x36, 0x34, 0x2d, 0x61,
  0x70, 0x70, 0x6c, 0x65, 0x2d, 0x69, 0x6f, 0x73, 0x31, 0x32, 0x2e, 0x30,
  0x2e, 0x30, 0x00, 0x00, 0x00, 0x00, 0x00, 0x00, 0x00
};
unsigned int mnvg_bitcode_ios_len = 26745;
