unsigned char mnvg_bitcode_macos[] = {
  0x4d, 0x54, 0x4c, 0x42, 0x01, 0x80, 0x02, 0x00, 0x02, 0x00, 0x00, 0x00,
  0x00, 0x00, 0x00, 0x00, 0xb9, 0x4c, 0x00, 0x00, 0x00, 0x00, 0x00, 0x00,
  0x58, 0x00, 0x00, 0x00, 0x00, 0x00, 0x00, 0x00, 0xec, 0x00, 0x00, 0x00,
  0x00, 0x00, 0x00, 0x00, 0x48, 0x01, 0x00, 0x00, 0x00, 0x00, 0x00, 0x00,
  0x31, 0x00, 0x00, 0x00, 0x00, 0x00, 0x00, 0x00, 0x79, 0x01, 0x00, 0x00,
  0x00, 0x00, 0x00, 0x00, 0x10, 0x00, 0x00, 0x00, 0x00, 0x00, 0x00, 0x00,
  0x89, 0x01, 0x00, 0x00, 0x00, 0x00, 0x00, 0x00, 0x30, 0x4b, 0x00, 0x00,
  0x00, 0x00, 0x00, 0x00, 0x02, 0x00, 0x00, 0x00, 0x74, 0x00, 0x00, 0x00,
  0x4e, 0x41, 0x4d, 0x45, 0x0d, 0x00, 0x76, 0x65, 0x72, 0x74, 0x65, 0x78,
  0x53, 0x68, 0x61, 0x64, 0x65, 0x72, 0x00, 0x54, 0x59, 0x50, 0x45, 0x01,
  0x00, 0x00, 0x48, 0x41, 0x53, 0x48, 0x20, 0x00, 0xce, 0xdd, 0xbf, 0x9a,
  0x8a, 0x2b, 0x83, 0xb7, 0x9c, 0x8c, 0x81, 0xf1, 0xd1, 0xa6, 0x20, 0x65,
  0xa4, 0x2a, 0xf9, 0x06, 0xb3, 0xf7, 0xf6, 0x96, 0x06, 0x42, 0x02, 0x61,
  0x69, 0x4b, 0x22, 0x6e, 0x4f, 0x46, 0x46, 0x54, 0x18, 0x00, 0x00, 0x00,
  0x00, 0x00, 0x00, 0x00, 0x00, 0x00, 0x00, 0x00, 0x00, 0x00, 0x00, 0x00,
  0x00, 0x00, 0x00, 0x00, 0x00, 0x00, 0x00, 0x00, 0x00, 0x00, 0x56, 0x45,
  0x52, 0x53, 0x08, 0x00, 0x01, 0x00, 0x08, 0x00, 0x01, 0x00, 0x01, 0x00,
  0x45, 0x4e, 0x44, 0x54, 0x78, 0x00, 0x00, 0x00, 0x4e, 0x41, 0x4d, 0x45,
  0x11, 0x00, 0x66, 0x72, 0x61, 0x67, 0x6d, 0x65, 0x6e, 0x74, 0x53, 0x68,
  0x61, 0x64, 0x65, 0x72, 0x41, 0x41, 0x00, 0x54, 0x59, 0x50, 0x45, 0x01,
  0x00, 0x01, 0x48, 0x41, 0x53, 0x48, 0x20, 0x00, 0x27, 0x09, 0xfb, 0x57,
  0xbf, 0xa0, 0x4a, 0x1f, 0xf2, 0xae, 0x5e, 0x42, 0x5d, 0xce, 0x7f, 0xcd,
  0x0e, 0x47, 0xfc, 0x58, 0xf4, 0x93, 0x3a, 0xdb, 0x29, 0xb3, 0xd0, 0x55,
  0x26, 0x7d, 0xc6, 0xe9, 0x4f, 0x46, 0x46, 0x54, 0x18, 0x00, 0x29, 0x00,
  0x00, 0x00, 0x00, 0x00, 0x00, 0x00, 0x08, 0x00, 0x00, 0x00, 0x00, 0x00,
  0x00, 0x00, 0xc0, 0x0a, 0x00, 0x00, 0x00, 0x00, 0x00, 0x00, 0x56, 0x45,
  0x52, 0x53, 0x08, 0x00, 0x01, 0x00, 0x08, 0x00, 0x01, 0x00, 0x01, 0x00,
  0x45, 0x4e, 0x44, 0x54, 0x25, 0x00, 0x00, 0x00, 0x56, 0x41, 0x54, 0x54,
  0x11, 0x00, 0x02, 0x00, 0x70, 0x6f, 0x73, 0x00, 0x00, 0x80, 0x74, 0x63,
  0x6f, 0x6f, 0x72, 0x64, 0x00, 0x01, 0x80, 0x56, 0x41, 0x54, 0x59, 0x04,
  0x00, 0x02, 0x00, 0x04, 0x06, 0x45, 0x4e, 0x44, 0x54, 0x04, 0x00, 0x00,
  0x00, 0x45, 0x4e, 0x44, 0x54, 0x04, 0x00, 0x00, 0x00, 0x45, 0x4e, 0x44,
  0x54, 0x04, 0x00, 0x00, 0x00, 0x45, 0x4e, 0x44, 0x54, 0xde, 0xc0, 0x17,
  0x0b, 0x00, 0x00, 0x00, 0x00, 0x14, 0x00, 0x00, 0x00, 0xa8, 0x0a, 0x00,
  0x00, 0xff, 0xff, 0xff, 0xff, 0x42, 0x43, 0xc0, 0xde, 0x21, 0x0c, 0x00,
  0x00, 0xa7, 0x02, 0x00, 0x00, 0x0b, 0x82, 0x20, 0x00, 0x02, 0x00, 0x00,
  0x00, 0x12, 0x00, 0x00, 0x00, 0x07, 0x81, 0x23, 0x91, 0x41, 0xc8, 0x04,
  0x49, 0x06, 0x10, 0x32, 0x39, 0x92, 0x01, 0x84, 0x0c, 0x25, 0x05, 0x08,
  0x19, 0x1e, 0x04, 0x8b, 0x62, 0x80, 0x10, 0x45, 0x02, 0x42, 0x92, 0x0b,
  0x42, 0x84, 0x10, 0x32, 0x14, 0x38, 0x08, 0x18, 0x49, 0x0a, 0x32, 0x44,
  0x24, 0x48, 0x0a, 0x90, 0x21, 0x23, 0xc4, 0x52, 0x80, 0x0c, 0x19, 0x21,
  0x72, 0x24, 0x07, 0xc8, 0x08, 0x11, 0x62, 0xa8, 0xa0, 0xa8, 0x40, 0xc6,
  0xf0, 0x01, 0x00, 0x00, 0x00, 0x51, 0x18, 0x00, 0x00, 0x68, 0x00, 0x00,
  0x00, 0x1b, 0x7e, 0x24, 0xf8, 0xff, 0xff, 0xff, 0xff, 0x01, 0x90, 0x00,
  0x8a, 0x08, 0x07, 0x78, 0x80, 0x07, 0x79, 0x78, 0x07, 0x7c, 0x68, 0x03,
  0x73, 0xa8, 0x07, 0x77, 0x18, 0x87, 0x36, 0x30, 0x07, 0x78, 0x68, 0x83,
  0x76, 0x08, 0x07, 0x7a, 0x40, 0x07, 0x80, 0x1e, 0xe4, 0xa1, 0x1e, 0xca,
  0x01, 0x20, 0xda, 0x21, 0x1d, 0xdc, 0xa1, 0x0d, 0xd8, 0xa1, 0x1c, 0xce,
  0x21, 0x1c, 0xd8, 0xa1, 0x0d, 0xec, 0xa1, 0x1c, 0xc6, 0x81, 0x1e, 0xde,
  0x41, 0x1e, 0xda, 0xe0, 0x1e, 0xd2, 0x81, 0x1c, 0xe8, 0x01, 0x1d, 0x80,
  0x38, 0x90, 0x03, 0x3c, 0x00, 0x06, 0x77, 0x78, 0x87, 0x36, 0x10, 0x87,
  0x7a, 0x48, 0x07, 0x76, 0xa0, 0x87, 0x74, 0x70, 0x87, 0x79, 0x00, 0x08,
  0x77, 0x78, 0x87, 0x36, 0x30, 0x07, 0x79, 0x08, 0x87, 0x76, 0x28, 0x87,
  0x36, 0x80, 0x87, 0x77, 0x48, 0x07, 0x77, 0xa0, 0x87, 0x72, 0x90, 0x87,
  0x36, 0x28, 0x07, 0x76, 0x48, 0x87, 0x76, 0x00, 0xe8, 0x41, 0x1e, 0xea,
  0xa1, 0x1c, 0x00, 0xc2, 0x1d, 0xde, 0xa1, 0x0d, 0xcc, 0x41, 0x1e, 0xc2,
  0xa1, 0x1d, 0xca, 0xa1, 0x0d, 0xe0, 0xe1, 0x1d, 0xd2, 0xc1, 0x1d, 0xe8,
  0xa1, 0x1c, 0xe4, 0xa1, 0x0d, 0xca, 0x81, 0x1d, 0xd2, 0xa1, 0x1d, 0xda,
  0xc0, 0x1d, 0xde, 0xc1, 0x1d, 0xda, 0x80, 0x1d, 0xca, 0x21, 0x1c, 0xcc,
  0x01, 0xa0, 0x07, 0x79, 0xa8, 0x87, 0x72, 0x00, 0x08, 0x77, 0x78, 0x87,
  0x36, 0x48, 0x07, 0x77, 0x30, 0x87, 0x79, 0x68, 0x03, 0x73, 0x80, 0x87,
  0x36, 0x68, 0x87, 0x70, 0xa0, 0x07, 0x74, 0x00, 0xe8, 0x41, 0x1e, 0xea,
  0xa1, 0x1c, 0x00, 0xc2, 0x1d, 0xde, 0xa1, 0x0d, 0xdc, 0x21, 0x1c, 0xdc,
  0x61, 0x1e, 0xda, 0xc0, 0x1c, 0xe0, 0xa1, 0x0d, 0xda, 0x21, 0x1c, 0xe8,
  0x01, 0x1d, 0x00, 0x7a, 0x90, 0x87, 0x7a, 0x28, 0x07, 0x80, 0x70, 0x87,
  0x77, 0x68, 0x83, 0x79, 0x48, 0x87, 0x73, 0x70, 0x87, 0x72, 0x20, 0x87,
  0x36, 0xd0, 0x87, 0x72, 0x90, 0x87, 0x77, 0x98, 0x87, 0x36, 0x30, 0x07,
  0x78, 0x68, 0x83, 0x76, 0x08, 0x07, 0x7a, 0x40, 0x07, 0x80, 0x1e, 0xe4,
  0xa1, 0x1e, 0xca, 0x01, 0x20, 0xdc, 0xe1, 0x1d, 0xda, 0x80, 0x1e, 0xe4,
  0x21, 0x1c, 0xe0, 0x01, 0x1e, 0xd2, 0xc1, 0x1d, 0xce, 0xa1, 0x0d, 0xda,
  0x21, 0x1c, 0xe8, 0x01, 0x1d, 0x00, 0x7a, 0x90, 0x87, 0x7a, 0x28, 0x07,
  0x80, 0x98, 0x07, 0x7a, 0x08, 0x87, 0x71, 0x58, 0x87, 0x36, 0x80, 0x07,
  0x79, 0x78, 0x07, 0x7a, 0x28, 0x87, 0x71, 0xa0, 0x87, 0x77, 0x90, 0x87,
  0x36, 0x10, 0x87, 0x7a, 0x30, 0x07, 0x73, 0x28, 0x07, 0x79, 0x68, 0x83,
  0x79, 0x48, 0x07, 0x7d, 0x28, 0x07, 0x00, 0x0f, 0x00, 0xa2, 0x1e, 0xdc,
  0x61, 0x1e, 0xc2, 0xc1, 0x1c, 0xca, 0xa1, 0x0d, 0xcc, 0x01, 0x1e, 0xda,
  0xa0, 0x1d, 0xc2, 0x81, 0x1e, 0xd0, 0x01, 0xa0, 0x07, 0x79, 0xa8, 0x87,
  0x72, 0x00, 0x36, 0x18, 0xc2, 0x00, 0x2c, 0x40, 0x05, 0x49, 0x18, 0x00,
  0x00, 0x01, 0x00, 0x00, 0x00, 0x13, 0x84, 0x40, 0x00, 0x89, 0x20, 0x00,
  0x00, 0x10, 0x00, 0x00, 0x00, 0x32, 0x22, 0x08, 0x09, 0x20, 0x64, 0x85,
  0x04, 0x13, 0x22, 0xa4, 0x84, 0x04, 0x13, 0x22, 0xe3, 0x84, 0xa1, 0x90,
  0x14, 0x12, 0x4c, 0x88, 0x8c, 0x0b, 0x84, 0x84, 0x4c, 0x10, 0x30, 0x33,
  0x00, 0xc3, 0x08, 0x04, 0x30, 0x8c, 0x20, 0x00, 0x96, 0x08, 0x11, 0x19,
  0x44, 0x10, 0x84, 0x42, 0x8c, 0x04, 0x51, 0x0d, 0x04, 0xcc, 0x11, 0x80,
  0x41, 0x0a, 0xe0, 0x30, 0x82, 0x80, 0x8c, 0x00, 0x00, 0x13, 0xb2, 0x70,
  0x48, 0x07, 0x79, 0xb0, 0x03, 0x3a, 0x68, 0x83, 0x70, 0x80, 0x07, 0x78,
  0x60, 0x87, 0x72, 0x68, 0x83, 0x76, 0x08, 0x87, 0x71, 0x78, 0x87, 0x79,
  0xc0, 0x87, 0x38, 0x80, 0x03, 0x37, 0x88, 0x83, 0x38, 0x70, 0x03, 0x38,
  0xd8, 0x70, 0x1b, 0xe5, 0xd0, 0x06, 0xf0, 0xa0, 0x07, 0x76, 0x40, 0x07,
  0x7a, 0x60, 0x07, 0x74, 0xa0, 0x07, 0x76, 0x40, 0x07, 0x6d, 0x90, 0x0e,
  0x71, 0xa0, 0x07, 0x78, 0xa0, 0x07, 0x78, 0xd0, 0x06, 0xe9, 0x80, 0x07,
  0x7a, 0x80, 0x07, 0x7a, 0x80, 0x07, 0x6d, 0x90, 0x0e, 0x71, 0x60, 0x07,
  0x7a, 0x10, 0x07, 0x76, 0xa0, 0x07, 0x71, 0x60, 0x07, 0x6d, 0x90, 0x0e,
  0x73, 0x20, 0x07, 0x7a, 0x30, 0x07, 0x72, 0xa0, 0x07, 0x73, 0x20, 0x07,
  0x6d, 0x90, 0x0e, 0x76, 0x40, 0x07, 0x7a, 0x60, 0x07, 0x74, 0xa0, 0x07,
  0x76, 0x40, 0x07, 0x6d, 0x60, 0x0e, 0x73, 0x20, 0x07, 0x7a, 0x30, 0x07,
  0x72, 0xa0, 0x07, 0x73, 0x20, 0x07, 0x6d, 0x60, 0x0e, 0x76, 0x40, 0x07,
  0x7a, 0x60, 0x07, 0x74, 0xa0, 0x07, 0x76, 0x40, 0x07, 0x6d, 0x60, 0x0f,
  0x71, 0x60, 0x07, 0x7a, 0x10, 0x07, 0x76, 0xa0, 0x07, 0x71, 0x60, 0x07,
  0x6d, 0x60, 0x0f, 0x72, 0x40, 0x07, 0x7a, 0x30, 0x07, 0x72, 0xa0, 0x07,
  0x73, 0x20, 0x07, 0x6d, 0x60, 0x0f, 0x73, 0x20, 0x07, 0x7a, 0x30, 0x07,
  0x72, 0xa0, 0x07, 0x73, 0x20, 0x07, 0x6d, 0x60, 0x0f, 0x74, 0x80, 0x07,
  0x7a, 0x60, 0x07, 0x74, 0xa0, 0x07, 0x76, 0x40, 0x07, 0x6d, 0x60, 0x0f,
  0x76, 0x40, 0x07, 0x7a, 0x60, 0x07, 0x74, 0xa0, 0x07, 0x76, 0x40, 0x07,
  0x6d, 0x60, 0x0f, 0x79, 0x60, 0x07, 0x7a, 0x10, 0x07, 0x72, 0x80, 0x07,
  0x7a, 0x10, 0x07, 0x72, 0x80, 0x07, 0x6d, 0x60, 0x0f, 0x71, 0x20, 0x07,
  0x78, 0xa0, 0x07, 0x71, 0x20, 0x07, 0x78, 0xa0, 0x07, 0x71, 0x20, 0x07,
  0x78, 0xd0, 0x06, 0xf6, 0x10, 0x07, 0x79, 0x20, 0x07, 0x7a, 0x20, 0x07,
  0x75, 0x60, 0x07, 0x7a, 0x20, 0x07, 0x75, 0x60, 0x07, 0x6d, 0x60, 0x0f,
  0x72, 0x50, 0x07, 0x76, 0xa0, 0x07, 0x72, 0x50, 0x07, 0x76, 0xa0, 0x07,
  0x72, 0x50, 0x07, 0x76, 0xd0, 0x06, 0xf6, 0x50, 0x07, 0x71, 0x20, 0x07,
  0x7a, 0x50, 0x07, 0x71, 0x20, 0x07, 0x7a, 0x50, 0x07, 0x71, 0x20, 0x07,
  0x6d, 0x60, 0x0f, 0x71, 0x00, 0x07, 0x72, 0x40, 0x07, 0x7a, 0x10, 0x07,
  0x70, 0x20, 0x07, 0x74, 0xa0, 0x07, 0x71, 0x00, 0x07, 0x72, 0x40, 0x07,
  0x6d, 0xe0, 0x0e, 0x78, 0xa0, 0x07, 0x71, 0x60, 0x07, 0x7a, 0x30, 0x07,
  0x72, 0x30, 0x84, 0x31, 0x00, 0x00, 0x08, 0x00, 0x00, 0x00, 0x00, 0x00,
  0xc8, 0x02, 0x01, 0x00, 0x00, 0x08, 0x00, 0x00, 0x00, 0x32, 0x1e, 0x98,
  0x0c, 0x19, 0x11, 0x4c, 0x90, 0x8c, 0x09, 0x26, 0x47, 0xc6, 0x04, 0x43,
  0xc2, 0x12, 0x28, 0x88, 0x11, 0x80, 0x22, 0x28, 0x04, 0xca, 0xb1, 0x84,
  0x47, 0x00, 0x00, 0x00, 0x00, 0x79, 0x18, 0x00, 0x00, 0xd4, 0x00, 0x00,
  0x00, 0x1a, 0x03, 0x4c, 0x10, 0x97, 0x29, 0xa2, 0x25, 0x10, 0xab, 0x32,
  0xb9, 0xb9, 0xb4, 0x37, 0xb7, 0x21, 0x06, 0x42, 0x1c, 0x40, 0x62, 0x50,
  0xb9, 0x1b, 0x43, 0x0b, 0x93, 0xfb, 0x9a, 0x4b, 0xd3, 0x2b, 0x1b, 0x62,
  0x20, 0xc1, 0x21, 0x20, 0x05, 0xe3, 0x20, 0x08, 0x0e, 0x8e, 0xad, 0x0c,
  0xa4, 0xad, 0x8c, 0x2e, 0x8c, 0x0d, 0xc4, 0xae, 0x4c, 0x6e, 0x2e, 0xed,
  0xcd, 0x0d, 0x64, 0x46, 0x06, 0x46, 0x66, 0xc6, 0x85, 0x06, 0x86, 0x06,
  0x04, 0xa5, 0xad, 0x8c, 0x2e, 0x8c, 0xcd, 0xac, 0xac, 0x65, 0x46, 0x06,
  0x46, 0x66, 0xc6, 0x85, 0x06, 0x86, 0x26, 0x65, 0x88, 0x70, 0x10, 0x43,
  0x0c, 0x24, 0x40, 0x04, 0x64, 0x60, 0xd1, 0x54, 0x46, 0x17, 0xc6, 0x36,
  0x04, 0x39, 0x0e, 0x24, 0x40, 0x02, 0x64, 0xe0, 0x16, 0x96, 0x26, 0xe7,
  0x32, 0xf6, 0xd6, 0x06, 0x97, 0xc6, 0x56, 0xe6, 0x42, 0x56, 0xe6, 0xf6,
  0x26, 0xd7, 0x36, 0xf7, 0x45, 0x96, 0x36, 0x17, 0x26, 0xc6, 0x56, 0x36,
  0x44, 0x38, 0x12, 0x72, 0x61, 0x69, 0x72, 0x2e, 0x63, 0x6f, 0x6d, 0x70,
  0x69, 0x6c, 0x65, 0x2e, 0x66, 0x61, 0x73, 0x74, 0x5f, 0x6d, 0x61, 0x74,
  0x68, 0x5f, 0x65, 0x6e, 0x61, 0x62, 0x6c, 0x65, 0x43, 0x84, 0x63, 0x61,
  0x19, 0x84, 0xa5, 0xc9, 0xb9, 0x8c, 0xbd, 0xb5, 0xc1, 0xa5, 0xb1, 0x95,
  0xb9, 0x98, 0xc9, 0x85, 0xb5, 0x95, 0x89, 0xd5, 0x99, 0x99, 0x95, 0xc9,
  0x7d, 0x99, 0x95, 0xd1, 0x8d, 0xa1, 0x7d, 0x91, 0xa5, 0xcd, 0x85, 0x89,
  0xb1, 0x95, 0x0d, 0x11, 0x8e, 0x86, 0x4c, 0x58, 0x9a, 0x9c, 0x0b, 0xdc,
  0xdb, 0x5c, 0x1a, 0x5d, 0xda, 0x9b, 0x1b, 0xa3, 0xb0, 0x34, 0x39, 0x97,
  0x30, 0xb9, 0xb3, 0x2f, 0xba, 0x3c, 0xb8, 0xb2, 0x2f, 0xb7, 0xb0, 0xb6,
  0x32, 0x1a, 0x66, 0x6c, 0x6f, 0x61, 0x74, 0x34, 0x64, 0xc2, 0xd2, 0xe4,
  0x5c, 0xc2, 0xe4, 0xce, 0xbe, 0xdc, 0xc2, 0xda, 0xca, 0x38, 0xc0, 0xbd,
  0xcd, 0x0d, 0x51, 0x8e, 0xe7, 0x80, 0x8e, 0xe8, 0x90, 0x8e, 0x89, 0x51,
  0x58, 0x9a, 0x9c, 0x8b, 0x5d, 0x99, 0x1c, 0x5d, 0x19, 0xde, 0xd7, 0x5b,
  0x1d, 0x1d, 0x5c, 0x1d, 0x1d, 0xab, 0xb3, 0x32, 0xb7, 0x32, 0xb9, 0x30,
  0xba, 0x32, 0x32, 0x14, 0x1a, 0x33, 0xb8, 0xb7, 0x39, 0x22, 0x3b, 0x99,
  0x2f, 0xb3, 0x14, 0x1a, 0x66, 0x6c, 0x6f, 0x61, 0x74, 0x32, 0x24, 0xcc,
  0xe0, 0xde, 0xe6, 0x86, 0x30, 0x47, 0x75, 0x58, 0x07, 0x74, 0x5c, 0x87,
  0x74, 0x60, 0xc4, 0xce, 0xca, 0xdc, 0xca, 0xe4, 0xc2, 0xe8, 0xca, 0xc8,
  0x50, 0x6e, 0xcc, 0xe8, 0xc6, 0xde, 0xde, 0xe4, 0xc8, 0x88, 0xec, 0x64,
  0xbe, 0xcc, 0x52, 0x78, 0x98, 0xd1, 0x8d, 0xbd, 0xbd, 0xc9, 0x91, 0x0d,
  0x61, 0x8e, 0xea, 0xd0, 0x0e, 0xe8, 0xb8, 0x0e, 0xe9, 0xd8, 0x38, 0x9d,
  0x95, 0xb9, 0x95, 0xc9, 0x85, 0xd1, 0x95, 0x91, 0xa1, 0xc8, 0xd4, 0xd9,
  0x11, 0xd9, 0xc9, 0x7c, 0x99, 0xa5, 0x50, 0xa8, 0xb3, 0x1b, 0xc2, 0x1c,
  0xd5, 0xd1, 0x1d, 0xd0, 0x71, 0x1d, 0xd2, 0xe1, 0x0d, 0x41, 0x0e, 0xea,
  0xc8, 0x0e, 0xee, 0xf8, 0x08, 0x85, 0xa5, 0xc9, 0xb9, 0xd8, 0x95, 0xc9,
  0xd1, 0x95, 0xe1, 0x7d, 0xa5, 0xb9, 0xc1, 0xd5, 0xd1, 0x51, 0x0a, 0x4b,
  0x93, 0x73, 0x61, 0x7b, 0x1b, 0x0b, 0xa3, 0x4b, 0x7b, 0x73, 0xfb, 0x4a,
  0x73, 0x23, 0x2b, 0xc3, 0xa3, 0x77, 0x56, 0xe6, 0x56, 0x26, 0x17, 0x46,
  0x57, 0x46, 0x86, 0xf2, 0xf5, 0x15, 0x96, 0x26, 0xf7, 0x05, 0xc7, 0x16,
  0x36, 0x56, 0x86, 0xf6, 0xc6, 0x46, 0x56, 0x26, 0xf7, 0xf5, 0x95, 0x32,
  0x84, 0x42, 0x86, 0x23, 0x0c, 0x0e, 0x31, 0x40, 0x06, 0x24, 0x38, 0xc6,
  0xe0, 0x80, 0x8e, 0xeb, 0x90, 0x8e, 0x89, 0x06, 0xdd, 0xd8, 0xdb, 0x9b,
  0x1c, 0xd9, 0x10, 0x0a, 0x09, 0x8e, 0x30, 0x38, 0xc4, 0x00, 0x09, 0x90,
  0xe0, 0x18, 0x83, 0x03, 0x3a, 0xa2, 0x43, 0x3a, 0xca, 0x80, 0x4a, 0x58,
  0x9a, 0x9c, 0x8b, 0x58, 0x9d, 0x99, 0x59, 0x99, 0x1c, 0x9f, 0xb0, 0x34,
  0x39, 0x17, 0xb1, 0x3a, 0x33, 0xb3, 0x32, 0xb9, 0xaf, 0xb9, 0x34, 0xbd,
  0x32, 0x22, 0x61, 0x69, 0x72, 0x2e, 0x72, 0x65, 0x61, 0x64, 0x8c, 0xc2,
  0xd2, 0xe4, 0x5c, 0xc2, 0xe4, 0xce, 0xbe, 0xe8, 0xf2, 0xe0, 0xca, 0xbe,
  0xe6, 0xd2, 0xf4, 0xca, 0x78, 0x85, 0xa5, 0xc9, 0xb9, 0x84, 0xc9, 0x9d,
  0x7d, 0xd1, 0xe5, 0xc1, 0x95, 0x7d, 0x85, 0xb1, 0xa5, 0x9d, 0xb9, 0x7d,
  0xcd, 0xa5, 0xe9, 0x95, 0x11, 0xb1, 0x4b, 0x2b, 0xbb, 0x9b, 0x4a, 0xd3,
  0x2b, 0x1b, 0x02, 0x06, 0x08, 0x71, 0x9c, 0xc1, 0x81, 0x06, 0x88, 0x70,
  0x88, 0x01, 0x12, 0x20, 0xc1, 0x91, 0x06, 0x87, 0x1a, 0x20, 0xc2, 0xb1,
  0x06, 0x88, 0x70, 0x40, 0xc7, 0x75, 0x48, 0x07, 0x1b, 0x0c, 0x31, 0x0e,
  0x32, 0x38, 0xcc, 0xe0, 0x68, 0x83, 0x21, 0x86, 0x01, 0x1c, 0x60, 0x70,
  0xb8, 0xc1, 0x88, 0x88, 0x1d, 0xd8, 0xc1, 0x1e, 0xda, 0xc1, 0x0d, 0xda,
  0xe1, 0x1d, 0xc8, 0xa1, 0x1e, 0xd8, 0xa1, 0x1c, 0xdc, 0xc0, 0x1c, 0xd8,
  0x21, 0x1c, 0xce, 0x61, 0x1e, 0xa6, 0x08, 0xc1, 0x30, 0x42, 0x61, 0x07,
  0x76, 0xb0, 0x87, 0x76, 0x70, 0x83, 0x74, 0x20, 0x87, 0x72, 0x70, 0x07,
  0x7a, 0x98, 0x12, 0x14, 0x23, 0x96, 0x70, 0x48, 0x07, 0x79, 0x70, 0x03,
  0x7b, 0x28, 0x07, 0x79, 0x98, 0x87, 0x74, 0x78, 0x07, 0x77, 0x98, 0x12,
  0x18, 0x23, 0xa8, 0x70, 0x48, 0x07, 0x79, 0x70, 0x03, 0x76, 0x08, 0x07,
  0x77, 0x38, 0x87, 0x7a, 0x08, 0x87, 0x73, 0x28, 0x87, 0x5f, 0xb0, 0x87,
  0x72, 0x90, 0x87, 0x79, 0x48, 0x87, 0x77, 0x70, 0x87, 0x29, 0x01, 0x32,
  0x62, 0x0a, 0x87, 0x74, 0x90, 0x07, 0x37, 0x18, 0x87, 0x77, 0x68, 0x07,
  0x78, 0x48, 0x07, 0x76, 0x28, 0x87, 0x5f, 0x78, 0x07, 0x78, 0xa0, 0x87,
  0x74, 0x78, 0x07, 0x77, 0x98, 0x87, 0x29, 0x83, 0xc2, 0x38, 0x23, 0x94,
  0x70, 0x48, 0x07, 0x79, 0x70, 0x03, 0x7b, 0x28, 0x07, 0x79, 0xa0, 0x87,
  0x72, 0xc0, 0x87, 0x29, 0xc1, 0x1b, 0x00, 0x00, 0x00, 0x79, 0x18, 0x00,
  0x00, 0xa5, 0x00, 0x00, 0x00, 0x33, 0x08, 0x80, 0x1c, 0xc4, 0xe1, 0x1c,
  0x66, 0x14, 0x01, 0x3d, 0x88, 0x43, 0x38, 0x84, 0xc3, 0x8c, 0x42, 0x80,
  0x07, 0x79, 0x78, 0x07, 0x73, 0x98, 0x71, 0x0c, 0xe6, 0x00, 0x0f, 0xed,
  0x10, 0x0e, 0xf4, 0x80, 0x0e, 0x33, 0x0c, 0x42, 0x1e, 0xc2, 0xc1, 0x1d,
  0xce, 0xa1, 0x1c, 0x66, 0x30, 0x05, 0x3d, 0x88, 0x43, 0x38, 0x84, 0x83,
  0x1b, 0xcc, 0x03, 0x3d, 0xc8, 0x43, 0x3d, 0x8c, 0x03, 0x3d, 0xcc, 0x78,
  0x8c, 0x74, 0x70, 0x07, 0x7b, 0x08, 0x07, 0x79, 0x48, 0x87, 0x70, 0x70,
  0x07, 0x7a, 0x70, 0x03, 0x76, 0x78, 0x87, 0x70, 0x20, 0x87, 0x19, 0xcc,
  0x11, 0x0e, 0xec, 0x90, 0x0e, 0xe1, 0x30, 0x0f, 0x6e, 0x30, 0x0f, 0xe3,
  0xf0, 0x0e, 0xf0, 0x50, 0x0e, 0x33, 0x10, 0xc4, 0x1d, 0xde, 0x21, 0x1c,
  0xd8, 0x21, 0x1d, 0xc2, 0x61, 0x1e, 0x66, 0x30, 0x89, 0x3b, 0xbc, 0x83,
  0x3b, 0xd0, 0x43, 0x39, 0xb4, 0x03, 0x3c, 0xbc, 0x83, 0x3c, 0x84, 0x03,
  0x3b, 0xcc, 0xf0, 0x14, 0x76, 0x60, 0x07, 0x7b, 0x68, 0x07, 0x37, 0x68,
  0x87, 0x72, 0x68, 0x07, 0x37, 0x80, 0x87, 0x70, 0x90, 0x87, 0x70, 0x60,
  0x07, 0x76, 0x28, 0x07, 0x76, 0xf8, 0x05, 0x76, 0x78, 0x87, 0x77, 0x80,
  0x87, 0x5f, 0x08, 0x87, 0x71, 0x18, 0x87, 0x72, 0x98, 0x87, 0x79, 0x98,
  0x81, 0x2c, 0xee, 0xf0, 0x0e, 0xee, 0xe0, 0x0e, 0xf5, 0xc0, 0x0e, 0xec,
  0x30, 0x03, 0x62, 0xc8, 0xa1, 0x1c, 0xe4, 0xa1, 0x1c, 0xcc, 0xa1, 0x1c,
  0xe4, 0xa1, 0x1c, 0xdc, 0x61, 0x1c, 0xca, 0x21, 0x1c, 0xc4, 0x81, 0x1d,
  0xca, 0x61, 0x06, 0xd6, 0x90, 0x43, 0x39, 0xc8, 0x43, 0x39, 0x98, 0x43,
  0x39, 0xc8, 0x43, 0x39, 0xb8, 0xc3, 0x38, 0x94, 0x43, 0x38, 0x88, 0x03,
  0x3b, 0x94, 0xc3, 0x2f, 0xbc, 0x83, 0x3c, 0xfc, 0x82, 0x3b, 0xd4, 0x03,
  0x3b, 0xb0, 0xc3, 0x0c, 0xc7, 0x69, 0x87, 0x70, 0x58, 0x87, 0x72, 0x70,
  0x83, 0x74, 0x68, 0x07, 0x78, 0x60, 0x87, 0x74, 0x18, 0x87, 0x74, 0xa0,
  0x87, 0x19, 0xce, 0x53, 0x0f, 0xee, 0x00, 0x0f, 0xf2, 0x50, 0x0e, 0xe4,
  0x90, 0x0e, 0xe3, 0x40, 0x0f, 0xe1, 0x20, 0x0e, 0xec, 0x50, 0x0e, 0x33,
  0x20, 0x28, 0x1d, 0xdc, 0xc1, 0x1e, 0xc2, 0x41, 0x1e, 0xd2, 0x21, 0x1c,
  0xdc, 0x81, 0x1e, 0xdc, 0xe0, 0x1c, 0xe4, 0xe1, 0x1d, 0xea, 0x01, 0x1e,
  0x66, 0x18, 0x51, 0x38, 0xb0, 0x43, 0x3a, 0x9c, 0x83, 0x3b, 0xcc, 0x50,
  0x24, 0x76, 0x60, 0x07, 0x7b, 0x68, 0x07, 0x37, 0x60, 0x87, 0x77, 0x78,
  0x07, 0x78, 0x98, 0x51, 0x4c, 0xf4, 0x90, 0x0f, 0xf0, 0x50, 0x0e, 0x33,
  0x1e, 0x6a, 0x1e, 0xca, 0x61, 0x1c, 0xe8, 0x21, 0x1d, 0xde, 0xc1, 0x1d,
  0x7e, 0x01, 0x1e, 0xe4, 0xa1, 0x1c, 0xcc, 0x21, 0x1d, 0xf0, 0x61, 0x06,
  0x54, 0x85, 0x83, 0x38, 0xcc, 0xc3, 0x3b, 0xb0, 0x43, 0x3d, 0xd0, 0x43,
  0x39, 0xfc, 0xc2, 0x3c, 0xe4, 0x43, 0x3b, 0x88, 0xc3, 0x3b, 0xb0, 0xc3,
  0x8c, 0xc5, 0x0a, 0x87, 0x79, 0x98, 0x87, 0x77, 0x18, 0x87, 0x74, 0x08,
  0x07, 0x7a, 0x28, 0x07, 0x72, 0x98, 0x81, 0x5c, 0xe3, 0x10, 0x0e, 0xec,
  0xc0, 0x0e, 0xe5, 0x50, 0x0e, 0xf3, 0x30, 0x23, 0xc1, 0xd2, 0x41, 0x1e,
  0xe4, 0xe1, 0x17, 0xd8, 0xe1, 0x1d, 0xde, 0x01, 0x1e, 0x66, 0x48, 0x19,
  0x3b, 0xb0, 0x83, 0x3d, 0xb4, 0x83, 0x1b, 0x84, 0xc3, 0x38, 0x8c, 0x43,
  0x39, 0xcc, 0xc3, 0x3c, 0xb8, 0xc1, 0x39, 0xc8, 0xc3, 0x3b, 0xd4, 0x03,
  0x3c, 0xcc, 0x48, 0xb4, 0x71, 0x08, 0x07, 0x76, 0x60, 0x07, 0x71, 0x08,
  0x87, 0x71, 0x58, 0x87, 0x19, 0xdb, 0xc6, 0x0e, 0xec, 0x60, 0x0f, 0xed,
  0xe0, 0x06, 0xf0, 0x20, 0x0f, 0xe5, 0x30, 0x0f, 0xe5, 0x20, 0x0f, 0xf6,
  0x50, 0x0e, 0x6e, 0x10, 0x0e, 0xe3, 0x30, 0x0e, 0xe5, 0x30, 0x0f, 0xf3,
  0xe0, 0x06, 0xe9, 0xe0, 0x0e, 0xe4, 0x50, 0x0e, 0xf8, 0x30, 0x23, 0xe2,
  0xec, 0x61, 0x1c, 0xc2, 0x81, 0x1d, 0xd8, 0xe1, 0x17, 0xec, 0x21, 0x1d,
  0xe6, 0x21, 0x1d, 0xc4, 0x21, 0x1d, 0xd8, 0x21, 0x1d, 0xe8, 0x21, 0x1f,
  0x66, 0x20, 0x9d, 0x3b, 0xbc, 0x43, 0x3d, 0xb8, 0x03, 0x39, 0x94, 0x83,
  0x39, 0xcc, 0x58, 0xbc, 0x70, 0x70, 0x07, 0x77, 0x78, 0x07, 0x7a, 0x08,
  0x07, 0x7a, 0x48, 0x87, 0x77, 0x70, 0x87, 0x19, 0xce, 0x87, 0x0e, 0xe5,
  0x10, 0x0e, 0xf0, 0x10, 0x0e, 0xec, 0xc0, 0x0e, 0xef, 0x30, 0x0e, 0xf3,
  0x90, 0x0e, 0xf4, 0x50, 0x0e, 0x33, 0x28, 0x30, 0x08, 0x87, 0x74, 0x90,
  0x07, 0x37, 0x30, 0x87, 0x7a, 0x70, 0x87, 0x71, 0xa0, 0x87, 0x74, 0x78,
  0x07, 0x77, 0xf8, 0x85, 0x73, 0x90, 0x87, 0x77, 0xa8, 0x07, 0x78, 0x98,
  0x07, 0x00, 0x00, 0x00, 0x00, 0x71, 0x20, 0x00, 0x00, 0x03, 0x00, 0x00,
  0x00, 0x06, 0xc0, 0x54, 0x44, 0x34, 0x11, 0x17, 0x7b, 0x00, 0x03, 0x11,
  0x01, 0x61, 0x20, 0x00, 0x00, 0x26, 0x00, 0x00, 0x00, 0x13, 0x04, 0x41,
  0x2c, 0x10, 0x00, 0x00, 0x00, 0x0f, 0x00, 0x00, 0x00, 0xa4, 0x63, 0x09,
  0xc2, 0x30, 0x96, 0x00, 0x04, 0x04, 0x33, 0x00, 0x63, 0x04, 0x20, 0x08,
  0x82, 0xf8, 0x2f, 0x8c, 0x00, 0x50, 0xcc, 0x00, 0xcc, 0x41, 0x30, 0x8c,
  0x33, 0x91, 0x8c, 0x25, 0x80, 0x20, 0x08, 0x82, 0x60, 0x00, 0x82, 0x20,
  0x08, 0x82, 0x01, 0xcd, 0x0c, 0x00, 0xc1, 0x18, 0x01, 0x08, 0x82, 0x20,
  0xfe, 0x8d, 0x11, 0x80, 0x20, 0x08, 0x82, 0x60, 0x00, 0x83, 0x0c, 0x8d,
  0xa1, 0x58, 0x50, 0xc8, 0x67, 0x90, 0xe1, 0x41, 0x9a, 0x31, 0x84, 0xa8,
  0xb2, 0xa0, 0x90, 0x0f, 0x45, 0x64, 0x0c, 0x21, 0xc0, 0x6c, 0x08, 0xe8,
  0x63, 0x01, 0x04, 0x9f, 0x31, 0x84, 0xab, 0xb3, 0x60, 0x91, 0xcf, 0x18,
  0x82, 0xf1, 0x99, 0x10, 0xd0, 0xc7, 0x9e, 0x20, 0x3e, 0x73, 0x0c, 0x93,
  0x01, 0x06, 0x73, 0x0c, 0x81, 0x30, 0x06, 0xb3, 0x0d, 0x53, 0x00, 0xcc,
  0x36, 0x04, 0x5f, 0x30, 0xdb, 0x10, 0x44, 0xc2, 0x6c, 0x43, 0x10, 0x0d,
  0x19, 0x00, 0x00, 0x00, 0x00, 0x00, 0x00, 0x00, 0x00, 0x00, 0x00, 0x00,
  0x00, 0xde, 0xc0, 0x17, 0x0b, 0x00, 0x00, 0x00, 0x00, 0x14, 0x00, 0x00,
  0x00, 0x5c, 0x40, 0x00, 0x00, 0xff, 0xff, 0xff, 0xff, 0x42, 0x43, 0xc0,
  0xde, 0x21, 0x0c, 0x00, 0x00, 0x14, 0x10, 0x00, 0x00, 0x0b, 0x82, 0x20,
  0x00, 0x02, 0x00, 0x00, 0x00, 0x12, 0x00, 0x00, 0x00, 0x07, 0x81, 0x23,
  0x91, 0x41, 0xc8, 0x04, 0x49, 0x06, 0x10, 0x32, 0x39, 0x92, 0x01, 0x84,
  0x0c, 0x25, 0x05, 0x08, 0x19, 0x1e, 0x04, 0x8b, 0x62, 0x80, 0x18, 0x45,
  0x02, 0x42, 0x92, 0x0b, 0x42, 0xc4, 0x10, 0x32, 0x14, 0x38, 0x08, 0x18,
  0x49, 0x0a, 0x32, 0x44, 0x24, 0x48, 0x0a, 0x90, 0x21, 0x23, 0xc4, 0x52,
  0x80, 0x0c, 0x19, 0x21, 0x72, 0x24, 0x07, 0xc8, 0x88, 0x11, 0x62, 0xa8,
  0xa0, 0xa8, 0x40, 0xc6, 0xf0, 0x01, 0x00, 0x00, 0x00, 0x51, 0x18, 0x00,
  0x00, 0x83, 0x00, 0x00, 0x00, 0x1b, 0x7e, 0x24, 0xf8, 0xff, 0xff, 0xff,
  0xff, 0x01, 0x60, 0x00, 0x89, 0x08, 0x07, 0x78, 0x80, 0x07, 0x79, 0x78,
  0x07, 0x7c, 0x68, 0x03, 0x73, 0xa8, 0x07, 0x77, 0x18, 0x87, 0x36, 0x30,
  0x07, 0x78, 0x68, 0x83, 0x76, 0x08, 0x07, 0x7a, 0x40, 0x07, 0x80, 0x1e,
  0xe4, 0xa1, 0x1e, 0xca, 0x01, 0x20, 0xda, 0x21, 0x1d, 0xdc, 0xa1, 0x0d,
  0xd8, 0xa1, 0x1c, 0xce, 0x21, 0x1c, 0xd8, 0xa1, 0x0d, 0xec, 0xa1, 0x1c,
  0xc6, 0x81, 0x1e, 0xde, 0x41, 0x1e, 0xda, 0xe0, 0x1e, 0xd2, 0x81, 0x1c,
  0xe8, 0x01, 0x1d, 0x80, 0x38, 0x90, 0x03, 0x3c, 0x00, 0x06, 0x77, 0x78,
  0x87, 0x36, 0x10, 0x87, 0x7a, 0x48, 0x07, 0x76, 0xa0, 0x87, 0x74, 0x70,
  0x87, 0x79, 0x00, 0x08, 0x77, 0x78, 0x87, 0x36, 0x30, 0x07, 0x79, 0x08,
  0x87, 0x76, 0x28, 0x87, 0x36, 0x80, 0x87, 0x77, 0x48, 0x07, 0x77, 0xa0,
  0x87, 0x72, 0x90, 0x87, 0x36, 0x28, 0x07, 0x76, 0x48, 0x87, 0x76, 0x00,
  0xe8, 0x41, 0x1e, 0xea, 0xa1, 0x1c, 0x00, 0xc2, 0x1d, 0xde, 0xa1, 0x0d,
  0xcc, 0x41, 0x1e, 0xc2, 0xa1, 0x1d, 0xca, 0xa1, 0x0d, 0xe0, 0xe1, 0x1d,
  0xd2, 0xc1, 0x1d, 0xe8, 0xa1, 0x1c, 0xe4, 0xa1, 0x0d, 0xca, 0x81, 0x1d,
  0xd2, 0xa1, 0x1d, 0xda, 0xc0, 0x1d, 0xde, 0xc1, 0x1d, 0xda, 0x80, 0x1d,
  0xca, 0x21, 0x1c, 0xcc, 0x01, 0xa0, 0x07, 0x79, 0xa8, 0x87, 0x72, 0x00,
  0x08, 0x77, 0x78, 0x87, 0x36, 0x48, 0x07, 0x77, 0x30, 0x87, 0x79, 0x68,
  0x03, 0x73, 0x80, 0x87, 0x36, 0x68, 0x87, 0x70, 0xa0, 0x07, 0x74, 0x00,
  0xe8, 0x41, 0x1e, 0xea, 0xa1, 0x1c, 0x00, 0xc2, 0x1d, 0xde, 0xa1, 0x0d,
  0xdc, 0x21, 0x1c, 0xdc, 0x61, 0x1e, 0xda, 0xc0, 0x1c, 0xe0, 0xa1, 0x0d,
  0xda, 0x21, 0x1c, 0xe8, 0x01, 0x1d, 0x00, 0x7a, 0x90, 0x87, 0x7a, 0x28,
  0x07, 0x80, 0x70, 0x87, 0x77, 0x68, 0x83, 0x79, 0x48, 0x87, 0x73, 0x70,
  0x87, 0x72, 0x20, 0x87, 0x36, 0xd0, 0x87, 0x72, 0x90, 0x87, 0x77, 0x98,
  0x87, 0x36, 0x30, 0x07, 0x78, 0x68, 0x83, 0x76, 0x08, 0x07, 0x7a, 0x40,
  0x07, 0x80, 0x1e, 0xe4, 0xa1, 0x1e, 0xca, 0x01, 0x20, 0xdc, 0xe1, 0x1d,
  0xda, 0x80, 0x1e, 0xe4, 0x21, 0x1c, 0xe0, 0x01, 0x1e, 0xd2, 0xc1, 0x1d,
  0xce, 0xa1, 0x0d, 0xda, 0x21, 0x1c, 0xe8, 0x01, 0x1d, 0x00, 0x7a, 0x90,
  0x87, 0x7a, 0x28, 0x07, 0x80, 0x98, 0x07, 0x7a, 0x08, 0x87, 0x71, 0x58,
  0x87, 0x36, 0x80, 0x07, 0x79, 0x78, 0x07, 0x7a, 0x28, 0x87, 0x71, 0xa0,
  0x87, 0x77, 0x90, 0x87, 0x36, 0x10, 0x87, 0x7a, 0x30, 0x07, 0x73, 0x28,
  0x07, 0x79, 0x68, 0x83, 0x79, 0x48, 0x07, 0x7d, 0x28, 0x07, 0x00, 0x0f,
  0x00, 0xa2, 0x1e, 0xdc, 0x61, 0x1e, 0xc2, 0xc1, 0x1c, 0xca, 0xa1, 0x0d,
  0xcc, 0x01, 0x1e, 0xda, 0xa0, 0x1d, 0xc2, 0x81, 0x1e, 0xd0, 0x01, 0xa0,
  0x07, 0x79, 0xa8, 0x87, 0x72, 0x00, 0x36, 0x10, 0x42, 0x01, 0x54, 0x1b,
  0x8c, 0xe1, 0x00, 0x16, 0xa0, 0xda, 0x80, 0x10, 0xff, 0xff, 0xff, 0xff,
  0x3f, 0x00, 0x0c, 0x20, 0x01, 0xd5, 0x06, 0xa3, 0x08, 0x80, 0x05, 0xa8,
  0x36, 0x18, 0x86, 0x00, 0x2c, 0x40, 0xb5, 0xc1, 0x38, 0xfe, 0xff, 0xff,
  0xff, 0x7f, 0x00, 0x24, 0x80, 0xda, 0x60, 0x20, 0xff, 0xff, 0xff, 0xff,
  0x3f, 0x00, 0x0c, 0x20, 0x6d, 0x20, 0x92, 0xff, 0xff, 0xff, 0xff, 0x1f,
  0x00, 0x69, 0x83, 0xa1, 0xfc, 0xff, 0xff, 0xff, 0xff, 0x00, 0x48, 0x00,
  0xb5, 0xc1, 0x58, 0xfe, 0xff, 0xff, 0xff, 0x7f, 0x00, 0x18, 0x40, 0xda,
  0x40, 0x30, 0xff, 0xff, 0xff, 0xff, 0x3f, 0x00, 0xd2, 0x06, 0xa4, 0xf9,
  0xff, 0xff, 0xff, 0xff, 0x01, 0x60, 0x00, 0x09, 0xa8, 0x00, 0x00, 0x00,
  0x00, 0x49, 0x18, 0x00, 0x00, 0x08, 0x00, 0x00, 0x00, 0x13, 0x86, 0x40,
  0x18, 0x26, 0x0c, 0x44, 0x61, 0x4c, 0x08, 0x8e, 0x09, 0x01, 0x32, 0x21,
  0x48, 0x26, 0x04, 0xca, 0x84, 0x60, 0x99, 0x10, 0x30, 0x13, 0x86, 0xa6,
  0x30, 0x00, 0x00, 0x00, 0x00, 0x89, 0x20, 0x00, 0x00, 0x3e, 0x00, 0x00,
  0x00, 0x32, 0x22, 0x88, 0x09, 0x20, 0x64, 0x85, 0x04, 0x13, 0x23, 0xa4,
  0x84, 0x04, 0x13, 0x23, 0xe3, 0x84, 0xa1, 0x90, 0x14, 0x12, 0x4c, 0x8c,
  0x8c, 0x0b, 0x84, 0xc4, 0x4c, 0x10, 0xd0, 0xc1, 0x0c, 0xc0, 0x30, 0x02,
  0x01, 0x0c, 0x23, 0x08, 0xc0, 0x1c, 0x01, 0x18, 0xa4, 0x01, 0x70, 0x8f,
  0x34, 0x45, 0x94, 0x30, 0xf9, 0x6e, 0x83, 0x14, 0x4e, 0xc4, 0x48, 0xe8,
  0x19, 0x86, 0x61, 0x20, 0x08, 0x41, 0x00, 0x00, 0x00, 0x00, 0x80, 0x61,
  0x10, 0xa1, 0x10, 0x8e, 0x92, 0xa6, 0x88, 0x12, 0x26, 0xff, 0x9f, 0x88,
  0x6b, 0xa2, 0x22, 0xe2, 0xb7, 0x87, 0x7f, 0x1a, 0x23, 0x00, 0x06, 0x11,
  0x8e, 0xe0, 0x22, 0x69, 0x8a, 0x28, 0x61, 0xf2, 0x7f, 0x09, 0x60, 0x9e,
  0x85, 0x88, 0xfe, 0x69, 0x8c, 0x00, 0x18, 0x44, 0x48, 0x84, 0x82, 0x04,
  0x81, 0x20, 0x08, 0x06, 0xa2, 0xd0, 0x32, 0x47, 0x10, 0x0c, 0x23, 0x08,
  0x43, 0x41, 0x02, 0x44, 0x11, 0x1a, 0xa7, 0x01, 0xe8, 0x29, 0x04, 0x00,
  0x00, 0x00, 0x45, 0x65, 0x00, 0x04, 0x81, 0xa6, 0x22, 0x00, 0x00, 0x55,
  0x65, 0x00, 0x00, 0x80, 0xae, 0x22, 0x00, 0x03, 0x65, 0x85, 0x08, 0x82,
  0x20, 0xa0, 0xad, 0x0c, 0x82, 0x20, 0x50, 0x57, 0x04, 0x41, 0xa0, 0x6f,
  0x04, 0xa0, 0x04, 0x21, 0x89, 0x03, 0x01, 0x29, 0x30, 0xcc, 0x11, 0x20,
  0x89, 0x60, 0x5e, 0x25, 0x4d, 0x11, 0x25, 0x4c, 0xfe, 0x0a, 0x48, 0x13,
  0x11, 0x21, 0x19, 0x11, 0x75, 0xc0, 0x04, 0xa0, 0x22, 0x10, 0x04, 0xe1,
  0x24, 0x74, 0x8e, 0x00, 0x14, 0x28, 0x20, 0x61, 0x10, 0x01, 0x10, 0x86,
  0x11, 0x06, 0x60, 0x18, 0x61, 0x18, 0x06, 0x11, 0x04, 0x61, 0x0a, 0x60,
  0x10, 0x61, 0x10, 0x86, 0x11, 0x88, 0x01, 0x00, 0x00, 0x13, 0xb2, 0x70,
  0x48, 0x07, 0x79, 0xb0, 0x03, 0x3a, 0x68, 0x83, 0x70, 0x80, 0x07, 0x78,
  0x60, 0x87, 0x72, 0x68, 0x83, 0x76, 0x08, 0x87, 0x71, 0x78, 0x87, 0x79,
  0xc0, 0x87, 0x38, 0x80, 0x03, 0x37, 0x88, 0x83, 0x38, 0x70, 0x03, 0x38,
  0xd8, 0x70, 0x1b, 0xe5, 0xd0, 0x06, 0xf0, 0xa0, 0x07, 0x76, 0x40, 0x07,
  0x7a, 0x60, 0x07, 0x74, 0xa0, 0x07, 0x76, 0x40, 0x07, 0x6d, 0x90, 0x0e,
  0x71, 0xa0, 0x07, 0x78, 0xa0, 0x07, 0x78, 0xd0, 0x06, 0xe9, 0x80, 0x07,
  0x7a, 0x80, 0x07, 0x7a, 0x80, 0x07, 0x6d, 0x90, 0x0e, 0x71, 0x60, 0x07,
  0x7a, 0x10, 0x07, 0x76, 0xa0, 0x07, 0x71, 0x60, 0x07, 0x6d, 0x90, 0x0e,
  0x73, 0x20, 0x07, 0x7a, 0x30, 0x07, 0x72, 0xa0, 0x07, 0x73, 0x20, 0x07,
  0x6d, 0x90, 0x0e, 0x76, 0x40, 0x07, 0x7a, 0x60, 0x07, 0x74, 0xa0, 0x07,
  0x76, 0x40, 0x07, 0x6d, 0x60, 0x0e, 0x73, 0x20, 0x07, 0x7a, 0x30, 0x07,
  0x72, 0xa0, 0x07, 0x73, 0x20, 0x07, 0x6d, 0x60, 0x0e, 0x76, 0x40, 0x07,
  0x7a, 0x60, 0x07, 0x74, 0xa0, 0x07, 0x76, 0x40, 0x07, 0x6d, 0x60, 0x0f,
  0x71, 0x60, 0x07, 0x7a, 0x10, 0x07, 0x76, 0xa0, 0x07, 0x71, 0x60, 0x07,
  0x6d, 0x60, 0x0f, 0x72, 0x40, 0x07, 0x7a, 0x30, 0x07, 0x72, 0xa0, 0x07,
  0x73, 0x20, 0x07, 0x6d, 0x60, 0x0f, 0x73, 0x20, 0x07, 0x7a, 0x30, 0x07,
  0x72, 0xa0, 0x07, 0x73, 0x20, 0x07, 0x6d, 0x60, 0x0f, 0x74, 0x80, 0x07,
  0x7a, 0x60, 0x07, 0x74, 0xa0, 0x07, 0x76, 0x40, 0x07, 0x6d, 0x60, 0x0f,
  0x76, 0x40, 0x07, 0x7a, 0x60, 0x07, 0x74, 0xa0, 0x07, 0x76, 0x40, 0x07,
  0x6d, 0x60, 0x0f, 0x79, 0x60, 0x07, 0x7a, 0x10, 0x07, 0x72, 0x80, 0x07,
  0x7a, 0x10, 0x07, 0x72, 0x80, 0x07, 0x6d, 0x60, 0x0f, 0x71, 0x20, 0x07,
  0x78, 0xa0, 0x07, 0x71, 0x20, 0x07, 0x78, 0xa0, 0x07, 0x71, 0x20, 0x07,
  0x78, 0xd0, 0x06, 0xf6, 0x10, 0x07, 0x79, 0x20, 0x07, 0x7a, 0x20, 0x07,
  0x75, 0x60, 0x07, 0x7a, 0x20, 0x07, 0x75, 0x60, 0x07, 0x6d, 0x60, 0x0f,
  0x72, 0x50, 0x07, 0x76, 0xa0, 0x07, 0x72, 0x50, 0x07, 0x76, 0xa0, 0x07,
  0x72, 0x50, 0x07, 0x76, 0xd0, 0x06, 0xf6, 0x50, 0x07, 0x71, 0x20, 0x07,
  0x7a, 0x50, 0x07, 0x71, 0x20, 0x07, 0x7a, 0x50, 0x07, 0x71, 0x20, 0x07,
  0x6d, 0x60, 0x0f, 0x71, 0x00, 0x07, 0x72, 0x40, 0x07, 0x7a, 0x10, 0x07,
  0x70, 0x20, 0x07, 0x74, 0xa0, 0x07, 0x71, 0x00, 0x07, 0x72, 0x40, 0x07,
  0x6d, 0xe0, 0x0e, 0x78, 0xa0, 0x07, 0x71, 0x60, 0x07, 0x7a, 0x30, 0x07,
  0x72, 0x30, 0x84, 0x61, 0x00, 0x00, 0x08, 0x00, 0x00, 0x00, 0x00, 0x00,
  0x18, 0xc2, 0x40, 0x40, 0x00, 0x08, 0x00, 0x00, 0x00, 0x00, 0x00, 0x0c,
  0x61, 0x24, 0x20, 0x00, 0x06, 0x00, 0x00, 0x00, 0x00, 0x00, 0x86, 0x30,
  0x14, 0x10, 0x00, 0x03, 0x00, 0x00, 0x00, 0x00, 0x00, 0x43, 0x18, 0x0b,
  0x08, 0x80, 0x01, 0x00, 0x00, 0x00, 0x00, 0x80, 0x21, 0x8c, 0x05, 0x04,
  0x00, 0x01, 0x00, 0x00, 0x00, 0x00, 0xc0, 0x10, 0xc6, 0x02, 0x02, 0x60,
  0x00, 0x00, 0x00, 0x00, 0x00, 0x60, 0x08, 0x83, 0x01, 0x01, 0x30, 0x00,
  0x00, 0x00, 0x00, 0x00, 0x30, 0x84, 0xc1, 0x80, 0x00, 0x18, 0x00, 0x00,
  0x00, 0x00, 0x00, 0x18, 0xc2, 0x58, 0x40, 0x00, 0x0c, 0x00, 0x00, 0x00,
  0x00, 0x00, 0x0c, 0x61, 0x34, 0x20, 0x00, 0x06, 0x00, 0x00, 0x00, 0x00,
  0x00, 0x86, 0x30, 0x1c, 0x10, 0x00, 0x03, 0x00, 0x00, 0x00, 0x00, 0x00,
  0x43, 0x18, 0x0b, 0x08, 0x80, 0x01, 0x00, 0x00, 0x00, 0x00, 0x80, 0x21,
  0x8c, 0x07, 0x04, 0xc0, 0x00, 0x00, 0x00, 0x00, 0x00, 0xc0, 0x10, 0x06,
  0x03, 0x02, 0x60, 0x00, 0x00, 0x00, 0x00, 0x00, 0x60, 0x08, 0x03, 0x06,
  0x40, 0x00, 0x0c, 0x00, 0x00, 0x00, 0x00, 0x00, 0x0c, 0x61, 0x2c, 0x20,
  0x00, 0x06, 0x00, 0x00, 0x00, 0x00, 0x00, 0x86, 0x30, 0x16, 0x10, 0x00,
  0x03, 0x00, 0x00, 0x00, 0x00, 0x00, 0x43, 0x18, 0x0b, 0x08, 0x80, 0x01,
  0x00, 0x00, 0x00, 0x00, 0x80, 0x21, 0x8c, 0x04, 0x04, 0xc0, 0x00, 0x00,
  0x00, 0x00, 0x00, 0xc0, 0x10, 0x66, 0x0c, 0x80, 0x00, 0x28, 0x00, 0x00,
  0x00, 0x00, 0x00, 0xc8, 0x02, 0x01, 0x00, 0x00, 0x00, 0x19, 0x00, 0x00,
  0x00, 0x32, 0x1e, 0x98, 0x18, 0x19, 0x11, 0x4c, 0x90, 0x8c, 0x09, 0x26,
  0x47, 0xc6, 0x04, 0x43, 0x1a, 0x46, 0x00, 0x0a, 0xa1, 0x04, 0x0a, 0xa2,
  0x18, 0x8a, 0xa0, 0xc0, 0x03, 0xca, 0xa0, 0x30, 0x0a, 0xa4, 0xa0, 0x0a,
  0x30, 0xa0, 0x20, 0x03, 0x0a, 0x34, 0xa0, 0x50, 0x03, 0x0a, 0x36, 0xa0,
  0x70, 0x03, 0x0a, 0x38, 0xa0, 0x90, 0x03, 0x0a, 0x3a, 0xa0, 0x14, 0x48,
  0x2d, 0xc8, 0x80, 0x11, 0x80, 0x42, 0x28, 0x88, 0xc2, 0x28, 0xd0, 0x80,
  0x42, 0x0d, 0x28, 0xd8, 0x80, 0xc2, 0x0d, 0x28, 0xe0, 0x80, 0x42, 0x0e,
  0x28, 0xe8, 0x80, 0x02, 0x29, 0xa8, 0x02, 0x0c, 0xa0, 0x72, 0x2c, 0xe1,
  0x11, 0x00, 0x00, 0x00, 0x00, 0x79, 0x18, 0x00, 0x00, 0xc8, 0x01, 0x00,
  0x00, 0x1a, 0x03, 0x4c, 0x10, 0x97, 0x29, 0xa2, 0x25, 0x10, 0xab, 0x32,
  0xb9, 0xb9, 0xb4, 0x37, 0xb7, 0x21, 0xc6, 0xa0, 0x91, 0x01, 0x50, 0x06,
  0x79, 0x40, 0xe5, 0x6e, 0x0c, 0x2d, 0x4c, 0xee, 0x6b, 0x2e, 0x4d, 0xaf,
  0x6c, 0x88, 0x31, 0x5c, 0x64, 0x20, 0x0c, 0x16, 0xe3, 0x20, 0x08, 0x0e,
  0x8e, 0xad, 0x0c, 0xa4, 0xad, 0x8c, 0x2e, 0x8c, 0x0d, 0xc4, 0xae, 0x4c,
  0x6e, 0x2e, 0xed, 0xcd, 0x0d, 0x64, 0x46, 0x06, 0x46, 0x66, 0xc6, 0x85,
  0x06, 0x86, 0x06, 0x04, 0xa5, 0xad, 0x8c, 0x2e, 0x8c, 0xcd, 0xac, 0xac,
  0x65, 0x46, 0x06, 0x46, 0x66, 0xc6, 0x85, 0x06, 0x86, 0x26, 0x65, 0x88,
  0x40, 0x06, 0xc4, 0x10, 0x63, 0xb8, 0x06, 0x6c, 0xa8, 0x58, 0x34, 0x95,
  0xd1, 0x85, 0xb1, 0x0d, 0x41, 0xc8, 0xe0, 0x18, 0xae, 0xe1, 0x1a, 0x2a,
  0x6e, 0x61, 0x69, 0x72, 0x2e, 0x63, 0x6f, 0x6d, 0x70, 0x69, 0x6c, 0x65,
  0x2e, 0x64, 0x65, 0x6e, 0x6f, 0x72, 0x6d, 0x73, 0x5f, 0x64, 0x69, 0x73,
  0x61, 0x62, 0x6c, 0x65, 0x43, 0x04, 0x32, 0x48, 0xc8, 0x85, 0xa5, 0xc9,
  0xb9, 0x8c, 0xbd, 0xb5, 0xc1, 0xa5, 0xb1, 0x95, 0xb9, 0x98, 0x85, 0xcd,
  0xd1, 0x7d, 0xb5, 0x85, 0xd1, 0xa1, 0x7d, 0x95, 0xb9, 0x85, 0x89, 0xb1,
  0x95, 0x0d, 0x11, 0xc8, 0x60, 0x61, 0x19, 0x84, 0xa5, 0xc9, 0xb9, 0x8c,
  0xbd, 0xb5, 0xc1, 0xa5, 0xb1, 0x95, 0xb9, 0x98, 0xc9, 0x85, 0xb5, 0x95,
  0x89, 0xd5, 0x99, 0x99, 0x95, 0xc9, 0x7d, 0x99, 0x95, 0xd1, 0x8d, 0xa1,
  0x7d, 0x91, 0xa5, 0xcd, 0x85, 0x89, 0xb1, 0x95, 0x0d, 0x11, 0xc8, 0xa0,
  0x61, 0x14, 0x96, 0x26, 0xe7, 0x22, 0x57, 0xe6, 0x46, 0x56, 0x26, 0xf7,
  0x45, 0x17, 0x26, 0x77, 0x56, 0x46, 0xc7, 0x28, 0x2c, 0x4d, 0xce, 0x25,
  0x4c, 0xee, 0xec, 0x8b, 0x2e, 0x0f, 0xae, 0xec, 0xcb, 0x2d, 0xac, 0xad,
  0x8c, 0x86, 0x19, 0xdb, 0x5b, 0x18, 0x1d, 0xcd, 0x10, 0x84, 0x0c, 0x9e,
  0xa1, 0x22, 0x03, 0x88, 0x0c, 0xa2, 0x21, 0x02, 0x19, 0x48, 0x64, 0xc2,
  0xd2, 0xe4, 0x5c, 0xe0, 0xde, 0xe6, 0xd2, 0xe8, 0xd2, 0xde, 0xdc, 0xa8,
  0x84, 0xa5, 0xc9, 0xb9, 0x8c, 0x95, 0xb9, 0xd1, 0x95, 0xc9, 0x51, 0x0a,
  0x4b, 0x93, 0x73, 0x71, 0x7b, 0xfb, 0x82, 0x2b, 0x93, 0x9b, 0x83, 0x2b,
  0x1b, 0xa3, 0x4b, 0xb3, 0x2b, 0x23, 0x13, 0x96, 0x26, 0xe7, 0x12, 0x26,
  0x77, 0xf6, 0xe5, 0x16, 0xd6, 0x56, 0xc6, 0x01, 0xee, 0x6d, 0x6e, 0x08,
  0x34, 0x54, 0x64, 0x40, 0x91, 0x41, 0x45, 0x06, 0x16, 0x19, 0x40, 0x64,
  0x10, 0x91, 0xc1, 0x45, 0x06, 0x18, 0xa5, 0xb0, 0x34, 0x39, 0x17, 0x33,
  0xb9, 0xb0, 0xb3, 0xb6, 0x32, 0x37, 0xba, 0xaf, 0x34, 0x37, 0xb8, 0x3a,
  0x3a, 0x56, 0x67, 0x65, 0x6e, 0x65, 0x72, 0x61, 0x74, 0x65, 0x64, 0x28,
  0x34, 0x66, 0x70, 0x6f, 0x73, 0x44, 0x76, 0x32, 0x5f, 0x66, 0x29, 0x7c,
  0xc2, 0xd2, 0xe4, 0x5c, 0xe0, 0xca, 0xe4, 0xe6, 0xe0, 0xca, 0xc6, 0xe8,
  0xd2, 0xec, 0xca, 0x68, 0x98, 0xb1, 0xbd, 0x85, 0xd1, 0xc9, 0x90, 0x30,
  0x83, 0x7b, 0x9b, 0x1b, 0x22, 0x0d, 0x17, 0x19, 0x68, 0x64, 0xb0, 0x91,
  0x41, 0x45, 0x06, 0x1c, 0x19, 0x40, 0x64, 0xd0, 0x91, 0xc1, 0x45, 0x06,
  0x1e, 0xb1, 0xb3, 0x32, 0xb7, 0x32, 0xb9, 0x30, 0xba, 0x32, 0x32, 0x94,
  0x1b, 0x33, 0xba, 0xb1, 0xb7, 0x37, 0x39, 0x32, 0x22, 0x3b, 0x99, 0x2f,
  0xb3, 0x14, 0x1e, 0x66, 0x74, 0x63, 0x6f, 0x6f, 0x72, 0x64, 0x43, 0xa4,
  0x41, 0x23, 0x03, 0x8d, 0x0c, 0xc0, 0x80, 0x0c, 0x2a, 0x32, 0xe0, 0xc8,
  0x00, 0x22, 0x83, 0x8e, 0x0c, 0x2e, 0x32, 0x08, 0x03, 0x4e, 0x67, 0x65,
  0x6e, 0x65, 0x72, 0x61, 0x74, 0x65, 0x64, 0x28, 0x32, 0x75, 0x76, 0x44,
  0x76, 0x32, 0x5f, 0x66, 0x29, 0x14, 0xea, 0xec, 0x86, 0x48, 0x03, 0x47,
  0x06, 0x1a, 0x19, 0x8c, 0x01, 0x19, 0x54, 0x64, 0xc0, 0x91, 0x01, 0x44,
  0x06, 0x1d, 0x19, 0x5c, 0x64, 0x40, 0x06, 0x54, 0xc2, 0xd2, 0xe4, 0x5c,
  0xc4, 0xea, 0xcc, 0xcc, 0xca, 0xe4, 0xf8, 0x84, 0xa5, 0xc9, 0xb9, 0x88,
  0xd5, 0x99, 0x99, 0x95, 0xc9, 0x7d, 0xcd, 0xa5, 0xe9, 0x95, 0x51, 0x0a,
  0x4b, 0x93, 0x73, 0x61, 0x7b, 0x1b, 0x0b, 0xa3, 0x4b, 0x7b, 0x73, 0xfb,
  0x4a, 0x73, 0x23, 0x2b, 0xc3, 0x23, 0x12, 0x96, 0x26, 0xe7, 0x22, 0x57,
  0x16, 0x46, 0x46, 0x2a, 0x2c, 0x4d, 0xce, 0x65, 0x8e, 0x4e, 0xae, 0x6e,
  0x8c, 0xee, 0x8b, 0x2e, 0x0f, 0xae, 0xec, 0x2b, 0xcd, 0xcd, 0xec, 0x8d,
  0x43, 0x9a, 0x1b, 0x1d, 0x09, 0xba, 0x3c, 0xb8, 0x32, 0x22, 0x69, 0x6e,
  0x6e, 0x65, 0x72, 0x43, 0x6f, 0x6c, 0x44, 0xde, 0xea, 0xe8, 0xca, 0xe4,
  0x86, 0xde, 0xd8, 0x78, 0x90, 0x85, 0xcd, 0xa1, 0x0d, 0xbd, 0xb1, 0xb1,
  0x30, 0x63, 0x7b, 0x0b, 0xa3, 0xa3, 0x32, 0x37, 0x96, 0x36, 0x37, 0xf7,
  0x26, 0xd7, 0x14, 0x46, 0x47, 0x04, 0x2e, 0x2c, 0xcd, 0x8d, 0xae, 0x29,
  0x8c, 0x8e, 0xca, 0xdc, 0x58, 0xda, 0xdc, 0xdc, 0x9b, 0x5c, 0x11, 0x1e,
  0x1d, 0x8d, 0x32, 0x3c, 0xba, 0x32, 0x37, 0x3a, 0x1a, 0x72, 0x61, 0x64,
  0x69, 0x75, 0x73, 0x3c, 0xcc, 0xca, 0xc2, 0xe8, 0xd0, 0xca, 0xe4, 0xa8,
  0xcc, 0xd1, 0xc9, 0xbd, 0xad, 0x95, 0x35, 0xd5, 0xb1, 0xd1, 0xb1, 0x99,
  0x1b, 0x4b, 0x9b, 0x9b, 0x7b, 0x93, 0x93, 0x0a, 0x23, 0x4b, 0xab, 0x9b,
  0xa3, 0xf1, 0x66, 0x66, 0x36, 0x57, 0x46, 0x47, 0x85, 0x2d, 0xcd, 0xad,
  0x8c, 0xa9, 0xcc, 0xed, 0x8c, 0x0e, 0x8d, 0xc9, 0x1c, 0x5d, 0x18, 0x5d,
  0x19, 0x51, 0x18, 0x5d, 0xd8, 0x10, 0x9b, 0x18, 0xaa, 0xc1, 0x1a, 0x2a,
  0x32, 0x58, 0x03, 0x32, 0x60, 0x83, 0xc1, 0x1a, 0xac, 0xa1, 0x22, 0x83,
  0x35, 0x20, 0x83, 0x36, 0x18, 0xb0, 0xc1, 0x1a, 0x2a, 0x32, 0x58, 0x03,
  0x32, 0x70, 0x83, 0xa1, 0x1b, 0xac, 0xa1, 0x22, 0x83, 0x35, 0x20, 0x83,
  0x37, 0x18, 0xbc, 0xc1, 0x1a, 0x32, 0x32, 0x80, 0x03, 0x32, 0x88, 0x83,
  0xe1, 0x1b, 0xac, 0x21, 0x23, 0x03, 0x38, 0x20, 0x03, 0x39, 0x18, 0xc0,
  0x60, 0xc0, 0x86, 0x8a, 0x0c, 0x3a, 0x32, 0x98, 0x83, 0x21, 0x0c, 0x06,
  0x6c, 0xa8, 0xc8, 0xa0, 0x23, 0x03, 0x3a, 0x18, 0xc4, 0x60, 0xb0, 0x86,
  0x8a, 0x0c, 0xe0, 0x80, 0x0c, 0xea, 0x60, 0x18, 0x83, 0xc1, 0x1a, 0x2a,
  0x32, 0x80, 0x03, 0x32, 0xb0, 0x83, 0x81, 0x0c, 0x06, 0x6b, 0xa8, 0xc8,
  0x00, 0x0e, 0xc8, 0xe0, 0x0e, 0x86, 0x32, 0x18, 0xac, 0xa1, 0x22, 0x03,
  0x38, 0x20, 0x03, 0x3c, 0x18, 0xcc, 0x60, 0xb0, 0x86, 0x8a, 0x0c, 0xe0,
  0x80, 0x0c, 0xf2, 0x60, 0x38, 0x83, 0xc1, 0x1a, 0x2a, 0x32, 0x80, 0x03,
  0x32, 0xd0, 0x83, 0x01, 0x0d, 0x06, 0x6b, 0xa8, 0xc8, 0x60, 0x0d, 0xc8,
  0x60, 0x0f, 0x18, 0x85, 0xa5, 0xc9, 0xb9, 0x84, 0xc9, 0x9d, 0x7d, 0xd1,
  0xe5, 0xc1, 0x95, 0x7d, 0xcd, 0xa5, 0xe9, 0x95, 0xf1, 0x0a, 0x4b, 0x93,
  0x73, 0x09, 0x93, 0x3b, 0xfb, 0xa2, 0xcb, 0x83, 0x2b, 0xfb, 0x0a, 0x63,
  0x4b, 0x3b, 0x73, 0xfb, 0x9a, 0x4b, 0xd3, 0x2b, 0x23, 0x52, 0xe5, 0x96,
  0x66, 0xf6, 0x26, 0xd7, 0x36, 0x47, 0xa4, 0xce, 0x2d, 0xcd, 0xec, 0x4d,
  0xae, 0x6d, 0x6e, 0x08, 0x19, 0x0c, 0x16, 0x19, 0x98, 0x01, 0x19, 0x9c,
  0xc1, 0xb0, 0x91, 0x01, 0x1a, 0x0c, 0xd5, 0x70, 0x91, 0x41, 0x1a, 0x90,
  0x81, 0x1a, 0x90, 0x01, 0x1f, 0x90, 0x41, 0x1f, 0x0c, 0x1b, 0x19, 0xf8,
  0xc1, 0x80, 0x91, 0x01, 0x44, 0x06, 0x7f, 0x40, 0x06, 0x17, 0x19, 0x80,
  0x02, 0x97, 0xb0, 0x34, 0x39, 0x17, 0xba, 0x32, 0x3c, 0xba, 0x3a, 0xb9,
  0x32, 0x2a, 0x61, 0x69, 0x72, 0x2e, 0x73, 0x61, 0x6d, 0x70, 0x6c, 0x65,
  0xc4, 0xe8, 0xca, 0xf0, 0xe8, 0xea, 0xe4, 0xca, 0x64, 0xc8, 0x78, 0xcc,
  0xd8, 0xde, 0xc2, 0xe8, 0x58, 0x40, 0xe6, 0xc2, 0xda, 0xe0, 0xd8, 0xca,
  0x7c, 0x78, 0xd0, 0x95, 0xe1, 0xd1, 0xd5, 0xc9, 0x95, 0x0d, 0xa1, 0x86,
  0x34, 0x20, 0x03, 0x51, 0x20, 0x03, 0x34, 0x18, 0xaa, 0xe1, 0x22, 0x83,
  0x51, 0x20, 0x03, 0x88, 0x0c, 0x48, 0x81, 0x0c, 0x2e, 0x32, 0x28, 0x05,
  0x2e, 0x61, 0x69, 0x72, 0x2e, 0x73, 0x61, 0x6d, 0x70, 0x6c, 0x65, 0x72,
  0x3c, 0xe6, 0xc2, 0xda, 0xe0, 0xd8, 0xca, 0xe4, 0x86, 0x48, 0x43, 0x46,
  0x06, 0xa7, 0x40, 0x06, 0x68, 0x30, 0x54, 0xc3, 0x45, 0x06, 0x10, 0x19,
  0xa0, 0x02, 0x19, 0x5c, 0x64, 0x80, 0x0a, 0x43, 0x1c, 0x32, 0xc8, 0xc8,
  0xe0, 0x23, 0x03, 0x31, 0x20, 0x83, 0x32, 0x20, 0x83, 0x50, 0x20, 0x03,
  0x53, 0x20, 0x83, 0x54, 0x18, 0x62, 0x30, 0x00, 0x19, 0x4c, 0x64, 0xa0,
  0x0a, 0x7c, 0xde, 0xda, 0xdc, 0xd2, 0xe0, 0xde, 0xe8, 0xca, 0xdc, 0xe8,
  0x40, 0xc6, 0xd0, 0xc2, 0xe4, 0xf8, 0x4c, 0xa5, 0xb5, 0xc1, 0xb1, 0x95,
  0x81, 0x0c, 0xad, 0xac, 0x80, 0x50, 0x09, 0x05, 0x05, 0x0d, 0x11, 0xc8,
  0xa0, 0x15, 0x86, 0x18, 0x64, 0xc0, 0x0a, 0x64, 0xe0, 0x0a, 0x6a, 0xb0,
  0x06, 0x43, 0x0c, 0x32, 0x78, 0x05, 0x32, 0x78, 0x05, 0x35, 0x58, 0x83,
  0x21, 0x06, 0x19, 0xc0, 0x01, 0x19, 0xbc, 0x82, 0x1a, 0xac, 0xc1, 0x10,
  0x83, 0x0c, 0x62, 0x81, 0x0c, 0x62, 0x41, 0x0d, 0xd6, 0x80, 0xcd, 0x97,
  0x16, 0xd5, 0x14, 0x4e, 0x95, 0x5b, 0x9a, 0xd9, 0x9b, 0x5c, 0xdb, 0xdc,
  0x10, 0x83, 0x0c, 0xd6, 0x80, 0x0c, 0x5e, 0x41, 0x0d, 0xd6, 0x60, 0x88,
  0x1f, 0x90, 0xc1, 0x2c, 0x90, 0x01, 0x2d, 0xa8, 0xc1, 0x1a, 0x90, 0x01,
  0x2d, 0xa8, 0x01, 0x1b, 0x90, 0x01, 0x2d, 0xa8, 0x41, 0x1b, 0x90, 0x01,
  0x2d, 0xa8, 0x81, 0x1b, 0x90, 0xc1, 0x2b, 0xa8, 0x81, 0x1d, 0x90, 0xc1,
  0x2b, 0xa8, 0xc1, 0x1d, 0x90, 0xc1, 0x2b, 0xa8, 0x01, 0x1e, 0x90, 0xc1,
  0x2b, 0xa8, 0x81, 0x1a, 0x90, 0x41, 0x2c, 0xa8, 0xc1, 0x1b, 0x90, 0x41,
  0x2c, 0xa8, 0x01, 0x1c, 0x90, 0x41, 0x2c, 0xa8, 0x41, 0x1c, 0x90, 0x41,
  0x2c, 0xa8, 0x81, 0x1c, 0x90, 0x41, 0x2c, 0xa8, 0xc1, 0x1c, 0x90, 0x41,
  0x2c, 0xa8, 0x01, 0x1d, 0x90, 0x01, 0x2d, 0xa8, 0x41, 0x1d, 0x0c, 0x31,
  0xc8, 0xa0, 0x16, 0xc8, 0x20, 0x16, 0xd4, 0x40, 0x0e, 0x86, 0x18, 0x64,
  0x50, 0x0b, 0x64, 0x40, 0x0b, 0x6a, 0xb0, 0x06, 0x43, 0x0c, 0x32, 0xa8,
  0x05, 0x32, 0x88, 0x05, 0x35, 0x78, 0x83, 0x21, 0x06, 0x19, 0xd4, 0x02,
  0x19, 0xd0, 0x82, 0x1a, 0xd4, 0x01, 0xc5, 0x20, 0x2c, 0x4d, 0xae, 0x25,
  0x8c, 0x2d, 0x2d, 0x6c, 0xae, 0x65, 0x6e, 0xec, 0x0d, 0xae, 0x6c, 0x0e,
  0xc5, 0x4c, 0x2e, 0xec, 0xac, 0xad, 0xcc, 0x8d, 0x6e, 0x0a, 0x2d, 0x8c,
  0xac, 0x4c, 0x2e, 0x28, 0x28, 0x65, 0x08, 0x41, 0x06, 0xbb, 0x40, 0x06,
  0xba, 0x40, 0x2c, 0x2c, 0x4d, 0xae, 0x25, 0x8c, 0x2d, 0x2d, 0x6c, 0xae,
  0x65, 0x6e, 0xec, 0x0d, 0xae, 0xac, 0x85, 0xae, 0x0c, 0x8f, 0xae, 0x4e,
  0xae, 0x6c, 0x6e, 0x88, 0x41, 0x06, 0xbd, 0x40, 0x06, 0xbb, 0x40, 0x06,
  0xbc, 0x40, 0x2c, 0x2c, 0x4d, 0xae, 0x25, 0x8c, 0x2d, 0x2d, 0x6c, 0xae,
  0x65, 0x6e, 0xec, 0x0d, 0xae, 0xac, 0x65, 0x2e, 0xac, 0x0d, 0x8e, 0xad,
  0x4c, 0x6e, 0x6e, 0x88, 0x41, 0x06, 0xbf, 0x40, 0x06, 0xbb, 0x40, 0x06,
  0xbe, 0x30, 0x84, 0x20, 0x83, 0x5e, 0x20, 0x83, 0x5f, 0x18, 0x62, 0x90,
  0x41, 0x2d, 0x90, 0x01, 0x2d, 0xa8, 0x01, 0x1b, 0x0c, 0x31, 0xc8, 0xa0,
  0x16, 0xc8, 0x20, 0x16, 0xd4, 0x20, 0x0e, 0x86, 0x18, 0x64, 0x50, 0x0b,
  0x64, 0x10, 0x0b, 0x6a, 0x40, 0x07, 0x43, 0x0c, 0x32, 0xa8, 0x05, 0x32,
  0x88, 0x05, 0x35, 0x98, 0x83, 0x21, 0x06, 0x19, 0xd4, 0x02, 0x19, 0xd0,
  0x82, 0x1a, 0xb4, 0xc1, 0x10, 0x83, 0x0c, 0x6a, 0x81, 0x0c, 0x68, 0x41,
  0x0d, 0xdc, 0x60, 0x88, 0x41, 0x06, 0xb5, 0x40, 0x06, 0xb1, 0xa0, 0x06,
  0x70, 0x30, 0x22, 0x62, 0x07, 0x76, 0xb0, 0x87, 0x76, 0x70, 0x83, 0x76,
  0x78, 0x07, 0x72, 0xa8, 0x07, 0x76, 0x28, 0x07, 0x37, 0x30, 0x07, 0x76,
  0x08, 0x87, 0x73, 0x98, 0x87, 0x29, 0x42, 0x30, 0x8c, 0x50, 0xd8, 0x81,
  0x1d, 0xec, 0xa1, 0x1d, 0xdc, 0x20, 0x1d, 0xc8, 0xa1, 0x1c, 0xdc, 0x81,
  0x1e, 0xa6, 0x04, 0xc5, 0x88, 0x25, 0x1c, 0xd2, 0x41, 0x1e, 0xdc, 0xc0,
  0x1e, 0xca, 0x41, 0x1e, 0xe6, 0x21, 0x1d, 0xde, 0xc1, 0x1d, 0xa6, 0x04,
  0xc6, 0x08, 0x2a, 0x1c, 0xd2, 0x41, 0x1e, 0xdc, 0x80, 0x1d, 0xc2, 0xc1,
  0x1d, 0xce, 0xa1, 0x1e, 0xc2, 0xe1, 0x1c, 0xca, 0xe1, 0x17, 0xec, 0xa1,
  0x1c, 0xe4, 0x61, 0x1e, 0xd2, 0xe1, 0x1d, 0xdc, 0x61, 0x4a, 0x80, 0x8c,
  0x98, 0xc2, 0x21, 0x1d, 0xe4, 0xc1, 0x0d, 0xc6, 0xe1, 0x1d, 0xda, 0x01,
  0x1e, 0xd2, 0x81, 0x1d, 0xca, 0xe1, 0x17, 0xde, 0x01, 0x1e, 0xe8, 0x21,
  0x1d, 0xde, 0xc1, 0x1d, 0xe6, 0x61, 0xca, 0xa0, 0x30, 0xce, 0x08, 0x26,
  0x1c, 0xd2, 0x41, 0x1e, 0xdc, 0xc0, 0x1c, 0xe4, 0x21, 0x1c, 0xce, 0xa1,
  0x1d, 0xca, 0xc1, 0x1d, 0xe8, 0x61, 0x4a, 0xb0, 0x0a, 0x00, 0x00, 0x00,
  0x00, 0x79, 0x18, 0x00, 0x00, 0xa5, 0x00, 0x00, 0x00, 0x33, 0x08, 0x80,
  0x1c, 0xc4, 0xe1, 0x1c, 0x66, 0x14, 0x01, 0x3d, 0x88, 0x43, 0x38, 0x84,
  0xc3, 0x8c, 0x42, 0x80, 0x07, 0x79, 0x78, 0x07, 0x73, 0x98, 0x71, 0x0c,
  0xe6, 0x00, 0x0f, 0xed, 0x10, 0x0e, 0xf4, 0x80, 0x0e, 0x33, 0x0c, 0x42,
  0x1e, 0xc2, 0xc1, 0x1d, 0xce, 0xa1, 0x1c, 0x66, 0x30, 0x05, 0x3d, 0x88,
  0x43, 0x38, 0x84, 0x83, 0x1b, 0xcc, 0x03, 0x3d, 0xc8, 0x43, 0x3d, 0x8c,
  0x03, 0x3d, 0xcc, 0x78, 0x8c, 0x74, 0x70, 0x07, 0x7b, 0x08, 0x07, 0x79,
  0x48, 0x87, 0x70, 0x70, 0x07, 0x7a, 0x70, 0x03, 0x76, 0x78, 0x87, 0x70,
  0x20, 0x87, 0x19, 0xcc, 0x11, 0x0e, 0xec, 0x90, 0x0e, 0xe1, 0x30, 0x0f,
  0x6e, 0x30, 0x0f, 0xe3, 0xf0, 0x0e, 0xf0, 0x50, 0x0e, 0x33, 0x10, 0xc4,
  0x1d, 0xde, 0x21, 0x1c, 0xd8, 0x21, 0x1d, 0xc2, 0x61, 0x1e, 0x66, 0x30,
  0x89, 0x3b, 0xbc, 0x83, 0x3b, 0xd0, 0x43, 0x39, 0xb4, 0x03, 0x3c, 0xbc,
  0x83, 0x3c, 0x84, 0x03, 0x3b, 0xcc, 0xf0, 0x14, 0x76, 0x60, 0x07, 0x7b,
  0x68, 0x07, 0x37, 0x68, 0x87, 0x72, 0x68, 0x07, 0x37, 0x80, 0x87, 0x70,
  0x90, 0x87, 0x70, 0x60, 0x07, 0x76, 0x28, 0x07, 0x76, 0xf8, 0x05, 0x76,
  0x78, 0x87, 0x77, 0x80, 0x87, 0x5f, 0x08, 0x87, 0x71, 0x18, 0x87, 0x72,
  0x98, 0x87, 0x79, 0x98, 0x81, 0x2c, 0xee, 0xf0, 0x0e, 0xee, 0xe0, 0x0e,
  0xf5, 0xc0, 0x0e, 0xec, 0x30, 0x03, 0x62, 0xc8, 0xa1, 0x1c, 0xe4, 0xa1,
  0x1c, 0xcc, 0xa1, 0x1c, 0xe4, 0xa1, 0x1c, 0xdc, 0x61, 0x1c, 0xca, 0x21,
  0x1c, 0xc4, 0x81, 0x1d, 0xca, 0x61, 0x06, 0xd6, 0x90, 0x43, 0x39, 0xc8,
  0x43, 0x39, 0x98, 0x43, 0x39, 0xc8, 0x43, 0x39, 0xb8, 0xc3, 0x38, 0x94,
  0x43, 0x38, 0x88, 0x03, 0x3b, 0x94, 0xc3, 0x2f, 0xbc, 0x83, 0x3c, 0xfc,
  0x82, 0x3b, 0xd4, 0x03, 0x3b, 0xb0, 0xc3, 0x0c, 0xc7, 0x69, 0x87, 0x70,
  0x58, 0x87, 0x72, 0x70, 0x83, 0x74, 0x68, 0x07, 0x78, 0x60, 0x87, 0x74,
  0x18, 0x87, 0x74, 0xa0, 0x87, 0x19, 0xce, 0x53, 0x0f, 0xee, 0x00, 0x0f,
  0xf2, 0x50, 0x0e, 0xe4, 0x90, 0x0e, 0xe3, 0x40, 0x0f, 0xe1, 0x20, 0x0e,
  0xec, 0x50, 0x0e, 0x33, 0x20, 0x28, 0x1d, 0xdc, 0xc1, 0x1e, 0xc2, 0x41,
  0x1e, 0xd2, 0x21, 0x1c, 0xdc, 0x81, 0x1e, 0xdc, 0xe0, 0x1c, 0xe4, 0xe1,
  0x1d, 0xea, 0x01, 0x1e, 0x66, 0x18, 0x51, 0x38, 0xb0, 0x43, 0x3a, 0x9c,
  0x83, 0x3b, 0xcc, 0x50, 0x24, 0x76, 0x60, 0x07, 0x7b, 0x68, 0x07, 0x37,
  0x60, 0x87, 0x77, 0x78, 0x07, 0x78, 0x98, 0x51, 0x4c, 0xf4, 0x90, 0x0f,
  0xf0, 0x50, 0x0e, 0x33, 0x1e, 0x6a, 0x1e, 0xca, 0x61, 0x1c, 0xe8, 0x21,
  0x1d, 0xde, 0xc1, 0x1d, 0x7e, 0x01, 0x1e, 0xe4, 0xa1, 0x1c, 0xcc, 0x21,
  0x1d, 0xf0, 0x61, 0x06, 0x54, 0x85, 0x83, 0x38, 0xcc, 0xc3, 0x3b, 0xb0,
  0x43, 0x3d, 0xd0, 0x43, 0x39, 0xfc, 0xc2, 0x3c, 0xe4, 0x43, 0x3b, 0x88,
  0xc3, 0x3b, 0xb0, 0xc3, 0x8c, 0xc5, 0x0a, 0x87, 0x79, 0x98, 0x87, 0x77,
  0x18, 0x87, 0x74, 0x08, 0x07, 0x7a, 0x28, 0x07, 0x72, 0x98, 0x81, 0x5c,
  0xe3, 0x10, 0x0e, 0xec, 0xc0, 0x0e, 0xe5, 0x50, 0x0e, 0xf3, 0x30, 0x23,
  0xc1, 0xd2, 0x41, 0x1e, 0xe4, 0xe1, 0x17, 0xd8, 0xe1, 0x1d, 0xde, 0x01,
  0x1e, 0x66, 0x48, 0x19, 0x3b, 0xb0, 0x83, 0x3d, 0xb4, 0x83, 0x1b, 0x84,
  0xc3, 0x38, 0x8c, 0x43, 0x39, 0xcc, 0xc3, 0x3c, 0xb8, 0xc1, 0x39, 0xc8,
  0xc3, 0x3b, 0xd4, 0x03, 0x3c, 0xcc, 0x48, 0xb4, 0x71, 0x08, 0x07, 0x76,
  0x60, 0x07, 0x71, 0x08, 0x87, 0x71, 0x58, 0x87, 0x19, 0xdb, 0xc6, 0x0e,
  0xec, 0x60, 0x0f, 0xed, 0xe0, 0x06, 0xf0, 0x20, 0x0f, 0xe5, 0x30, 0x0f,
  0xe5, 0x20, 0x0f, 0xf6, 0x50, 0x0e, 0x6e, 0x10, 0x0e, 0xe3, 0x30, 0x0e,
  0xe5, 0x30, 0x0f, 0xf3, 0xe0, 0x06, 0xe9, 0xe0, 0x0e, 0xe4, 0x50, 0x0e,
  0xf8, 0x30, 0x23, 0xe2, 0xec, 0x61, 0x1c, 0xc2, 0x81, 0x1d, 0xd8, 0xe1,
  0x17, 0xec, 0x21, 0x1d, 0xe6, 0x21, 0x1d, 0xc4, 0x21, 0x1d, 0xd8, 0x21,
  0x1d, 0xe8, 0x21, 0x1f, 0x66, 0x20, 0x9d, 0x3b, 0xbc, 0x43, 0x3d, 0xb8,
  0x03, 0x39, 0x94, 0x83, 0x39, 0xcc, 0x58, 0xbc, 0x70, 0x70, 0x07, 0x77,
  0x78, 0x07, 0x7a, 0x08, 0x07, 0x7a, 0x48, 0x87, 0x77, 0x70, 0x87, 0x19,
  0xce, 0x87, 0x0e, 0xe5, 0x10, 0x0e, 0xf0, 0x10, 0x0e, 0xec, 0xc0, 0x0e,
  0xef, 0x30, 0x0e, 0xf3, 0x90, 0x0e, 0xf4, 0x50, 0x0e, 0x33, 0x28, 0x30,
  0x08, 0x87, 0x74, 0x90, 0x07, 0x37, 0x30, 0x87, 0x7a, 0x70, 0x87, 0x71,
  0xa0, 0x87, 0x74, 0x78, 0x07, 0x77, 0xf8, 0x85, 0x73, 0x90, 0x87, 0x77,
  0xa8, 0x07, 0x78, 0x98, 0x07, 0x00, 0x00, 0x00, 0x00, 0x71, 0x20, 0x00,
  0x00, 0x51, 0x00, 0x00, 0x00, 0x46, 0x20, 0x01, 0x48, 0xe4, 0x17, 0x80,
  0x34, 0xfd, 0x45, 0x04, 0x08, 0x93, 0x5f, 0xdc, 0xb6, 0x51, 0x50, 0x00,
  0x12, 0xf9, 0x03, 0x22, 0x09, 0x40, 0x34, 0xfc, 0x45, 0x04, 0x18, 0x0c,
  0xd1, 0x4c, 0x26, 0x01, 0x01, 0x48, 0xe4, 0x17, 0x80, 0x34, 0xfd, 0xc4,
  0xf5, 0xf8, 0xc5, 0x6d, 0x5b, 0xc3, 0x04, 0x20, 0x91, 0x5f, 0x00, 0xd2,
  0xf4, 0x17, 0x0c, 0x70, 0xf9, 0x95, 0x5d, 0xdc, 0xb6, 0x15, 0x38, 0x00,
  0x12, 0xf9, 0x85, 0x85, 0x0c, 0xd3, 0xe1, 0x17, 0xb7, 0x6d, 0x09, 0x11,
  0x80, 0x44, 0x7e, 0x01, 0x48, 0xd3, 0x5f, 0x00, 0x81, 0xe4, 0x17, 0xb7,
  0x6d, 0x00, 0x50, 0x11, 0x01, 0x06, 0x43, 0x34, 0x13, 0x7b, 0x00, 0x03,
  0x11, 0x69, 0x9a, 0x41, 0x40, 0x00, 0x12, 0xf9, 0x05, 0x20, 0x4d, 0xbf,
  0x84, 0x34, 0x7e, 0x71, 0xdb, 0x36, 0xb1, 0x00, 0x48, 0xe4, 0x33, 0xc8,
  0xe5, 0x17, 0xb7, 0x6d, 0x03, 0x0d, 0x80, 0x44, 0xfe, 0xe0, 0x4c, 0x7e,
  0x65, 0x17, 0xb7, 0x6d, 0x01, 0x1b, 0x80, 0x44, 0xbe, 0x04, 0x30, 0xcf,
  0x42, 0xfc, 0x13, 0x71, 0x4d, 0x54, 0x44, 0xfc, 0xf6, 0xe0, 0x57, 0x78,
  0x71, 0xdb, 0xa6, 0x70, 0x01, 0x48, 0xe4, 0x0b, 0x4e, 0x53, 0x11, 0xd1,
  0xe4, 0x17, 0x7e, 0x71, 0xdb, 0xbe, 0xe4, 0x23, 0xb7, 0x6d, 0x07, 0x11,
  0x80, 0x44, 0x7e, 0x01, 0x48, 0xd3, 0x5f, 0x30, 0xce, 0xe0, 0x17, 0xb7,
  0x6d, 0x0f, 0x13, 0x80, 0x44, 0x7e, 0x01, 0x48, 0xd3, 0x5f, 0x00, 0x81,
  0xe4, 0x57, 0x76, 0x71, 0xdb, 0x16, 0x01, 0x01, 0x48, 0xe4, 0x17, 0x80,
  0x34, 0xfd, 0x82, 0x23, 0xf9, 0xc5, 0x6d, 0x1b, 0x43, 0x05, 0x20, 0x91,
  0x5f, 0x00, 0xd2, 0xf4, 0x4b, 0xc0, 0x44, 0x45, 0xc0, 0x44, 0xf8, 0xc5,
  0x6d, 0x9b, 0x41, 0x04, 0x20, 0x91, 0x5f, 0x00, 0xd2, 0xf4, 0x4b, 0x50,
  0x34, 0xf9, 0xc5, 0x6d, 0xdb, 0x42, 0x03, 0x20, 0x91, 0xcf, 0x20, 0x97,
  0x5f, 0xe1, 0xc5, 0x6d, 0x9b, 0x43, 0x04, 0x20, 0x91, 0x5f, 0x00, 0xd2,
  0xf4, 0x17, 0x0c, 0x70, 0xf9, 0xc5, 0x6d, 0x1b, 0x42, 0x04, 0x20, 0x91,
  0x5f, 0x00, 0xd2, 0xf4, 0x17, 0x0c, 0xd2, 0xf8, 0xc5, 0x6d, 0x9b, 0x80,
  0x04, 0x20, 0x91, 0x5f, 0x00, 0xd2, 0xf4, 0x0b, 0x0b, 0xc0, 0x3c, 0x7e,
  0x71, 0xdb, 0x00, 0x00, 0x00, 0x61, 0x20, 0x00, 0x00, 0xb9, 0x0b, 0x00,
  0x00, 0x13, 0x04, 0x7c, 0x10, 0x0b, 0x04, 0x00, 0x00, 0x62, 0x00, 0x00,
  0x00, 0x34, 0x8f, 0x45, 0x00, 0x81, 0x70, 0xcc, 0x41, 0x54, 0x97, 0x76,
  0x0b, 0x23, 0x00, 0xf4, 0x8e, 0x35, 0x0c, 0xc3, 0x30, 0xd6, 0x00, 0x04,
  0xc2, 0x1c, 0xc3, 0x75, 0xdd, 0xc2, 0x1c, 0x43, 0x55, 0xdd, 0xc2, 0x08,
  0x00, 0xa9, 0xa5, 0x50, 0x04, 0x25, 0x50, 0x06, 0xe4, 0xcc, 0x21, 0x54,
  0xb7, 0x30, 0x96, 0x10, 0x04, 0x63, 0x09, 0x40, 0x30, 0x02, 0x40, 0x4d,
  0x0d, 0x8c, 0x00, 0xd0, 0x50, 0x80, 0x40, 0x35, 0x51, 0x16, 0x25, 0x31,
  0x03, 0x50, 0x1a, 0x45, 0x51, 0x1c, 0xe5, 0x50, 0x30, 0xe5, 0x3f, 0x40,
  0xc0, 0x18, 0x01, 0x08, 0x82, 0xe0, 0x0a, 0x06, 0x63, 0x04, 0xad, 0x39,
  0xe7, 0xe4, 0x37, 0x46, 0x00, 0x82, 0x20, 0x68, 0x82, 0x03, 0x05, 0x33,
  0x00, 0x33, 0x00, 0x23, 0x00, 0x24, 0xcc, 0x00, 0xcc, 0x00, 0xcc, 0x21,
  0xa8, 0xc4, 0x3d, 0x8c, 0x00, 0x8c, 0x25, 0x80, 0x20, 0x08, 0xaa, 0xe0,
  0x00, 0x82, 0x20, 0xa8, 0x82, 0xc3, 0x58, 0x02, 0x08, 0x82, 0xa0, 0x09,
  0x06, 0x20, 0x08, 0x82, 0x26, 0x18, 0x8c, 0x25, 0x80, 0x20, 0x08, 0xe2,
  0x1f, 0x08, 0x82, 0x20, 0xfe, 0xcd, 0x21, 0xf8, 0xc2, 0x3d, 0x8c, 0x25,
  0x80, 0x20, 0x08, 0x9a, 0xe0, 0x00, 0x82, 0x20, 0x68, 0x82, 0x03, 0x01,
  0x63, 0x04, 0x20, 0x08, 0x82, 0x3a, 0x18, 0x8c, 0x11, 0xcc, 0x39, 0x6b,
  0xce, 0xdf, 0x18, 0x01, 0x08, 0x82, 0xe0, 0x19, 0x06, 0x63, 0x04, 0x3a,
  0x6b, 0xce, 0xe9, 0x37, 0x46, 0x00, 0x82, 0x20, 0x18, 0x82, 0xc1, 0x18,
  0x41, 0x6b, 0xce, 0x39, 0xfb, 0x8d, 0x11, 0xa0, 0x2a, 0x5e, 0xbf, 0xdf,
  0x18, 0x81, 0xdb, 0xc7, 0xa2, 0xf9, 0x8d, 0x11, 0xbc, 0x34, 0xbc, 0xde,
  0xdf, 0x18, 0x01, 0x08, 0x82, 0x20, 0x08, 0x0e, 0x33, 0x00, 0x63, 0x04,
  0xad, 0x39, 0xe7, 0xec, 0x2f, 0x8c, 0x11, 0xa8, 0x78, 0x7d, 0xca, 0xbe,
  0x30, 0x46, 0x00, 0x82, 0x20, 0xc8, 0x82, 0xc1, 0x18, 0x01, 0x08, 0x82,
  0x20, 0x0a, 0x06, 0x63, 0x04, 0xe6, 0x9c, 0xb3, 0xee, 0x37, 0x46, 0x90,
  0xff, 0xa3, 0x4c, 0x7f, 0x63, 0x04, 0x20, 0x08, 0x82, 0xf0, 0x2f, 0x8c,
  0x11, 0x80, 0x20, 0x08, 0xd2, 0xdf, 0x18, 0x01, 0x08, 0x82, 0x20, 0xfe,
  0x0b, 0x63, 0x04, 0xe6, 0x9c, 0xb3, 0xee, 0x2f, 0x90, 0x3b, 0x03, 0x30,
  0x03, 0x30, 0xd6, 0xd0, 0x9a, 0x73, 0x4e, 0x7f, 0xad, 0x39, 0xe7, 0xf4,
  0xd7, 0x9a, 0x73, 0x4e, 0x7f, 0x04, 0x8c, 0x11, 0x80, 0x20, 0x08, 0x92,
  0x60, 0x30, 0x46, 0x00, 0x82, 0x20, 0x88, 0x7e, 0x63, 0x04, 0x20, 0x08,
  0x82, 0xf0, 0x37, 0x46, 0x00, 0x82, 0x20, 0x08, 0x82, 0xc1, 0x18, 0x01,
  0x08, 0x82, 0x20, 0x08, 0x0a, 0x23, 0x00, 0x63, 0x04, 0x20, 0x08, 0x82,
  0xf8, 0x37, 0x46, 0x10, 0x92, 0x60, 0x88, 0x77, 0x00, 0x33, 0x11, 0x69,
  0x30, 0x5c, 0xc5, 0x78, 0x43, 0x30, 0x0e, 0xf9, 0x30, 0x18, 0x11, 0xd4,
  0x42, 0x01, 0x8c, 0x37, 0x08, 0xe4, 0x80, 0x0f, 0x83, 0x11, 0x41, 0x2d,
  0x14, 0xc0, 0x78, 0xc3, 0x50, 0x0e, 0xf6, 0x30, 0x18, 0x11, 0xd4, 0x02,
  0x01, 0x8c, 0x37, 0x10, 0xe6, 0x50, 0x0f, 0x83, 0x11, 0x41, 0x2d, 0x14,
  0xc0, 0x78, 0x04, 0x2d, 0x9c, 0x03, 0x3f, 0x9c, 0x03, 0x05, 0x64, 0x3c,
  0xc2, 0x16, 0xd2, 0xc1, 0x1f, 0x50, 0x81, 0x82, 0x61, 0xc1, 0x20, 0x9f,
  0xf1, 0x88, 0x5c, 0x60, 0x87, 0x90, 0x60, 0x05, 0x0a, 0xc6, 0x78, 0xc4,
  0x2e, 0xb8, 0xc3, 0x48, 0xbc, 0x02, 0x05, 0xc4, 0x82, 0x41, 0x3e, 0x66,
  0x04, 0xf1, 0x31, 0x29, 0xa0, 0x8f, 0x55, 0x46, 0x7c, 0xe6, 0x18, 0x3a,
  0x45, 0x25, 0xe6, 0x18, 0x02, 0x21, 0x25, 0x0c, 0x3b, 0xe2, 0x33, 0xc7,
  0x00, 0x06, 0x41, 0x4b, 0xcc, 0x31, 0x04, 0x10, 0x4b, 0x8c, 0x47, 0x98,
  0x43, 0x3e, 0xb8, 0xc4, 0x2e, 0x50, 0x30, 0x2c, 0x60, 0xe4, 0x33, 0x1e,
  0x91, 0x0e, 0xfc, 0x10, 0x13, 0xfb, 0x40, 0x01, 0xb1, 0x80, 0x92, 0x8f,
  0x11, 0x41, 0x7c, 0xe6, 0x18, 0xd0, 0x20, 0xb0, 0x09, 0x23, 0x28, 0xf9,
  0x18, 0xa2, 0xc9, 0xc7, 0x84, 0x20, 0x3e, 0x73, 0x0c, 0x44, 0x80, 0x13,
  0x73, 0x0c, 0x6e, 0x30, 0xed, 0xc4, 0x20, 0x43, 0xf0, 0x06, 0xea, 0x30,
  0xc8, 0x70, 0x0f, 0xae, 0xb0, 0x0e, 0x36, 0x05, 0xf2, 0x19, 0x64, 0xc8,
  0x07, 0x58, 0x70, 0x07, 0x93, 0x02, 0xf9, 0xd8, 0x70, 0xc0, 0xc7, 0x02,
  0x01, 0x3e, 0x16, 0x1c, 0xf2, 0x19, 0x64, 0x08, 0xee, 0x40, 0x1d, 0x46,
  0x0c, 0x08, 0x23, 0x58, 0x8b, 0x60, 0xbc, 0xa1, 0x1f, 0x60, 0x42, 0x2c,
  0x28, 0x20, 0xe3, 0x0d, 0xff, 0x20, 0x13, 0xe8, 0x40, 0xc1, 0x98, 0x63,
  0xd8, 0x85, 0x40, 0x2d, 0x06, 0x19, 0x82, 0x5d, 0x80, 0x87, 0x11, 0x03,
  0xc2, 0x08, 0xe4, 0xe2, 0x30, 0xc1, 0x88, 0x8f, 0x05, 0x02, 0x7c, 0xc6,
  0x10, 0x82, 0xb7, 0x18, 0x43, 0x10, 0xdc, 0x62, 0xc4, 0xa0, 0x30, 0x02,
  0xbc, 0x10, 0x82, 0x11, 0x83, 0xc2, 0x08, 0xfe, 0x22, 0xe8, 0x83, 0x11,
  0x83, 0xc2, 0x08, 0xf6, 0xa2, 0x08, 0x87, 0x11, 0x83, 0xc2, 0x08, 0x4c,
  0x23, 0x08, 0x46, 0x0c, 0x08, 0x23, 0x20, 0x8d, 0xc0, 0x64, 0xa1, 0x89,
  0x8f, 0x05, 0x05, 0x7c, 0x2c, 0x18, 0xe0, 0x33, 0x62, 0x40, 0x1c, 0x41,
  0x6a, 0x04, 0x16, 0xa0, 0x82, 0x7c, 0x6c, 0x08, 0xe2, 0x63, 0xa8, 0x30,
  0xc4, 0xc7, 0x84, 0x80, 0x3e, 0x23, 0x06, 0x86, 0x11, 0xc4, 0x46, 0x90,
  0x0a, 0xa8, 0x30, 0xdc, 0x10, 0xa8, 0x42, 0x30, 0xcb, 0x10, 0x08, 0xc1,
  0x88, 0xc1, 0x80, 0x04, 0xa1, 0x31, 0x4b, 0x20, 0x8c, 0x37, 0xdc, 0x84,
  0x5a, 0x80, 0x06, 0x05, 0x64, 0x98, 0x6d, 0x08, 0xf6, 0x80, 0x23, 0x2c,
  0x24, 0x6b, 0xb0, 0xc6, 0x16, 0x9a, 0x5c, 0x68, 0x76, 0x61, 0x48, 0x83,
  0xac, 0x16, 0xbc, 0x2a, 0x0d, 0x34, 0x37, 0xb8, 0xe6, 0x60, 0x3c, 0x22,
  0x27, 0xd8, 0xc2, 0x2d, 0xd8, 0x82, 0x02, 0x32, 0x1e, 0xb1, 0x13, 0x6e,
  0x01, 0x17, 0x2d, 0x41, 0xc1, 0x18, 0x8f, 0xe8, 0x09, 0xb8, 0x90, 0x0b,
  0x98, 0xa0, 0x60, 0x8c, 0x47, 0xfc, 0x84, 0x5c, 0xd0, 0xc5, 0x4c, 0x50,
  0x40, 0xc6, 0x1b, 0xc2, 0x82, 0x2e, 0x4e, 0x83, 0x02, 0x62, 0x47, 0x22,
  0x1f, 0x23, 0x0c, 0xf9, 0x98, 0x10, 0xc4, 0xc7, 0x72, 0x21, 0xa0, 0x8f,
  0xf1, 0x42, 0x12, 0x9f, 0x39, 0x06, 0x72, 0x60, 0x62, 0x63, 0x8e, 0x21,
  0x10, 0x60, 0x63, 0x8e, 0xc1, 0x1c, 0x88, 0xd9, 0x98, 0x25, 0xc0, 0xc6,
  0x1b, 0xd6, 0xc2, 0x2f, 0x5e, 0x82, 0x02, 0x52, 0x01, 0x6d, 0xe8, 0x70,
  0x43, 0x70, 0x1b, 0x60, 0x30, 0x86, 0x10, 0x17, 0xb6, 0x61, 0xe3, 0x10,
  0xc4, 0x67, 0xba, 0x41, 0x08, 0x86, 0x39, 0x06, 0xba, 0x08, 0x72, 0x63,
  0xc4, 0x40, 0x49, 0x02, 0xf8, 0x90, 0x8b, 0xb8, 0x08, 0xc0, 0x22, 0x2c,
  0x7e, 0xe2, 0x1c, 0x0a, 0x49, 0x0d, 0xac, 0x00, 0x27, 0x74, 0xb8, 0x21,
  0xe8, 0x0d, 0x30, 0x98, 0x65, 0x28, 0x8c, 0x60, 0x90, 0x81, 0xa0, 0x09,
  0xb8, 0x18, 0x64, 0x28, 0x68, 0x42, 0x2e, 0x4c, 0x08, 0xe4, 0x33, 0xc8,
  0x10, 0xd8, 0x83, 0x5d, 0x0c, 0x32, 0x04, 0x08, 0x5e, 0xcc, 0x12, 0x1c,
  0xc3, 0x0d, 0x07, 0x78, 0x80, 0xc1, 0x20, 0x83, 0xa2, 0x13, 0x78, 0x31,
  0xdd, 0x10, 0x2c, 0xc2, 0x2c, 0xc1, 0x31, 0x50, 0x11, 0x20, 0x85, 0x60,
  0xcc, 0x31, 0xf4, 0xc4, 0x1a, 0xa4, 0xc7, 0x20, 0x43, 0xe0, 0x13, 0x7c,
  0x61, 0x43, 0x20, 0x9f, 0xf1, 0x86, 0xd1, 0xb0, 0x0d, 0xf5, 0xa0, 0x60,
  0x54, 0x70, 0x16, 0x38, 0x62, 0x40, 0x18, 0x81, 0x7e, 0x04, 0x16, 0xe4,
  0x83, 0x7c, 0xe6, 0x18, 0x46, 0x22, 0x88, 0x8f, 0x2a, 0xd2, 0x03, 0x2b,
  0x58, 0x0b, 0x1d, 0x31, 0x20, 0x8c, 0xe0, 0x3f, 0x02, 0x0b, 0xfc, 0x41,
  0x3e, 0x73, 0x0c, 0x45, 0x40, 0x1f, 0xa5, 0xd0, 0x07, 0x56, 0x00, 0x17,
  0x3a, 0x62, 0x40, 0x18, 0x01, 0x89, 0x04, 0x16, 0x8c, 0x84, 0x7c, 0xe6,
  0x18, 0x8a, 0xc0, 0x3e, 0xea, 0xa1, 0x0b, 0x1d, 0x31, 0x20, 0x8c, 0x00,
  0x45, 0x02, 0x0b, 0x4e, 0x42, 0x3e, 0x73, 0x0c, 0x32, 0x11, 0xfc, 0xc7,
  0x20, 0x43, 0x30, 0x13, 0xad, 0x61, 0x81, 0x21, 0x9f, 0x41, 0x86, 0xa0,
  0x26, 0x6a, 0x63, 0x8e, 0x21, 0x28, 0xf8, 0xc3, 0xb2, 0x40, 0x3e, 0xb3,
  0x04, 0x7b, 0x30, 0xde, 0xd0, 0x12, 0xef, 0x01, 0x22, 0x14, 0x90, 0x31,
  0x84, 0xe0, 0x44, 0x2c, 0xa8, 0x09, 0xf9, 0x58, 0xe0, 0x13, 0xf0, 0x19,
  0x31, 0x20, 0x0c, 0xc0, 0x46, 0x02, 0xab, 0x89, 0x20, 0x3e, 0xe3, 0x0d,
  0xe3, 0x61, 0x1f, 0xa8, 0x41, 0x01, 0xb1, 0x21, 0x90, 0xcf, 0x88, 0x41,
  0x61, 0x00, 0x3c, 0x92, 0x13, 0xc1, 0x18, 0x82, 0xe2, 0x22, 0x23, 0x06,
  0x85, 0x01, 0xf8, 0xc8, 0x4e, 0x04, 0x16, 0x0c, 0xf2, 0x19, 0x6f, 0x50,
  0x8f, 0xfe, 0x70, 0x0d, 0x0a, 0x48, 0x05, 0x32, 0x82, 0x15, 0xbc, 0x88,
  0x0e, 0x37, 0x04, 0x32, 0x02, 0x06, 0xb3, 0x0c, 0x89, 0x12, 0x8c, 0x37,
  0x80, 0x85, 0x88, 0xc4, 0x08, 0x05, 0x65, 0x0c, 0x21, 0xc0, 0x91, 0xf1,
  0x06, 0xf9, 0x28, 0x11, 0xdc, 0xa0, 0x60, 0xd8, 0x10, 0xc8, 0x67, 0xbc,
  0xa1, 0x3e, 0x50, 0xc4, 0x46, 0x28, 0x20, 0x36, 0x04, 0xf1, 0x19, 0x6f,
  0xc0, 0x8f, 0x15, 0xf1, 0x11, 0x0a, 0xc8, 0x88, 0x41, 0x61, 0x00, 0x71,
  0x32, 0x04, 0x26, 0xcc, 0x85, 0x7c, 0xe6, 0x18, 0x18, 0x61, 0x4c, 0x4c,
  0xf8, 0x0b, 0xf8, 0xcc, 0x31, 0xd8, 0x46, 0x50, 0x26, 0x66, 0xf8, 0x85,
  0x7c, 0x2c, 0xe8, 0x0b, 0xf8, 0xcc, 0x31, 0xe4, 0x46, 0x80, 0x26, 0x66,
  0x10, 0xf1, 0x31, 0xa1, 0x88, 0xcf, 0x88, 0x41, 0x61, 0x00, 0x7f, 0x22,
  0x04, 0x23, 0x06, 0x85, 0x01, 0x80, 0x8a, 0x20, 0x98, 0x10, 0xd0, 0x67,
  0xc4, 0xc0, 0x30, 0x80, 0x51, 0x09, 0xf6, 0x42, 0x2f, 0xe6, 0x18, 0xc2,
  0x23, 0x88, 0x93, 0x41, 0x86, 0x40, 0x3c, 0xee, 0xc3, 0x82, 0x43, 0x3e,
  0x96, 0x04, 0xf1, 0x19, 0x31, 0x28, 0x0c, 0xe0, 0x54, 0x82, 0x60, 0xc4,
  0x80, 0x30, 0x80, 0x52, 0x09, 0x2c, 0x58, 0x0d, 0xf8, 0x8c, 0x18, 0x10,
  0x07, 0x80, 0x2a, 0x81, 0x05, 0xa7, 0x21, 0x1f, 0x1b, 0x82, 0xf8, 0xd8,
  0x69, 0x0c, 0xf1, 0x31, 0x21, 0xa0, 0xcf, 0x88, 0x81, 0x61, 0x00, 0xb0,
  0x12, 0xa0, 0xc6, 0x69, 0x58, 0xc0, 0x06, 0xf2, 0x99, 0x25, 0x50, 0x06,
  0x2a, 0x00, 0x21, 0xd1, 0x05, 0x64, 0xb8, 0x41, 0x0d, 0xf2, 0x04, 0x0c,
  0x66, 0x19, 0x16, 0x26, 0x18, 0x6f, 0x48, 0x8d, 0x35, 0xd1, 0x13, 0x0a,
  0xca, 0x18, 0x42, 0x10, 0x2a, 0x16, 0xcc, 0x86, 0x7c, 0x46, 0x0c, 0x08,
  0x03, 0xb0, 0x95, 0xc0, 0x02, 0xf0, 0x90, 0x8f, 0x05, 0xbe, 0x01, 0x9f,
  0x39, 0x86, 0xfb, 0x08, 0x4c, 0xc5, 0x82, 0x03, 0x3e, 0x23, 0x06, 0x85,
  0x01, 0xf0, 0x0a, 0x12, 0x98, 0x6e, 0x04, 0xf1, 0xb1, 0xe0, 0x3c, 0xe4,
  0x33, 0x62, 0x60, 0x18, 0x00, 0xb8, 0x04, 0xb8, 0x71, 0x1b, 0x16, 0xec,
  0x86, 0x7c, 0xec, 0x37, 0x82, 0xf8, 0xd8, 0x30, 0xc8, 0xc7, 0x02, 0x49,
  0x3e, 0x16, 0x0c, 0xf2, 0x99, 0x25, 0x60, 0x06, 0x2a, 0x00, 0x61, 0x41,
  0x03, 0x65, 0x3c, 0x62, 0x4d, 0xfc, 0x04, 0x54, 0xfc, 0x84, 0x02, 0x32,
  0x1e, 0xd1, 0x26, 0xa0, 0x22, 0x2a, 0x3f, 0x42, 0xc1, 0xb0, 0x60, 0x90,
  0xcf, 0x78, 0x04, 0x9c, 0x8c, 0x4a, 0xa9, 0x8c, 0x09, 0x05, 0x63, 0x3c,
  0x42, 0x4e, 0x4a, 0xe5, 0x54, 0xcc, 0x84, 0x02, 0x62, 0xc1, 0x20, 0x1f,
  0x33, 0x82, 0xf8, 0x58, 0x7a, 0x04, 0xf4, 0x31, 0xf6, 0x30, 0xe2, 0x33,
  0xc7, 0x40, 0x1f, 0x4a, 0xb8, 0xcc, 0x31, 0x04, 0x02, 0xb8, 0xd8, 0x7b,
  0x1c, 0xf1, 0x99, 0x63, 0xb8, 0x8f, 0x80, 0x5c, 0xe6, 0x18, 0x02, 0x68,
  0x5c, 0xc6, 0x23, 0xfa, 0x04, 0x56, 0x64, 0x45, 0x4e, 0x28, 0x18, 0x16,
  0x30, 0xf2, 0x19, 0x8f, 0x00, 0x95, 0x59, 0xa9, 0x15, 0x59, 0xa1, 0x80,
  0x58, 0x40, 0xc9, 0xc7, 0x88, 0x20, 0x3e, 0x73, 0x0c, 0xff, 0x11, 0xb4,
  0x8b, 0x11, 0x94, 0x7c, 0x0c, 0xd1, 0xe4, 0x63, 0x42, 0x10, 0x9f, 0x39,
  0x06, 0x22, 0x78, 0x97, 0x39, 0x86, 0x12, 0x99, 0xe4, 0x65, 0x90, 0x21,
  0x30, 0x91, 0x50, 0x19, 0x64, 0x70, 0x95, 0x32, 0x11, 0x15, 0x9b, 0x02,
  0xf9, 0x0c, 0x32, 0xc0, 0xca, 0x99, 0x94, 0x8a, 0x49, 0x81, 0x7c, 0x6c,
  0x38, 0xe0, 0x63, 0x81, 0x00, 0x1f, 0x0b, 0x0e, 0xf9, 0x0c, 0x32, 0x04,
  0x2e, 0x12, 0x2a, 0xe3, 0x0d, 0xb3, 0x62, 0x2e, 0x76, 0x42, 0x01, 0x19,
  0x6f, 0xa8, 0x15, 0x74, 0xd9, 0x17, 0x0a, 0xc8, 0x1c, 0x43, 0x9c, 0x04,
  0x20, 0x33, 0xc8, 0x10, 0xc4, 0x89, 0xa9, 0x8c, 0x18, 0x10, 0x46, 0x80,
  0x32, 0x87, 0x09, 0x46, 0x7c, 0x2c, 0x10, 0xe0, 0x33, 0x86, 0x10, 0x94,
  0xcc, 0x18, 0x82, 0x40, 0x32, 0x23, 0x06, 0x85, 0x11, 0xb8, 0x8c, 0x10,
  0x8c, 0x18, 0x14, 0x46, 0x50, 0x33, 0xc1, 0x8c, 0x8c, 0x18, 0x14, 0x46,
  0x10, 0x33, 0xc5, 0x9d, 0x8c, 0x18, 0x14, 0x46, 0xc0, 0x33, 0x41, 0x30,
  0x62, 0x40, 0x18, 0x81, 0xce, 0x04, 0x86, 0x26, 0x4d, 0x7c, 0x2c, 0x28,
  0xe0, 0x63, 0xc1, 0x00, 0x9f, 0x11, 0x03, 0xe2, 0x08, 0x7e, 0x26, 0xb0,
  0xc0, 0x47, 0xe4, 0x63, 0x92, 0x99, 0xc0, 0x67, 0x8e, 0x61, 0x54, 0x02,
  0x99, 0x19, 0x64, 0x08, 0x46, 0x05, 0x57, 0xec, 0x4f, 0xae, 0xf8, 0x58,
  0x30, 0xc1, 0xc7, 0x82, 0x01, 0x3e, 0x63, 0x08, 0xc1, 0xcd, 0x8c, 0x21,
  0x08, 0x36, 0x33, 0x62, 0x50, 0x18, 0x01, 0xd8, 0x08, 0xc1, 0x88, 0x41,
  0x61, 0x04, 0x67, 0x13, 0x94, 0xc9, 0x88, 0x41, 0x61, 0x04, 0x63, 0x53,
  0xa4, 0xca, 0x88, 0x41, 0x61, 0x04, 0x6e, 0x13, 0x04, 0x23, 0x06, 0x84,
  0x11, 0xb0, 0x4d, 0x60, 0x7e, 0xf2, 0xc5, 0xc7, 0x82, 0x02, 0x3e, 0x16,
  0x0c, 0xf0, 0x19, 0x31, 0x20, 0x8e, 0x20, 0x6e, 0x02, 0x0b, 0xe0, 0x44,
  0x3e, 0x56, 0x4d, 0xf1, 0x31, 0x38, 0xa9, 0xe2, 0x63, 0x42, 0x40, 0x9f,
  0x11, 0x03, 0xc3, 0x08, 0xf2, 0x26, 0x88, 0x13, 0x38, 0xb1, 0xa3, 0x88,
  0x8f, 0xd1, 0xc9, 0x11, 0x1f, 0x13, 0x02, 0xfa, 0x8c, 0x18, 0x18, 0x46,
  0xd0, 0x37, 0x41, 0x9d, 0xd0, 0xc9, 0x78, 0x83, 0xc8, 0xd4, 0x8c, 0xd9,
  0x50, 0x40, 0x2a, 0x30, 0x17, 0x1c, 0x31, 0x20, 0x8c, 0x20, 0x6f, 0x02,
  0x0b, 0xf0, 0x44, 0x3e, 0x73, 0x0c, 0xa2, 0x12, 0xc0, 0x4d, 0x15, 0x68,
  0x83, 0x15, 0xa8, 0x8b, 0x8e, 0x18, 0x10, 0x46, 0xe0, 0x37, 0x81, 0x05,
  0x7d, 0x22, 0x9f, 0x39, 0x86, 0x22, 0x98, 0x9b, 0x52, 0xe6, 0x06, 0x2b,
  0x78, 0x17, 0x1d, 0x31, 0x20, 0x8c, 0x60, 0x74, 0x02, 0x0b, 0x44, 0x45,
  0x3e, 0x73, 0x0c, 0x45, 0x50, 0x37, 0xf5, 0xcc, 0x8b, 0x8e, 0x18, 0x10,
  0x46, 0x70, 0x3a, 0x81, 0x05, 0xa6, 0x22, 0x9f, 0x39, 0x86, 0x58, 0x09,
  0xfc, 0x66, 0x90, 0x21, 0x90, 0x15, 0x96, 0xb1, 0xc0, 0x90, 0xcf, 0x20,
  0x43, 0x40, 0x2b, 0x34, 0x33, 0xc7, 0x10, 0x14, 0x7b, 0x33, 0xde, 0xa0,
  0x33, 0x6d, 0x13, 0x3a, 0x14, 0x8c, 0x0a, 0xfc, 0x05, 0x47, 0x0c, 0x08,
  0x23, 0x88, 0x9d, 0xc0, 0x02, 0x58, 0x91, 0xcf, 0x1c, 0x83, 0xae, 0x04,
  0xa8, 0x53, 0x05, 0xe8, 0x60, 0x05, 0x22, 0xa3, 0x23, 0x06, 0x84, 0x11,
  0xd8, 0x4e, 0x60, 0x41, 0xad, 0xc8, 0x67, 0x8e, 0xa1, 0x08, 0x56, 0xa7,
  0x94, 0xd5, 0xc1, 0x0a, 0x4e, 0x46, 0x47, 0x0c, 0x08, 0x23, 0xd8, 0x9d,
  0xc0, 0x02, 0x5d, 0x91, 0xcf, 0x1c, 0x43, 0x11, 0xb4, 0x4e, 0x3d, 0x2b,
  0xa3, 0x23, 0x06, 0x84, 0x11, 0xfc, 0x4e, 0x60, 0x81, 0xaf, 0xc8, 0x67,
  0x8e, 0x21, 0x5d, 0x02, 0xdb, 0x19, 0x64, 0x08, 0xd4, 0x85, 0x6c, 0x2c,
  0x30, 0xe4, 0x33, 0xc8, 0x10, 0xb0, 0x0b, 0xdb, 0xcc, 0x31, 0x04, 0xc5,
  0xec, 0xcc, 0x31, 0xbc, 0x4c, 0x1c, 0xec, 0xce, 0x20, 0x43, 0x00, 0x33,
  0x6e, 0x33, 0x62, 0x60, 0x18, 0xc1, 0xf9, 0x6c, 0x43, 0x30, 0xc7, 0x20,
  0x33, 0x78, 0xe0, 0x3b, 0x73, 0x0c, 0x33, 0x13, 0x26, 0xbf, 0x33, 0xc7,
  0x40, 0x33, 0x2d, 0x01, 0x3e, 0x16, 0x08, 0xf2, 0xb1, 0x80, 0x90, 0xcf,
  0x20, 0x43, 0x70, 0x33, 0x75, 0x63, 0xc1, 0x21, 0x9f, 0x59, 0x82, 0x3d,
  0x18, 0x6f, 0xe0, 0x9b, 0xd7, 0x01, 0x1b, 0x0a, 0x48, 0x05, 0xe5, 0xa3,
  0x23, 0x06, 0x84, 0x11, 0xcc, 0x4f, 0x30, 0xdc, 0x10, 0xdc, 0x8b, 0x30,
  0x86, 0x20, 0x3a, 0xe8, 0x63, 0xf9, 0x12, 0xc4, 0x67, 0xba, 0x21, 0x10,
  0x86, 0x41, 0x86, 0xd2, 0xf1, 0x99, 0xba, 0x19, 0x6f, 0x28, 0x1d, 0xdc,
  0x59, 0x1b, 0x0a, 0x86, 0x11, 0x81, 0x7c, 0xe6, 0x18, 0x88, 0xe0, 0x7d,
  0x6c, 0x00, 0x19, 0xf9, 0xcc, 0x31, 0x88, 0x4d, 0x10, 0x3f, 0x23, 0x06,
  0x85, 0x11, 0x98, 0xd0, 0x10, 0x8c, 0x18, 0x14, 0x46, 0x70, 0x42, 0x82,
  0x60, 0x42, 0x40, 0x9f, 0x11, 0x03, 0xc3, 0x08, 0x54, 0x28, 0x10, 0x99,
  0x90, 0x99, 0x63, 0x40, 0x9b, 0x00, 0x7f, 0x06, 0x19, 0x82, 0xb4, 0xf1,
  0x1b, 0x0b, 0x0e, 0xf9, 0x98, 0x12, 0xc4, 0x67, 0xc4, 0xa0, 0x30, 0x02,
  0x17, 0x0a, 0x82, 0x11, 0x03, 0xc2, 0x08, 0x58, 0x28, 0x18, 0x8f, 0xa8,
  0x1d, 0xf4, 0x51, 0x1f, 0xf4, 0xa1, 0x80, 0x8c, 0x47, 0xdc, 0x8e, 0xfa,
  0xb0, 0x4f, 0xea, 0x50, 0x30, 0x2c, 0x18, 0xe4, 0x33, 0x1e, 0xa1, 0x3b,
  0xed, 0xf3, 0x3e, 0xad, 0x43, 0xc1, 0x18, 0x8f, 0xe0, 0x9d, 0xf7, 0x89,
  0x1f, 0xd8, 0xa1, 0x80, 0x58, 0x30, 0xc8, 0xc7, 0x8c, 0x20, 0x3e, 0x36,
  0x33, 0x01, 0x7d, 0xcc, 0x66, 0x8c, 0xf8, 0xcc, 0x31, 0xf8, 0x8c, 0xb2,
  0x42, 0x73, 0x0c, 0x81, 0xa0, 0x42, 0x73, 0x0c, 0x60, 0x43, 0xb4, 0xd0,
  0x20, 0x43, 0x10, 0x36, 0xbc, 0x63, 0xc1, 0x20, 0x9f, 0x41, 0x86, 0x60,
  0x6c, 0x6c, 0x67, 0xc4, 0xa0, 0x30, 0x82, 0x31, 0x0a, 0x82, 0x11, 0x03,
  0xc2, 0x08, 0xc2, 0x28, 0x30, 0xb0, 0x09, 0xe8, 0x63, 0x61, 0x13, 0xc4,
  0x67, 0xc4, 0xc0, 0x30, 0x02, 0x34, 0x0a, 0xc0, 0xe6, 0x67, 0x2c, 0x08,
  0xe4, 0x63, 0x02, 0xd9, 0xc8, 0xc7, 0xd0, 0x26, 0x88, 0x8f, 0x0d, 0x81,
  0x7c, 0x46, 0x0c, 0x0c, 0x23, 0xe0, 0x21, 0xb2, 0x39, 0x9b, 0xc0, 0x02,
  0xbe, 0x91, 0x8f, 0x09, 0x7e, 0x23, 0x9f, 0x31, 0x04, 0xfb, 0xe9, 0x21,
  0x0b, 0xd6, 0x46, 0x3e, 0x16, 0xd0, 0x0d, 0x7c, 0x46, 0x0c, 0x08, 0x23,
  0x60, 0xa3, 0xc0, 0xd6, 0x26, 0x88, 0xcf, 0x78, 0x43, 0xfe, 0xb0, 0x90,
  0xef, 0x50, 0x40, 0x6c, 0x08, 0xe4, 0x33, 0x62, 0x50, 0x18, 0x81, 0x1c,
  0xbd, 0x4d, 0x60, 0x69, 0xa0, 0xc4, 0x67, 0xc4, 0x80, 0x38, 0x82, 0x3b,
  0x0a, 0x4c, 0x08, 0xe2, 0x63, 0x02, 0xea, 0xc8, 0xc7, 0x84, 0x80, 0x3e,
  0x23, 0x06, 0x86, 0x11, 0xf8, 0x51, 0x60, 0x37, 0x75, 0x63, 0x6f, 0x10,
  0xc5, 0x67, 0xc4, 0x80, 0x38, 0x82, 0x3e, 0x0a, 0x4c, 0x08, 0xe2, 0x63,
  0x82, 0xeb, 0xc8, 0xc7, 0x84, 0x80, 0x3e, 0x23, 0x06, 0x86, 0x11, 0x90,
  0x52, 0xc0, 0x37, 0x7b, 0x33, 0xde, 0x90, 0x42, 0x3c, 0xf4, 0x46, 0x14,
  0x90, 0xe1, 0x86, 0xe0, 0x6f, 0x84, 0x59, 0x06, 0xe7, 0x09, 0x46, 0x0c,
  0x0a, 0x23, 0x18, 0xa5, 0x52, 0x10, 0x6c, 0x28, 0x1d, 0xf9, 0xcc, 0x31,
  0x98, 0x82, 0x50, 0x47, 0x26, 0x74, 0xf0, 0x99, 0x63, 0x40, 0x9f, 0xe0,
  0x8e, 0xec, 0x80, 0x1d, 0xf9, 0x58, 0x00, 0x06, 0xf1, 0x99, 0x63, 0x58,
  0x9f, 0x40, 0x8f, 0xcc, 0x20, 0xe2, 0x63, 0x42, 0x11, 0x9f, 0x11, 0x83,
  0xc2, 0x08, 0x62, 0x49, 0x08, 0x46, 0x0c, 0x0a, 0x23, 0x90, 0x25, 0x41,
  0x30, 0x21, 0xa0, 0xcf, 0x88, 0x81, 0x61, 0x04, 0xb5, 0x14, 0xb4, 0x0e,
  0xeb, 0xcc, 0x31, 0xcc, 0x4f, 0x30, 0x4a, 0x83, 0x0c, 0x01, 0xfd, 0xa4,
  0x90, 0x05, 0x87, 0x7c, 0x2c, 0x09, 0xe2, 0x33, 0x62, 0x50, 0x18, 0x41,
  0x2e, 0x05, 0xc1, 0x88, 0x01, 0x61, 0x04, 0xb7, 0x14, 0x58, 0xe0, 0x06,
  0xf1, 0x19, 0x31, 0x20, 0x8e, 0x40, 0x97, 0x02, 0x0b, 0x72, 0x47, 0x3e,
  0x36, 0x04, 0xf1, 0xb1, 0xdc, 0x19, 0xe2, 0x63, 0x42, 0x40, 0x9f, 0x11,
  0x03, 0xc3, 0x08, 0xc4, 0x29, 0xd0, 0x9d, 0xdc, 0x99, 0x25, 0x78, 0x06,
  0x2a, 0x00, 0xc1, 0xb1, 0xbb, 0xc6, 0x60, 0x46, 0x86, 0x40, 0x30, 0xdc,
  0x10, 0xb4, 0x12, 0x19, 0xcc, 0x32, 0x40, 0x51, 0x30, 0xde, 0xa0, 0x46,
  0x7d, 0xb4, 0x4a, 0x14, 0x10, 0x0b, 0xca, 0x47, 0x3e, 0x66, 0x0e, 0x41,
  0x7c, 0xac, 0x0f, 0xf4, 0x47, 0x3e, 0x23, 0x06, 0x85, 0x11, 0x98, 0x93,
  0x80, 0x3e, 0x73, 0x0c, 0xec, 0x10, 0xdc, 0x92, 0x0d, 0xf0, 0x03, 0x9f,
  0x39, 0x06, 0x15, 0x0a, 0x72, 0xc9, 0x40, 0xa8, 0x88, 0xcf, 0x1c, 0x03,
  0x0b, 0x05, 0xbb, 0x64, 0xc5, 0x10, 0x1f, 0x13, 0x88, 0xf8, 0x8c, 0x18,
  0x14, 0x46, 0x20, 0x4f, 0x42, 0x30, 0x62, 0x50, 0x18, 0xc1, 0x3c, 0x09,
  0x82, 0x09, 0x01, 0x7d, 0x46, 0x0c, 0x0c, 0x23, 0xb0, 0xa7, 0xc0, 0x7d,
  0xda, 0x67, 0x8e, 0x81, 0x86, 0x02, 0x72, 0x1a, 0x64, 0x08, 0x6a, 0x48,
  0x8d, 0x2c, 0x38, 0xe4, 0x63, 0x49, 0x10, 0x9f, 0x11, 0x83, 0xc2, 0x08,
  0xf4, 0x29, 0x08, 0x46, 0x0c, 0x08, 0x23, 0xc0, 0xa7, 0xc0, 0x82, 0x29,
  0x3e, 0x23, 0x06, 0xc4, 0x11, 0xec, 0x53, 0x60, 0x81, 0xfe, 0xc8, 0xc7,
  0x86, 0x20, 0x3e, 0xa6, 0x3f, 0x43, 0x7c, 0x4c, 0x08, 0xe8, 0x33, 0x62,
  0x60, 0x18, 0xc1, 0x48, 0x05, 0xfb, 0xa3, 0x3f, 0xb3, 0x04, 0xd1, 0x40,
  0x05, 0x20, 0x40, 0xf8, 0xf7, 0x0c, 0xb3, 0x0c, 0x71, 0x73, 0x65, 0x92,
  0x2d, 0x4c, 0x18, 0x95, 0x0b, 0xd5, 0x78, 0x43, 0x2a, 0xf1, 0x52, 0x3b,
  0x51, 0x40, 0x2a, 0x68, 0x23, 0x1c, 0x31, 0x20, 0x8c, 0x00, 0xa4, 0x02,
  0x0b, 0xfe, 0x47, 0x3e, 0x73, 0x0c, 0x29, 0x14, 0xdc, 0x53, 0x15, 0xef,
  0x84, 0x15, 0xc4, 0x91, 0x8e, 0x18, 0x10, 0x46, 0x50, 0x52, 0x81, 0x05,
  0x24, 0x24, 0x9f, 0x39, 0x86, 0x22, 0xd0, 0xa7, 0x52, 0xf4, 0x09, 0x2b,
  0xb0, 0x23, 0x1d, 0x31, 0x20, 0x8c, 0x40, 0xa5, 0x02, 0x0b, 0x52, 0x48,
  0x3e, 0x73, 0x0c, 0x45, 0xc0, 0x4f, 0xf5, 0xe8, 0x91, 0x8e, 0x18, 0x10,
  0x46, 0xe0, 0x52, 0x81, 0x05, 0x2d, 0x24, 0x9f, 0x39, 0x06, 0x1c, 0x0a,
  0x4a, 0x6a, 0x90, 0x21, 0xc8, 0xa1, 0x59, 0xb2, 0xc0, 0x90, 0xcf, 0x20,
  0x43, 0xb0, 0x43, 0xbb, 0x34, 0xc7, 0x10, 0x14, 0x22, 0x35, 0xde, 0x10,
  0x4e, 0xf4, 0x84, 0x52, 0x14, 0x8c, 0x0a, 0x4a, 0x09, 0x47, 0x0c, 0x08,
  0x23, 0xc0, 0xa9, 0xc0, 0x82, 0x1b, 0x92, 0xcf, 0x1c, 0x43, 0x18, 0x05,
  0x2f, 0x55, 0xc5, 0x49, 0x61, 0x05, 0xa9, 0xa4, 0x23, 0x06, 0x84, 0x11,
  0xf4, 0x54, 0x60, 0x01, 0x0f, 0xc9, 0x67, 0x8e, 0xa1, 0x08, 0x64, 0xaa,
  0x14, 0x99, 0xc2, 0x0a, 0x5c, 0x49, 0x47, 0x0c, 0x08, 0x23, 0x10, 0xab,
  0xc0, 0x82, 0x30, 0x92, 0xcf, 0x1c, 0x43, 0x11, 0xd0, 0x54, 0x3d, 0xb2,
  0xa4, 0x23, 0x06, 0x84, 0x11, 0x98, 0x55, 0x60, 0x41, 0x19, 0xc9, 0x67,
  0x8e, 0x01, 0x8e, 0x82, 0x9e, 0x1a, 0x64, 0x08, 0xe2, 0x68, 0x9d, 0x2c,
  0x30, 0xe4, 0x33, 0xc8, 0x10, 0xcc, 0xd1, 0x3c, 0xcd, 0x31, 0x04, 0x85,
  0x4e, 0x8d, 0x18, 0x18, 0x46, 0x50, 0x57, 0xf1, 0xd0, 0x46, 0x6c, 0x64,
  0x41, 0x20, 0x1f, 0x13, 0xe2, 0x48, 0x3e, 0x56, 0x47, 0x41, 0x7c, 0x6c,
  0x08, 0xe4, 0x33, 0xc7, 0xb0, 0x4b, 0xc1, 0x59, 0x0d, 0x32, 0x04, 0xbc,
  0xa4, 0x4f, 0x23, 0x06, 0x86, 0x11, 0xcc, 0x15, 0x18, 0x20, 0xc1, 0x78,
  0x43, 0x48, 0xd1, 0xd4, 0x58, 0x51, 0x30, 0x2a, 0x28, 0x27, 0x1c, 0x31,
  0x20, 0x8c, 0x00, 0xaf, 0x02, 0x0b, 0xee, 0x48, 0x3e, 0x73, 0x0c, 0xa1,
  0x14, 0xbc, 0x55, 0x15, 0x67, 0x85, 0x15, 0xa4, 0x93, 0x8e, 0x18, 0x10,
  0x46, 0xd0, 0x57, 0x81, 0x05, 0x7c, 0x24, 0x9f, 0x39, 0x86, 0x22, 0x90,
  0xab, 0x52, 0xe4, 0x0a, 0x2b, 0x70, 0x27, 0x1d, 0x31, 0x20, 0x8c, 0x40,
  0xb4, 0x02, 0x0b, 0x42, 0x49, 0x3e, 0x73, 0x0c, 0x45, 0x40, 0x57, 0xf5,
  0xc8, 0x93, 0x8e, 0x18, 0x10, 0x46, 0x60, 0x5a, 0x81, 0x05, 0xa5, 0x24,
  0x9f, 0x39, 0x06, 0x58, 0x0a, 0xfa, 0x6a, 0x90, 0x21, 0x88, 0xa5, 0x95,
  0xb2, 0xc0, 0x90, 0xcf, 0x20, 0x43, 0x30, 0x4b, 0x33, 0x35, 0xc7, 0x10,
  0x14, 0x7a, 0x65, 0xf2, 0x10, 0x13, 0xf2, 0x99, 0x63, 0xb8, 0xa7, 0x60,
  0xb4, 0x06, 0x19, 0x02, 0x7c, 0xb2, 0xa9, 0x11, 0x03, 0xc3, 0x08, 0x5e,
  0x8b, 0x23, 0x82, 0x39, 0x06, 0x7d, 0xda, 0x09, 0xd3, 0x9a, 0x63, 0xd8,
  0x27, 0xb1, 0x38, 0x2d, 0x13, 0x02, 0xf9, 0x0c, 0x32, 0x04, 0xfd, 0xb4,
  0x53, 0x16, 0x14, 0xf2, 0x99, 0x25, 0xb8, 0xc6, 0x1b, 0xc4, 0xaa, 0xae,
  0x4c, 0x8b, 0x02, 0x52, 0x81, 0x49, 0xe1, 0x88, 0x01, 0x61, 0x04, 0xb9,
  0x15, 0x58, 0x80, 0x4b, 0xf2, 0x99, 0x63, 0x10, 0xa7, 0x00, 0xb6, 0xaa,
  0x40, 0x2d, 0xac, 0x40, 0xa5, 0x74, 0xc4, 0x80, 0x30, 0x02, 0xdf, 0x0a,
  0x2c, 0xe8, 0x25, 0xf9, 0xcc, 0x31, 0x14, 0xc1, 0x6c, 0x95, 0x32, 0x5b,
  0x58, 0xc1, 0x4b, 0xe9, 0x88, 0x01, 0x61, 0x04, 0xe3, 0x15, 0x58, 0x20,
  0x4e, 0xf2, 0x99, 0x63, 0x28, 0x82, 0xda, 0xaa, 0x67, 0xa6, 0x74, 0xc4,
  0x80, 0x30, 0x82, 0xf3, 0x0a, 0x2c, 0x30, 0x27, 0xf9, 0xcc, 0x31, 0xc4,
  0x53, 0xe0, 0x5b, 0x83, 0x0c, 0x81, 0x3c, 0xb1, 0x95, 0x05, 0x86, 0x7c,
  0x06, 0x19, 0x02, 0x7a, 0xa2, 0xab, 0x39, 0x86, 0xa0, 0xd8, 0xad, 0xf1,
  0x06, 0xbd, 0x6a, 0xad, 0xf0, 0xa2, 0x60, 0x54, 0xe0, 0x53, 0x38, 0x62,
  0x40, 0x18, 0x41, 0x7c, 0x05, 0x16, 0xc0, 0x93, 0x7c, 0xe6, 0x18, 0xf4,
  0x29, 0x40, 0xaf, 0x2a, 0xc0, 0x0b, 0x2b, 0x10, 0x2b, 0x1d, 0x31, 0x20,
  0x8c, 0xc0, 0xbe, 0x02, 0x0b, 0xea, 0x49, 0x3e, 0x73, 0x0c, 0x45, 0xb0,
  0x5e, 0xa5, 0xac, 0x17, 0x56, 0x70, 0x56, 0x3a, 0x62, 0x40, 0x18, 0xc1,
  0x7e, 0x05, 0x16, 0xe8, 0x93, 0x7c, 0xe6, 0x18, 0x8a, 0xa0, 0xbd, 0xea,
  0x59, 0x2b, 0x1d, 0x31, 0x20, 0x8c, 0xe0, 0xbf, 0x02, 0x0b, 0xfc, 0x49,
  0x3e, 0x73, 0x0c, 0x29, 0x15, 0xd8, 0xd7, 0x20, 0x43, 0xa0, 0x52, 0xa4,
  0x65, 0x81, 0x21, 0x9f, 0x41, 0x86, 0x80, 0xa5, 0x58, 0x6b, 0x8e, 0x21,
  0x28, 0xe6, 0xcb, 0x06, 0x96, 0x92, 0xcf, 0x20, 0x43, 0xf0, 0x52, 0xaf,
  0x35, 0xc7, 0x10, 0x9c, 0x94, 0x7d, 0xcd, 0x31, 0xc8, 0x55, 0x4b, 0xf8,
  0xd7, 0x20, 0x43, 0x30, 0x57, 0xb1, 0x35, 0x62, 0x60, 0x18, 0x81, 0x8a,
  0x79, 0x43, 0x30, 0xc7, 0x50, 0x57, 0xb0, 0x11, 0x62, 0x83, 0x0c, 0x81,
  0x5d, 0xd1, 0xd6, 0x88, 0x81, 0x61, 0x04, 0x2d, 0x36, 0x24, 0xc1, 0x1c,
  0x03, 0x5e, 0xe5, 0x06, 0x89, 0xcd, 0x31, 0xe4, 0x15, 0x78, 0x94, 0x98,
  0x09, 0x81, 0x7c, 0x06, 0x19, 0x82, 0xbd, 0xca, 0x2d, 0x0b, 0x0a, 0xf9,
  0xcc, 0x12, 0x5c, 0xe3, 0x0d, 0xe0, 0x35, 0x5f, 0x24, 0x46, 0x01, 0xa9,
  0x80, 0xb4, 0x70, 0xc4, 0x80, 0x30, 0x82, 0x1b, 0x0b, 0x2c, 0xb0, 0x29,
  0xf9, 0xcc, 0x31, 0x80, 0x55, 0xe0, 0x62, 0x55, 0x98, 0x18, 0x56, 0x80,
  0x5a, 0x3a, 0x62, 0x40, 0x18, 0x01, 0x8f, 0x05, 0x16, 0xec, 0x94, 0x7c,
  0xe6, 0x18, 0x8a, 0x20, 0xc6, 0x4a, 0x89, 0x31, 0xac, 0xa0, 0xb5, 0x74,
  0xc4, 0x80, 0x30, 0x82, 0x30, 0x0b, 0x2c, 0x00, 0x2b, 0xf9, 0xcc, 0x31,
  0x14, 0xc1, 0x8c, 0xd5, 0x13, 0x5b, 0x3a, 0x62, 0x40, 0x18, 0x41, 0x99,
  0x05, 0x16, 0x90, 0x95, 0x7c, 0xe6, 0x18, 0xde, 0x2a, 0xe0, 0xb1, 0x41,
  0x86, 0x00, 0xae, 0xd4, 0xcb, 0x02, 0x43, 0x3e, 0x83, 0x0c, 0x81, 0x5c,
  0xc9, 0xd7, 0x1c, 0x43, 0x50, 0xe4, 0xd8, 0x78, 0x03, 0x7e, 0xad, 0xd8,
  0x8f, 0x51, 0x30, 0x2a, 0xe0, 0x2d, 0x1c, 0x31, 0x20, 0x8c, 0xe0, 0xcd,
  0x02, 0x0b, 0xdc, 0x4a, 0x3e, 0x73, 0x0c, 0x78, 0x15, 0x98, 0x59, 0x15,
  0x3e, 0x86, 0x15, 0x80, 0x97, 0x8e, 0x18, 0x10, 0x46, 0x40, 0x67, 0x81,
  0x05, 0x73, 0x25, 0x9f, 0x39, 0x86, 0x22, 0x48, 0xb3, 0x52, 0xd2, 0x0c,
  0x2b, 0x28, 0x2f, 0x1d, 0x31, 0x20, 0x8c, 0x20, 0xcf, 0x02, 0x0b, 0xf0,
  0x4a, 0x3e, 0x73, 0x0c, 0x45, 0xb0, 0x66, 0xf5, 0xa4, 0x97, 0x8e, 0x18,
  0x10, 0x46, 0xd0, 0x67, 0x81, 0x05, 0x7c, 0x25, 0x9f, 0x39, 0x86, 0xd3,
  0x0a, 0xe8, 0x6c, 0x90, 0x21, 0x40, 0x2d, 0x11, 0xb3, 0xc0, 0x90, 0xcf,
  0x20, 0x43, 0xa0, 0x5a, 0x2a, 0x36, 0xc7, 0x10, 0x14, 0x71, 0x36, 0x62,
  0x60, 0x18, 0x01, 0xab, 0xa1, 0x08, 0x69, 0x8d, 0x96, 0x05, 0x81, 0x7c,
  0x4c, 0x40, 0x2d, 0xf9, 0x18, 0x6b, 0x05, 0xf1, 0xb1, 0x21, 0x90, 0xcf,
  0x1c, 0x83, 0x7c, 0x05, 0x7e, 0x36, 0xc8, 0x10, 0xcc, 0x57, 0x8c, 0x8d,
  0x18, 0x18, 0x46, 0xa0, 0x6a, 0x60, 0x80, 0x04, 0xe3, 0x0d, 0x38, 0xb6,
  0x66, 0x7a, 0x46, 0xc1, 0xa8, 0x80, 0xbf, 0x70, 0xc4, 0x80, 0x30, 0x82,
  0x57, 0x0b, 0x2c, 0x70, 0x2d, 0xf9, 0xcc, 0x31, 0xe0, 0x56, 0x60, 0x6a,
  0x55, 0xf8, 0x19, 0x56, 0x00, 0x62, 0x3a, 0x62, 0x40, 0x18, 0x01, 0xad,
  0x05, 0x16, 0xcc, 0x96, 0x7c, 0xe6, 0x18, 0x8a, 0x20, 0xd5, 0x4a, 0x49,
  0x35, 0xac, 0xa0, 0xc4, 0x74, 0xc4, 0x80, 0x30, 0x82, 0x5c, 0x0b, 0x2c,
  0xc0, 0x2d, 0xf9, 0xcc, 0x31, 0x14, 0xc1, 0xaa, 0xd5, 0x93, 0x62, 0x3a,
  0x62, 0x40, 0x18, 0x41, 0xaf, 0x05, 0x16, 0xf0, 0x96, 0x7c, 0xe6, 0x18,
  0xce, 0x2b, 0xa0, 0xb5, 0x41, 0x86, 0x00, 0xbd, 0xc4, 0xcc, 0x02, 0x43,
  0x3e, 0x83, 0x0c, 0x81, 0x7a, 0xa9, 0xd9, 0x1c, 0x43, 0x50, 0xc4, 0x9a,
  0xa5, 0x08, 0x9a, 0xc8, 0x67, 0x8e, 0xc1, 0xc5, 0x02, 0x5d, 0x1b, 0x64,
  0x08, 0x5e, 0xac, 0xcd, 0x46, 0x0c, 0x0c, 0x23, 0x30, 0x37, 0x8e, 0x08,
  0xe6, 0x18, 0x62, 0x4c, 0x4e, 0x7a, 0x6d, 0x90, 0x21, 0x90, 0x31, 0x38,
  0x9b, 0x25, 0xb0, 0xc6, 0x1b, 0xec, 0x2c, 0xd5, 0x74, 0x8d, 0x02, 0x52,
  0x81, 0x8e, 0xe1, 0x88, 0x01, 0x61, 0x04, 0xed, 0x16, 0x58, 0xc0, 0x5e,
  0xf2, 0x99, 0x63, 0xb0, 0xaf, 0x80, 0xdc, 0xaa, 0xe0, 0x35, 0xac, 0xc0,
  0xc7, 0x74, 0xc4, 0x80, 0x30, 0x02, 0x79, 0x0b, 0x2c, 0x88, 0x2f, 0xf9,
  0xcc, 0x31, 0x14, 0xc1, 0xb9, 0x95, 0x72, 0x6e, 0x58, 0xc1, 0x98, 0xe9,
  0x88, 0x01, 0x61, 0x04, 0xf7, 0x16, 0x58, 0x60, 0x5f, 0xf2, 0x99, 0x63,
  0x28, 0x82, 0x74, 0xab, 0xe7, 0xcc, 0x74, 0xc4, 0x80, 0x30, 0x82, 0x7d,
  0x0b, 0x2c, 0xd0, 0x2f, 0xf9, 0xcc, 0x31, 0x94, 0x58, 0x20, 0x6f, 0x83,
  0x0c, 0x81, 0x89, 0x81, 0x9a, 0x05, 0x86, 0x7c, 0x06, 0x19, 0x02, 0x14,
  0x43, 0xb5, 0x39, 0x86, 0xa0, 0x78, 0xb7, 0xf1, 0x06, 0x57, 0x0b, 0xb7,
  0x7a, 0xa3, 0x60, 0x54, 0x20, 0x67, 0x38, 0x62, 0x40, 0x18, 0x41, 0xc9,
  0x05, 0x16, 0x90, 0x98, 0x7c, 0xe6, 0x18, 0x5c, 0x2c, 0xe0, 0xb7, 0x2a,
  0xe8, 0x0d, 0x2b, 0xb0, 0x33, 0x1d, 0x31, 0x20, 0x8c, 0x40, 0xe5, 0x02,
  0x0b, 0x52, 0x4c, 0x3e, 0x73, 0x0c, 0x45, 0xf0, 0x6f, 0xa5, 0xfc, 0x1b,
  0x56, 0xb0, 0x67, 0x3a, 0x62, 0x40, 0x18, 0xc1, 0xcb, 0x05, 0x16, 0xb8,
  0x98, 0x7c, 0xe6, 0x18, 0x8a, 0x20, 0xe4, 0xea, 0xf9, 0x33, 0x1d, 0x31,
  0x20, 0x8c, 0x60, 0xe6, 0x02, 0x0b, 0x64, 0x4c, 0x3e, 0x73, 0x0c, 0x3d,
  0x16, 0xa8, 0xdc, 0x20, 0x43, 0xe0, 0x63, 0xb8, 0x66, 0x81, 0x21, 0x9f,
  0x41, 0x86, 0x00, 0xcc, 0xc0, 0x6d, 0x8e, 0x21, 0x28, 0x4e, 0xce, 0x06,
  0x30, 0x93, 0xcf, 0x20, 0x43, 0x30, 0x66, 0xe3, 0x36, 0xc7, 0x10, 0xec,
  0x98, 0xca, 0xcd, 0x31, 0x98, 0x5a, 0x98, 0xc8, 0xdc, 0x20, 0x43, 0x70,
  0x6a, 0xe5, 0x36, 0x62, 0x60, 0x18, 0x81, 0xcf, 0x79, 0x43, 0x30, 0xc7,
  0x90, 0x6a, 0xe4, 0x52, 0x73, 0x83, 0x0c, 0x81, 0xaa, 0xa1, 0xdb, 0x88,
  0x81, 0x61, 0x04, 0x61, 0x37, 0x24, 0xc1, 0x1c, 0x03, 0xab, 0xb5, 0x0b,
  0xce, 0x0d, 0x32, 0x04, 0xad, 0xb6, 0x6e, 0x36, 0x04, 0xf2, 0x99, 0x25,
  0xb0, 0x06, 0x2a, 0x02, 0xa2, 0xd2, 0x07, 0x6a, 0xa0, 0x22, 0x20, 0x2a,
  0x90, 0xa0, 0x6c, 0x6e, 0xd4, 0x4c, 0x3e, 0x16, 0xbc, 0x8d, 0x7c, 0x0c,
  0x6e, 0x48, 0x4d, 0x3e, 0x23, 0x06, 0x85, 0x11, 0x9c, 0x5d, 0x60, 0x6a,
  0x36, 0xf8, 0x19, 0x7c, 0x4c, 0xf8, 0x33, 0xf8, 0x98, 0x10, 0xd0, 0x67,
  0xc4, 0xc0, 0x30, 0x82, 0xbb, 0x0b, 0xde, 0xcc, 0xcd, 0x2c, 0x90, 0x33,
  0xf9, 0x98, 0x9d, 0x05, 0xf1, 0x31, 0xbc, 0x21, 0x35, 0xf8, 0x58, 0xa0,
  0xc4, 0xc7, 0x82, 0x83, 0x3e, 0x23, 0x06, 0x86, 0x11, 0xf4, 0x5d, 0x50,
  0x67, 0x74, 0x66, 0x01, 0x9e, 0xc9, 0xc7, 0xf8, 0x2c, 0x88, 0x8f, 0x0d,
  0x89, 0x7c, 0x2c, 0x08, 0xe4, 0x63, 0x41, 0x22, 0x1f, 0x0b, 0x08, 0xf9,
  0x8c, 0x18, 0x14, 0x46, 0xe0, 0x77, 0x01, 0xae, 0xcd, 0x31, 0x98, 0x5b,
  0x20, 0x77, 0x83, 0x0c, 0xc1, 0xb9, 0x95, 0xdc, 0x88, 0x81, 0x61, 0x04,
  0x7e, 0x87, 0x99, 0x5b, 0x30, 0xc7, 0x90, 0x6e, 0xf7, 0x55, 0x77, 0x73,
  0x0c, 0xea, 0x16, 0x33, 0x76, 0x67, 0x81, 0x20, 0x9f, 0x41, 0x86, 0x80,
  0xdd, 0x54, 0xce, 0x02, 0x4f, 0x3e, 0x16, 0x18, 0xf2, 0x99, 0x25, 0xb8,
  0x06, 0x4a, 0x1a, 0xfe, 0x0e, 0x2c, 0xfe, 0x0e, 0x26, 0xfe, 0x0e, 0x24,
  0xff, 0x0e, 0xa2, 0x81, 0x92, 0x80, 0xb0, 0xd0, 0x65, 0x22, 0x1f, 0xc9,
  0xb7, 0x83, 0x68, 0x96, 0x01, 0xdb, 0x03, 0x61, 0xa0, 0xc2, 0x0d, 0x68,
  0x37, 0x18, 0xc0, 0xed, 0x1a, 0xa8, 0x70, 0x03, 0xdc, 0x0d, 0x06, 0x72,
  0xbb, 0x06, 0x2a, 0x00, 0xf4, 0x0d, 0x06, 0x1c, 0xbb, 0x06, 0x2a, 0x00,
  0xf7, 0x0d, 0x06, 0x7a, 0xbb, 0x06, 0x2a, 0x00, 0xfa, 0x0d, 0x06, 0x7d,
  0xbb, 0x06, 0x2a, 0x00, 0xfd, 0x0d, 0x06, 0x91, 0xbb, 0x06, 0x2a, 0x00,
  0x10, 0x0e, 0x06, 0x94, 0xbb, 0x0c, 0xd6, 0x88, 0xf8, 0xcc, 0x31, 0xe0,
  0x5a, 0x50, 0x7a, 0x73, 0x0c, 0xc1, 0x40, 0x7a, 0xe3, 0x11, 0x3e, 0x17,
  0x77, 0x73, 0x37, 0x73, 0x14, 0x0c, 0x0b, 0x12, 0xf9, 0x8c, 0x47, 0x84,
  0x1d, 0xdd, 0xd9, 0xdd, 0xdc, 0x51, 0x40, 0x2c, 0x50, 0xe4, 0x63, 0x44,
  0x10, 0x9f, 0x39, 0x06, 0x70, 0x0b, 0x5c, 0xcf, 0x08, 0x47, 0x3e, 0x86,
  0x34, 0xf2, 0x31, 0x21, 0x88, 0xcf, 0x1c, 0x03, 0x11, 0xc0, 0xde, 0x20,
  0x83, 0x65, 0x6e, 0x61, 0x37, 0xc8, 0xe0, 0x76, 0x25, 0x27, 0x76, 0x76,
  0x05, 0xf2, 0x19, 0x64, 0x80, 0xbb, 0x93, 0x2b, 0x3b, 0x8b, 0x02, 0xf9,
  0xd8, 0x60, 0xc0, 0xc7, 0x02, 0x01, 0x3e, 0x16, 0x1c, 0xf2, 0x19, 0x64,
  0x08, 0xdc, 0x2d, 0xec, 0x46, 0x0c, 0x0c, 0x23, 0x78, 0xbf, 0x2e, 0xdd,
  0x48, 0x6e, 0xbc, 0x81, 0xee, 0x4e, 0x8f, 0xe7, 0x28, 0x18, 0x16, 0x0c,
  0xf0, 0x19, 0x6f, 0xb8, 0x3b, 0xd5, 0xd3, 0x39, 0x0a, 0xc8, 0x1c, 0x83,
  0xcc, 0x0d, 0xe2, 0x37, 0xc8, 0x10, 0xcc, 0x1c, 0xda, 0xcd, 0x31, 0xd4,
  0x5c, 0x41, 0x7e, 0x83, 0x0c, 0x41, 0xcd, 0xa9, 0xdd, 0x88, 0x01, 0x61,
  0x04, 0xec, 0xb7, 0x58, 0x60, 0xc4, 0xc7, 0x82, 0x02, 0x3e, 0x16, 0x10,
  0xf0, 0x19, 0x43, 0x08, 0xd4, 0x6f, 0x0c, 0x41, 0x48, 0xbf, 0x11, 0x83,
  0xc2, 0x08, 0xe6, 0x4f, 0x08, 0x46, 0x0c, 0x0a, 0x23, 0xd0, 0xbf, 0x00,
  0xdf, 0x46, 0x0c, 0x0a, 0x23, 0xb0, 0xbf, 0x82, 0xe7, 0x46, 0x0c, 0x0a,
  0x23, 0x08, 0xc1, 0x20, 0x08, 0x46, 0x0c, 0x08, 0x23, 0xf8, 0xbf, 0xc0,
  0x88, 0x00, 0x3e, 0x36, 0x05, 0xf1, 0xb1, 0xa0, 0xa2, 0xcf, 0x88, 0x01,
  0x61, 0x04, 0xf7, 0x17, 0x58, 0xf0, 0x6f, 0xf0, 0x31, 0x90, 0x0b, 0xe8,
  0x33, 0x62, 0x60, 0x18, 0x81, 0x0a, 0x06, 0x81, 0xc8, 0x85, 0xdc, 0x1c,
  0x43, 0xda, 0xe5, 0x01, 0xfe, 0x59, 0x30, 0x76, 0xf0, 0x19, 0x64, 0x08,
  0xd4, 0xee, 0xef, 0x2c, 0xd0, 0xe2, 0x63, 0x81, 0x05, 0x9f, 0x31, 0x84,
  0xa0, 0xff, 0xc6, 0x10, 0x04, 0xfe, 0x1b, 0x31, 0x28, 0x8c, 0xc0, 0x04,
  0x03, 0x21, 0x18, 0x31, 0x28, 0x8c, 0xa0, 0x05, 0x83, 0x60, 0xe5, 0x46,
  0x0c, 0x0a, 0x23, 0x48, 0xc1, 0xa0, 0x78, 0xbb, 0x11, 0x83, 0xc2, 0x08,
  0x68, 0x30, 0x08, 0x82, 0x11, 0x03, 0xc2, 0x08, 0x64, 0x30, 0x08, 0x8c,
  0x28, 0x85, 0xf8, 0x58, 0x20, 0xc0, 0x67, 0xc4, 0xc0, 0x30, 0x82, 0x1c,
  0x0c, 0x82, 0x98, 0x83, 0xb9, 0xf1, 0x06, 0xdf, 0x8b, 0xbf, 0x12, 0x0c,
  0x28, 0x18, 0x15, 0x88, 0x1e, 0x8e, 0x18, 0x10, 0x46, 0x50, 0x83, 0x41,
  0x60, 0x01, 0xcd, 0xc9, 0x67, 0x8e, 0xc1, 0xe7, 0x02, 0x16, 0x0c, 0xaa,
  0x20, 0xc1, 0x00, 0x2b, 0x30, 0x3d, 0x1d, 0x31, 0x20, 0x8c, 0x40, 0x07,
  0x83, 0xc0, 0x82, 0x9c, 0x93, 0xcf, 0x1c, 0x43, 0x11, 0xbc, 0x60, 0x50,
  0xca, 0x0b, 0x06, 0x58, 0xc1, 0xea, 0xe9, 0x88, 0x01, 0x61, 0x04, 0x3f,
  0x18, 0x04, 0x16, 0xf8, 0x9c, 0x7c, 0xe6, 0x18, 0x8a, 0x20, 0x06, 0x83,
  0x7a, 0x5e, 0x4f, 0x47, 0x0c, 0x08, 0x23, 0x18, 0xc3, 0x20, 0xb0, 0x40,
  0xec, 0xe4, 0x33, 0xc7, 0xd0, 0x76, 0x81, 0x0e, 0x06, 0x83, 0x0c, 0x81,
  0xdb, 0xa1, 0x9f, 0x05, 0x86, 0x7c, 0x06, 0x19, 0x02, 0xb8, 0x83, 0xbf,
  0x39, 0x86, 0xa0, 0xb8, 0xc1, 0xc0, 0xd2, 0x0e, 0x0d, 0xe2, 0x33, 0xc7,
  0x40, 0x7b, 0x01, 0x18, 0x06, 0x83, 0x0c, 0x41, 0xed, 0xcd, 0x9f, 0x11,
  0x81, 0x7c, 0xe6, 0x18, 0x6e, 0xaf, 0x1b, 0xc3, 0x60, 0x90, 0x21, 0xc0,
  0x3d, 0xfb, 0x1b, 0x31, 0x30, 0x8c, 0xe0, 0x0d, 0x83, 0xdb, 0x1b, 0x82,
  0x59, 0x82, 0x3d, 0x18, 0x6f, 0x70, 0x3b, 0x18, 0x0c, 0xc2, 0x30, 0xa0,
  0x80, 0x8c, 0x21, 0x04, 0x68, 0x18, 0x58, 0x60, 0x77, 0xf2, 0xb1, 0xe0,
  0xef, 0xe0, 0x33, 0x62, 0x40, 0x18, 0xc0, 0x1d, 0x06, 0x81, 0xd9, 0x5d,
  0x10, 0x9f, 0xf1, 0x06, 0x12, 0x0c, 0x6e, 0x30, 0x48, 0x3f, 0x0a, 0x88,
  0x0d, 0x81, 0x7c, 0x46, 0x0c, 0x0a, 0x03, 0xe8, 0xc3, 0x40, 0xef, 0x82,
  0x31, 0x04, 0xe5, 0x0d, 0x83, 0x11, 0x83, 0xc2, 0x00, 0xfe, 0x30, 0xe0,
  0xbb, 0xc0, 0x82, 0x41, 0x3e, 0xe3, 0x0d, 0x2b, 0x18, 0xf8, 0x60, 0xf0,
  0x7e, 0x14, 0x90, 0x0a, 0xe6, 0x30, 0xc0, 0x0a, 0xe0, 0x30, 0xd0, 0xe1,
  0x86, 0x60, 0x0e, 0x03, 0x30, 0x98, 0x65, 0xd0, 0xb6, 0x60, 0xbc, 0x21,
  0xf4, 0xc6, 0x30, 0x90, 0xc3, 0x80, 0x82, 0x32, 0x86, 0x10, 0xe4, 0x61,
  0x30, 0xde, 0x30, 0x83, 0x81, 0x19, 0x06, 0xf9, 0x47, 0xc1, 0xb0, 0x21,
  0x90, 0xcf, 0x78, 0x83, 0x0d, 0x06, 0x69, 0x18, 0xdc, 0x61, 0x40, 0x01,
  0xb1, 0x21, 0x88, 0xcf, 0x78, 0x43, 0x0e, 0x06, 0x6c, 0x18, 0xfc, 0x61,
  0x40, 0x01, 0x19, 0x31, 0x28, 0x0c, 0x40, 0x16, 0x83, 0x21, 0x30, 0x81,
  0xf6, 0xe4, 0x33, 0xc7, 0xc0, 0x08, 0xa4, 0x18, 0x98, 0x00, 0x7e, 0xf0,
  0x99, 0x63, 0xb8, 0xbf, 0xc0, 0x14, 0x03, 0x33, 0x7e, 0x4f, 0x3e, 0x16,
  0xf8, 0x1e, 0x7c, 0xe6, 0x18, 0xf4, 0x2f, 0x48, 0xc5, 0xc0, 0x0c, 0x22,
  0x3e, 0x26, 0x14, 0xf1, 0x19, 0x31, 0x28, 0x0c, 0x00, 0x1c, 0x03, 0x21,
  0x18, 0x31, 0x28, 0x0c, 0x20, 0x1c, 0x03, 0x41, 0x30, 0x21, 0xa0, 0xcf,
  0x88, 0x81, 0x61, 0x00, 0xe4, 0x18, 0x04, 0xbc, 0xb7, 0x7b, 0x73, 0x0c,
  0x22, 0x18, 0x04, 0xb2, 0x18, 0x0c, 0x32, 0x04, 0x23, 0x18, 0xe0, 0x60,
  0x60, 0xc1, 0x21, 0x1f, 0x4b, 0x82, 0xf8, 0x8c, 0x18, 0x14, 0x06, 0x80,
  0x8e, 0x41, 0x10, 0x8c, 0x18, 0x10, 0x06, 0x60, 0x8e, 0x41, 0x60, 0x01,
  0xfb, 0xc1, 0x67, 0xc4, 0x80, 0x38, 0x80, 0x74, 0x0c, 0x02, 0x0b, 0xd0,
  0x4f, 0x3e, 0x36, 0x04, 0xf1, 0x31, 0xf4, 0x1b, 0xe2, 0x63, 0x42, 0x40,
  0x9f, 0x11, 0x03, 0xc3, 0x00, 0xe2, 0x31, 0x08, 0xd2, 0x0f, 0xfd, 0x2c,
  0x60, 0x03, 0xf9, 0xcc, 0x12, 0x6c, 0x03, 0x15, 0x80, 0xa0, 0xe9, 0x42,
  0x36, 0xdc, 0xa0, 0x06, 0xba, 0x18, 0x80, 0xc1, 0x2c, 0x03, 0xd7, 0x05,
  0xe3, 0x0d, 0xea, 0xc7, 0x8a, 0xc1, 0x2e, 0x06, 0x14, 0x94, 0x31, 0x84,
  0x40, 0x1c, 0x03, 0x0b, 0xe8, 0x4f, 0x3e, 0x23, 0x06, 0x84, 0x01, 0xdc,
  0x63, 0x10, 0x58, 0x10, 0x82, 0x81, 0x7c, 0x2c, 0xf8, 0x3f, 0xf8, 0xcc,
  0x31, 0xe0, 0x60, 0x10, 0x9c, 0x63, 0x60, 0xc1, 0x01, 0x9f, 0x11, 0x83,
  0xc2, 0x00, 0xfa, 0x31, 0x40, 0x02, 0xdb, 0xbf, 0x20, 0x3e, 0x16, 0xa0,
  0x60, 0x20, 0x9f, 0x11, 0x03, 0xc3, 0x00, 0x42, 0x32, 0x08, 0xf2, 0x0f,
  0xff, 0x2c, 0xe0, 0x3f, 0xf9, 0x18, 0x08, 0x06, 0x41, 0x7c, 0x6c, 0x18,
  0xe4, 0x63, 0x81, 0x24, 0x1f, 0x0b, 0x06, 0xf9, 0xcc, 0x12, 0x74, 0x03,
  0x15, 0x80, 0xc0, 0xa1, 0xc1, 0x36, 0xde, 0xc0, 0x8a, 0xc1, 0x2f, 0x06,
  0xf3, 0x18, 0x50, 0x30, 0x2a, 0x80, 0xc3, 0x00, 0x47, 0x0c, 0x08, 0x23,
  0x18, 0xc9, 0x20, 0xb0, 0x40, 0x04, 0x03, 0xf9, 0xcc, 0x31, 0xb0, 0x60,
  0x10, 0xe8, 0x63, 0x50, 0x85, 0x3c, 0x06, 0x58, 0x01, 0x1d, 0x06, 0x3a,
  0x62, 0x40, 0x18, 0x01, 0x4a, 0x06, 0x81, 0x05, 0x27, 0x18, 0xc8, 0x67,
  0x8e, 0xa1, 0x08, 0xfa, 0x31, 0x28, 0xa5, 0x1f, 0x03, 0xac, 0x20, 0x0f,
  0x03, 0x1d, 0x31, 0x20, 0x8c, 0xa0, 0x25, 0x83, 0xc0, 0x02, 0x16, 0x0c,
  0xe4, 0x33, 0xc7, 0x50, 0x04, 0xff, 0x18, 0xd4, 0xd3, 0x87, 0x81, 0x8e,
  0x18, 0x10, 0x46, 0x10, 0x93, 0x41, 0x60, 0x01, 0x0c, 0x06, 0xf2, 0x99,
  0x63, 0xd8, 0xc1, 0x20, 0x40, 0xc9, 0x60, 0x90, 0x21, 0xe0, 0xc1, 0xc0,
  0x16, 0x03, 0x0b, 0x0c, 0xf9, 0x0c, 0x32, 0x04, 0x3e, 0x18, 0xf8, 0x62,
  0x30, 0xc7, 0x10, 0x14, 0x25, 0x19, 0xcc, 0x31, 0x84, 0x62, 0x90, 0xb5,
  0x64, 0x30, 0xc7, 0x20, 0x8a, 0x01, 0xec, 0xb9, 0x64, 0x60, 0x42, 0x20,
  0x9f, 0x41, 0x86, 0x80, 0x14, 0x03, 0x71, 0x0c, 0x2c, 0x28, 0xe4, 0x33,
  0x4b, 0xb0, 0x07, 0xe3, 0x11, 0xe9, 0x18, 0xf0, 0x63, 0xe0, 0x8f, 0x01,
  0x3f, 0x06, 0x14, 0x90, 0xf1, 0x88, 0x75, 0x0c, 0xfc, 0x31, 0x00, 0xc9,
  0xa0, 0x17, 0x03, 0x0a, 0x86, 0x05, 0x83, 0x7c, 0xc6, 0x23, 0xdc, 0x31,
  0x08, 0xc9, 0x60, 0x24, 0x83, 0x70, 0x0c, 0x28, 0x18, 0xe3, 0x11, 0xf0,
  0x18, 0x8c, 0x64, 0x50, 0x92, 0x01, 0x39, 0x06, 0x14, 0x10, 0x0b, 0x06,
  0xf9, 0x98, 0x11, 0xc4, 0xc7, 0xce, 0x30, 0x08, 0xe8, 0x63, 0x6a, 0x18,
  0x18, 0xf1, 0x99, 0x63, 0x90, 0xc3, 0x40, 0xf9, 0xc9, 0x60, 0x8e, 0x21,
  0x10, 0x7c, 0x32, 0xb0, 0x36, 0x0c, 0x8e, 0xf8, 0xcc, 0x31, 0xd4, 0x61,
  0x10, 0x88, 0x65, 0x30, 0xc7, 0x10, 0x40, 0x61, 0x19, 0x8c, 0x47, 0xec,
  0x63, 0xe0, 0x92, 0x01, 0x4c, 0x06, 0xf0, 0x18, 0x50, 0x30, 0x2c, 0x60,
  0xe4, 0x33, 0x1e, 0xe1, 0x8f, 0x41, 0x4c, 0x06, 0x33, 0x19, 0xc0, 0x64,
  0x40, 0x01, 0xb1, 0x80, 0x92, 0x8f, 0x11, 0x41, 0x7c, 0xe6, 0x18, 0xfa,
  0x30, 0x08, 0xd6, 0x32, 0x30, 0x82, 0x92, 0x8f, 0x21, 0x9a, 0x7c, 0x4c,
  0x08, 0xe2, 0x33, 0xc7, 0x40, 0x04, 0x6d, 0x19, 0xcc, 0x31, 0x8c, 0x62,
  0x30, 0xc1, 0x65, 0x30, 0xc8, 0x10, 0x90, 0x62, 0xf0, 0x8f, 0xc1, 0x20,
  0x03, 0x4b, 0x06, 0xe3, 0x18, 0x80, 0x64, 0x60, 0x53, 0x20, 0x9f, 0x41,
  0x06, 0x97, 0x0c, 0xca, 0x31, 0x18, 0xc9, 0xc0, 0xa4, 0x40, 0x3e, 0x36,
  0x1c, 0xf0, 0xb1, 0x40, 0x80, 0x8f, 0x05, 0x87, 0x7c, 0x06, 0x19, 0x02,
  0x56, 0x0c, 0xfe, 0x31, 0x18, 0x6f, 0x88, 0xc9, 0x80, 0x2c, 0x83, 0x7a,
  0x0c, 0x28, 0x20, 0x15, 0xe0, 0x63, 0x80, 0x15, 0xd8, 0x65, 0xa0, 0x35,
  0x80, 0x64, 0xa0, 0xc3, 0x0d, 0xc1, 0x5f, 0x06, 0x61, 0x30, 0xdd, 0x60,
  0x8f, 0xc1, 0x2d, 0x06, 0xc1, 0x30, 0xc9, 0x40, 0x7c, 0x17, 0x18, 0x68,
  0x61, 0xc0, 0x89, 0xc1, 0x78, 0x03, 0x4e, 0x06, 0x6b, 0x19, 0xec, 0x63,
  0x40, 0x01, 0x99, 0x25, 0x18, 0x83, 0x31, 0x84, 0x65, 0x34, 0x83, 0x39,
  0x86, 0x7a, 0x0c, 0x02, 0xd2, 0x0c, 0xc6, 0x10, 0x9a, 0xd1, 0x0c, 0x46,
  0x0c, 0x08, 0x23, 0x90, 0xcd, 0x20, 0xb0, 0x59, 0x0c, 0x82, 0xf8, 0xcc,
  0x31, 0x10, 0x81, 0x69, 0x06, 0xe3, 0x0d, 0x60, 0x19, 0xcc, 0x65, 0x30,
  0x92, 0x01, 0x05, 0x64, 0x0c, 0x21, 0x58, 0xcd, 0xc0, 0x02, 0x06, 0x3e,
  0x73, 0x0c, 0xfe, 0x18, 0x04, 0xad, 0x19, 0x8c, 0x21, 0x10, 0xac, 0x19,
  0xd8, 0x2e, 0x06, 0x41, 0x7c, 0xe6, 0x18, 0x86, 0xc0, 0x35, 0x03, 0x4b,
  0x82, 0xf8, 0x8c, 0x18, 0x10, 0x46, 0x60, 0x9b, 0x81, 0x3a, 0x06, 0x23,
  0x06, 0x84, 0x11, 0xe0, 0x66, 0xb0, 0x8e, 0xc1, 0x1c, 0x43, 0x49, 0x06,
  0x02, 0x6d, 0x06, 0x16, 0x8e, 0x81, 0x10, 0x9f, 0x39, 0x06, 0x21, 0xa0,
  0xcd, 0x60, 0x8e, 0x01, 0x25, 0x03, 0xe2, 0x36, 0x83, 0x39, 0x86, 0xc0,
  0xb0, 0xcd, 0x60, 0x90, 0x01, 0x49, 0xc9, 0xc0, 0x27, 0x03, 0x0b, 0x08,
  0xf9, 0x0c, 0x32, 0x28, 0x2c, 0x19, 0x88, 0x65, 0x60, 0x01, 0x21, 0x1f,
  0x1b, 0x02, 0xf8, 0x8c, 0x18, 0x10, 0x46, 0x40, 0x9e, 0x41, 0x60, 0x01,
  0x4b, 0x06, 0xf0, 0x19, 0x43, 0x08, 0xc0, 0x33, 0x18, 0x43, 0x10, 0x7e,
  0x33, 0x18, 0x31, 0x28, 0x8c, 0x20, 0x3d, 0x03, 0x21, 0x18, 0x31, 0x28,
  0x8c, 0x00, 0x3e, 0x83, 0xc0, 0x1d, 0x83, 0x11, 0x83, 0xc2, 0x08, 0xd8,
  0x33, 0x28, 0x64, 0x32, 0x18, 0x31, 0x28, 0x8c, 0xe0, 0x3e, 0x83, 0x20,
  0x18, 0x31, 0x20, 0x8c, 0xa0, 0x3e, 0x83, 0xc0, 0x02, 0x02, 0x3e, 0xb3,
  0x04, 0x63, 0x30, 0xde, 0xf0, 0x97, 0x81, 0x6c, 0x06, 0x62, 0x19, 0x50,
  0x40, 0xc6, 0x10, 0x02, 0xf5, 0x0c, 0x2c, 0x58, 0x03, 0xf8, 0xcc, 0x31,
  0xf4, 0x64, 0x10, 0xb0, 0x67, 0x30, 0x86, 0x40, 0xac, 0x67, 0x60, 0xfa,
  0x18, 0x04, 0xf1, 0x99, 0x63, 0x18, 0x82, 0xf6, 0x0c, 0xec, 0x0e, 0x82,
  0xf8, 0x8c, 0x18, 0x10, 0x46, 0x50, 0x9f, 0x41, 0x4a, 0x06, 0x23, 0x06,
  0x84, 0x11, 0xdc, 0x67, 0xa0, 0x92, 0xc1, 0x1c, 0x03, 0x59, 0x06, 0xc2,
  0x7c, 0x06, 0x06, 0x92, 0x81, 0x10, 0x9f, 0x39, 0x06, 0x21, 0x98, 0xcf,
  0x60, 0x8e, 0xe1, 0x2c, 0x03, 0xc2, 0x3e, 0x83, 0x39, 0x86, 0xc0, 0xa8,
  0xcf, 0x60, 0x90, 0x01, 0x41, 0xcb, 0xa0, 0x2f, 0x03, 0x0b, 0x08, 0xf9,
  0x0c, 0x32, 0x28, 0x6b, 0x19, 0x84, 0x66, 0x60, 0x01, 0x21, 0x1f, 0x1b,
  0x02, 0xf8, 0x8c, 0x18, 0x10, 0x46, 0x30, 0xa2, 0x41, 0x60, 0xc1, 0x5a,
  0x06, 0xf0, 0x19, 0x43, 0x08, 0xfe, 0x33, 0x18, 0x43, 0x10, 0xfc, 0x33,
  0x18, 0x31, 0x28, 0x8c, 0x00, 0x45, 0x03, 0x21, 0x18, 0x31, 0x28, 0x8c,
  0xe0, 0x45, 0x83, 0xa0, 0x25, 0x83, 0x11, 0x83, 0xc2, 0x08, 0x56, 0x34,
  0x28, 0xe2, 0x32, 0x18, 0x31, 0x28, 0x8c, 0xc0, 0x46, 0x83, 0x20, 0x18,
  0x31, 0x20, 0x8c, 0x80, 0x46, 0x83, 0xc0, 0x02, 0x02, 0x3e, 0xb3, 0x04,
  0x63, 0x30, 0x62, 0x50, 0x18, 0x41, 0x8e, 0x06, 0x73, 0x19, 0xcc, 0x65,
  0x30, 0x62, 0x40, 0x18, 0xc1, 0x8d, 0x06, 0xc1, 0x18, 0x42, 0x2c, 0xa4,
  0x68, 0x30, 0xc7, 0xb0, 0x97, 0x41, 0xa0, 0xa2, 0xc1, 0x18, 0xc2, 0x2c,
  0xa4, 0x68, 0x30, 0x62, 0x40, 0x18, 0x01, 0x8e, 0x06, 0x81, 0xe5, 0x64,
  0x10, 0xc4, 0x67, 0x8e, 0x81, 0x08, 0x58, 0x34, 0x18, 0x6f, 0x30, 0xcf,
  0x20, 0x3f, 0x83, 0xd4, 0x0c, 0x28, 0x20, 0x63, 0x08, 0x41, 0x8c, 0x06,
  0x16, 0xc8, 0x02, 0x7c, 0xe6, 0x18, 0x48, 0x33, 0x08, 0x66, 0x34, 0x18,
  0x43, 0x20, 0x64, 0x34, 0xb0, 0x26, 0x88, 0xcf, 0x1c, 0xc3, 0x10, 0xd0,
  0x68, 0x60, 0x49, 0x10, 0x9f, 0x11, 0x03, 0xc2, 0x08, 0x78, 0x34, 0x80,
  0xcb, 0x60, 0xc4, 0x80, 0x30, 0x02, 0x1f, 0x0d, 0xe2, 0x32, 0x98, 0x63,
  0x58, 0xcd, 0x40, 0xd0, 0xd1, 0xc0, 0xce, 0x32, 0x10, 0xe2, 0x33, 0xc7,
  0x20, 0x04, 0x3a, 0x1a, 0xcc, 0x31, 0xb8, 0x66, 0x40, 0xf4, 0x68, 0x30,
  0xc7, 0x10, 0x18, 0x3c, 0x1a, 0x0c, 0x32, 0x20, 0xaf, 0x19, 0x90, 0x67,
  0x60, 0x01, 0x21, 0x9f, 0x41, 0x06, 0x45, 0x36, 0x03, 0xf4, 0x0c, 0x2c,
  0x20, 0xe4, 0x63, 0x43, 0x00, 0x9f, 0x11, 0x03, 0xc2, 0x08, 0xd4, 0x34,
  0x08, 0x2c, 0x70, 0xcd, 0x00, 0x3e, 0x63, 0x08, 0x81, 0x99, 0x06, 0x63,
  0x08, 0x42, 0x99, 0x06, 0x23, 0x06, 0x85, 0x11, 0xbc, 0x69, 0x20, 0x04,
  0x23, 0x06, 0x85, 0x11, 0xd8, 0x69, 0x10, 0xd0, 0x65, 0x30, 0x62, 0x50,
  0x18, 0x81, 0x9c, 0x06, 0x05, 0x6e, 0x06, 0x23, 0x06, 0x85, 0x11, 0xf4,
  0x69, 0x10, 0x04, 0x23, 0x06, 0x84, 0x11, 0xec, 0x69, 0x10, 0x58, 0x40,
  0xc0, 0xc7, 0xb4, 0xf1, 0x0c, 0xe0, 0x63, 0x41, 0x5f, 0x06, 0xf2, 0x19,
  0x43, 0xc8, 0xdc, 0x34, 0xb0, 0x40, 0x88, 0xcf, 0x1c, 0xc3, 0x16, 0xc0,
  0x69, 0x30, 0xc7, 0x40, 0x9e, 0xc1, 0x1a, 0xcc, 0x69, 0x30, 0xc7, 0x10,
  0x14, 0x72, 0x1a, 0x8c, 0x18, 0x10, 0x46, 0xb0, 0xa7, 0xc1, 0x60, 0x81,
  0x10, 0x9f, 0x31, 0x84, 0xe0, 0x4e, 0x83, 0x31, 0x04, 0xc1, 0x4e, 0x83,
  0x11, 0x83, 0xc2, 0x08, 0x40, 0x35, 0x10, 0x82, 0x11, 0x83, 0xc2, 0x08,
  0x4e, 0x35, 0x08, 0x4a, 0x33, 0x18, 0x31, 0x28, 0x8c, 0x60, 0x54, 0x83,
  0x22, 0x3d, 0x83, 0x11, 0x83, 0xc2, 0x08, 0x5c, 0x35, 0x08, 0x82, 0x11,
  0x03, 0xc2, 0x08, 0x58, 0x35, 0x08, 0x2c, 0x20, 0xe0, 0x33, 0x62, 0x50,
  0x18, 0x01, 0xab, 0x06, 0x52, 0x30, 0x4b, 0x30, 0x06, 0x03, 0x25, 0x02,
  0x7f, 0x7c, 0xe0, 0x20, 0x06, 0x6e, 0x11, 0x06, 0xec, 0x01, 0x06, 0x03,
  0x25, 0x00, 0xce, 0x0a, 0x1f, 0x21, 0x06, 0xf6, 0x10, 0x06, 0x74, 0x01,
  0x06, 0xe3, 0x0d, 0x39, 0x1a, 0xb0, 0x69, 0xf0, 0xa7, 0x01, 0x05, 0x64,
  0x8e, 0xa1, 0x3e, 0x83, 0x80, 0x54, 0x83, 0x41, 0x86, 0xa0, 0x3e, 0x03,
  0x15, 0x0d, 0x46, 0x0c, 0x08, 0x23, 0x60, 0xd5, 0xa0, 0x25, 0x4c, 0x38,
  0xe2, 0x63, 0x81, 0x00, 0x9f, 0x31, 0x84, 0x20, 0x55, 0x83, 0x31, 0x04,
  0x01, 0x55, 0x83, 0x11, 0x83, 0xc2, 0x08, 0x64, 0x35, 0x10, 0x82, 0x11,
  0x83, 0xc2, 0x08, 0x72, 0x35, 0x08, 0x6e, 0x33, 0x18, 0x31, 0x28, 0x8c,
  0xa0, 0x56, 0x83, 0x62, 0x3f, 0x83, 0x11, 0x83, 0xc2, 0x08, 0xc0, 0x35,
  0x08, 0x82, 0x11, 0x03, 0xc2, 0x08, 0x7c, 0x35, 0x08, 0x8c, 0x3d, 0x83,
  0x26, 0x3e, 0x16, 0x14, 0xf0, 0xb1, 0x60, 0x80, 0xcf, 0x2c, 0x03, 0x19,
  0x94, 0x01, 0x4d, 0xd8, 0x6f, 0x06, 0x52, 0x7c, 0x46, 0x0c, 0x0a, 0x23,
  0xd8, 0xd5, 0x40, 0x08, 0x66, 0x09, 0xca, 0x60, 0xa0, 0x02, 0x10, 0xc8,
  0xc0, 0x18, 0x83, 0x11, 0x03, 0xe2, 0x08, 0xcc, 0x35, 0xa8, 0x46, 0x0c,
  0x88, 0x23, 0x38, 0xd7, 0x40, 0xb0, 0xc0, 0x3c, 0x03, 0xf9, 0x18, 0x31,
  0x9e, 0x01, 0x7c, 0x46, 0x0c, 0x88, 0x23, 0x50, 0xd7, 0x20, 0xb0, 0x20,
  0x3d, 0x03, 0xf9, 0xd8, 0x41, 0xc4, 0xc7, 0xd2, 0x33, 0x30, 0xe2, 0x63,
  0x42, 0x40, 0x9f, 0x11, 0x03, 0xc3, 0x08, 0xe4, 0x35, 0x08, 0xd4, 0x33,
  0x48, 0xcf, 0xc0, 0x8e, 0x22, 0x3e, 0xd6, 0x9e, 0xc1, 0x11, 0x1f, 0x13,
  0x02, 0xfa, 0x8c, 0x18, 0x18, 0x46, 0x60, 0xaf, 0x41, 0xe0, 0x9e, 0x41,
  0x7b, 0x06, 0xb3, 0x0c, 0x66, 0x70, 0x06, 0x65, 0x31, 0xde, 0xb0, 0xa7,
  0x81, 0xab, 0x06, 0xbf, 0x1a, 0x50, 0x40, 0x2a, 0xf8, 0xd1, 0x00, 0x47,
  0x0c, 0x08, 0x23, 0x90, 0xd7, 0x20, 0xb0, 0x20, 0x3e, 0x03, 0xf9, 0xcc,
  0x31, 0xec, 0x67, 0x10, 0xa4, 0x6b, 0x50, 0x45, 0xb8, 0x06, 0x58, 0xc1,
  0x98, 0x06, 0x3a, 0x62, 0x40, 0x18, 0xc1, 0xbd, 0x06, 0x81, 0x05, 0xf6,
  0x19, 0xc8, 0x67, 0x8e, 0xa1, 0x08, 0xd8, 0x35, 0x28, 0x85, 0x5d, 0x03,
  0xac, 0x00, 0x4d, 0x03, 0x1d, 0x31, 0x20, 0x8c, 0x80, 0x5f, 0x83, 0xc0,
  0x82, 0xfd, 0x0c, 0xe4, 0x33, 0xc7, 0x50, 0x04, 0xee, 0x1a, 0xd4, 0xc3,
  0xa6, 0x81, 0x8e, 0x18, 0x10, 0x46, 0x00, 0xb2, 0x41, 0x60, 0xc1, 0x7f,
  0x06, 0xf2, 0x99, 0x63, 0x50, 0xd1, 0x20, 0xb8, 0xd7, 0x60, 0x90, 0x21,
  0x58, 0xd1, 0xa0, 0x54, 0x03, 0x0b, 0x0c, 0xf9, 0x0c, 0x32, 0x04, 0x2d,
  0x1a, 0xb4, 0x6a, 0x30, 0xc7, 0x10, 0x14, 0xf4, 0x1a, 0x8c, 0x37, 0xcc,
  0x6a, 0x60, 0xae, 0x81, 0xbe, 0x06, 0x14, 0x8c, 0x0a, 0xee, 0x34, 0xc0,
  0x11, 0x03, 0xc2, 0x08, 0x54, 0x36, 0x08, 0x2c, 0x48, 0xd1, 0x40, 0x3e,
  0x73, 0x0c, 0x33, 0x1a, 0x04, 0x21, 0x1b, 0x54, 0x91, 0xaf, 0x01, 0x56,
  0xb0, 0xa7, 0x81, 0x8e, 0x18, 0x10, 0x46, 0xf0, 0xb2, 0x41, 0x60, 0x81,
  0x8b, 0x06, 0xf2, 0x99, 0x63, 0x28, 0x02, 0x92, 0x0d, 0x4a, 0x21, 0xd9,
  0x00, 0x2b, 0x00, 0xd5, 0x40, 0x47, 0x0c, 0x08, 0x23, 0xa0, 0xd9, 0x20,
  0xb0, 0x60, 0x46, 0x03, 0xf9, 0xcc, 0x31, 0x14, 0x81, 0xc9, 0x06, 0xf5,
  0x90, 0x6a, 0xa0, 0x23, 0x06, 0x84, 0x11, 0xe0, 0x6c, 0x10, 0x58, 0x70,
  0xa3, 0x81, 0x7c, 0xe6, 0x18, 0xc4, 0x34, 0x08, 0x5e, 0x36, 0x18, 0x64,
  0x08, 0xc6, 0x34, 0xe8, 0xd5, 0xc0, 0x02, 0x43, 0x3e, 0x83, 0x0c, 0x41,
  0x99, 0x06, 0xe5, 0x1a, 0xcc, 0x31, 0x04, 0x05, 0xcb, 0x06, 0x73, 0x0c,
  0xa8, 0x1a, 0xc4, 0x01, 0xcd, 0x06, 0x83, 0x0c, 0x41, 0xaa, 0x06, 0xe7,
  0x1a, 0x8c, 0x18, 0x18, 0x46, 0x00, 0xb6, 0xc1, 0x36, 0x04, 0xb3, 0x04,
  0x68, 0x60, 0xa1, 0x50, 0xa6, 0x81, 0x7c, 0xec, 0x16, 0x82, 0xf8, 0x58,
  0x99, 0x06, 0xa3, 0x10, 0x1f, 0x13, 0x02, 0xfa, 0x8c, 0x18, 0x18, 0x46,
  0xe0, 0xb6, 0x41, 0x60, 0xa6, 0x41, 0x99, 0x06, 0xe3, 0x0d, 0xf3, 0x1a,
  0x98, 0x6c, 0x70, 0xb3, 0x01, 0x05, 0xa4, 0x82, 0x5b, 0x0d, 0x70, 0xc4,
  0x80, 0x30, 0x02, 0xb5, 0x0d, 0x02, 0x0b, 0xd2, 0x34, 0x90, 0xcf, 0x1c,
  0xc3, 0x9c, 0x06, 0x41, 0xd8, 0x06, 0x55, 0xe4, 0x6c, 0x80, 0x15, 0xec,
  0x6a, 0xa0, 0x23, 0x06, 0x84, 0x11, 0xbc, 0x6d, 0x10, 0x58, 0xe0, 0xa6,
  0x81, 0x7c, 0xe6, 0x18, 0x8a, 0x80, 0x6c, 0x83, 0x52, 0xc8, 0x36, 0xc0,
  0x0a, 0xc0, 0x35, 0xd0, 0x11, 0x03, 0xc2, 0x08, 0xe8, 0x36, 0x08, 0x2c,
  0x98, 0xd3, 0x40, 0x3e, 0x73, 0x0c, 0x45, 0x60, 0xb6, 0x41, 0x3d, 0xe4,
  0x1a, 0xe8, 0x88, 0x01, 0x61, 0x04, 0x78, 0x1b, 0x04, 0x16, 0xdc, 0x69,
  0x20, 0x9f, 0x39, 0x06, 0x51, 0x0d, 0x82, 0xb7, 0x0d, 0x06, 0x19, 0x82,
  0x51, 0x0d, 0xfa, 0x35, 0xb0, 0xc0, 0x90, 0xcf, 0x20, 0x43, 0x50, 0xaa,
  0x41, 0xc9, 0x06, 0x73, 0x0c, 0x41, 0xc1, 0xb6, 0xc1, 0x78, 0xc3, 0xca,
  0x06, 0x3e, 0x1b, 0xc8, 0x6d, 0x40, 0xc1, 0xa8, 0xe0, 0x5d, 0x03, 0x1c,
  0x31, 0x20, 0x8c, 0x40, 0x74, 0x83, 0xc0, 0x82, 0x50, 0x0d, 0xe4, 0x33,
  0xc7, 0xb0, 0xaa, 0x41, 0x90, 0xb7, 0x41, 0x15, 0x71, 0x1b, 0x60, 0x05,
  0xf3, 0x1a, 0xe8, 0x88, 0x01, 0x61, 0x04, 0xa7, 0x1b, 0x04, 0x16, 0x98,
  0x6a, 0x20, 0x9f, 0x39, 0x86, 0x22, 0xe0, 0xdb, 0xa0, 0x14, 0xbe, 0x0d,
  0xb0, 0x02, 0x7c, 0x0d, 0x74, 0xc4, 0x80, 0x30, 0x02, 0xd6, 0x0d, 0x02,
  0x0b, 0x56, 0x35, 0x90, 0xcf, 0x1c, 0x43, 0x11, 0xf8, 0x6d, 0x50, 0x0f,
  0xbf, 0x06, 0x3a, 0x62, 0x40, 0x18, 0x01, 0xec, 0x06, 0x81, 0x05, 0xaf,
  0x1a, 0xc8, 0x67, 0x8e, 0x41, 0x57, 0x83, 0xe0, 0x74, 0x83, 0x41, 0x86,
  0x60, 0x57, 0x83, 0x9a, 0x0d, 0x2c, 0x30, 0xe4, 0x33, 0xc8, 0x10, 0xf4,
  0x6a, 0xd0, 0xb3, 0xc1, 0x1c, 0x43, 0x50, 0x90, 0x6e, 0x30, 0xde, 0x30,
  0xb6, 0x81, 0xdd, 0x06, 0xa5, 0x1b, 0x50, 0x30, 0x2a, 0x38, 0xd9, 0x00,
  0x47, 0x0c, 0x08, 0x23, 0xd0, 0xdd, 0x20, 0xb0, 0x20, 0x57, 0x03, 0xf9,
  0xcc, 0x31, 0x8c, 0x6b, 0x10, 0xc4, 0x6e, 0x50, 0x45, 0xea, 0x06, 0x58,
  0xc1, 0xca, 0x06, 0x3a, 0x62, 0x40, 0x18, 0xc1, 0xef, 0x06, 0x81, 0x05,
  0xbe, 0x1a, 0xc8, 0x67, 0x8e, 0xa1, 0x08, 0x68, 0x37, 0x28, 0x85, 0x76,
  0x03, 0xac, 0x00, 0x66, 0x03, 0x1d, 0x31, 0x20, 0x8c, 0x80, 0x7c, 0x83,
  0xc0, 0x82, 0x71, 0x0d, 0xe4, 0x33, 0xc7, 0x50, 0x04, 0xb6, 0x1b, 0xd4,
  0x43, 0xb3, 0x81, 0x8e, 0x18, 0x10, 0x46, 0x80, 0xbe, 0x41, 0x60, 0xc1,
  0xb9, 0x06, 0xf2, 0x99, 0x63, 0x90, 0xd7, 0x20, 0xf8, 0xdd, 0x60, 0x90,
  0x21, 0x98, 0xd7, 0xa0, 0x6d, 0x03, 0x0b, 0x0c, 0xf9, 0x0c, 0x32, 0x04,
  0xf5, 0x1a, 0xd4, 0x6d, 0x30, 0xc7, 0x10, 0x14, 0xbc, 0x1b, 0xcc, 0x31,
  0xe0, 0x6c, 0x90, 0x0a, 0xe4, 0x1b, 0x0c, 0x32, 0x04, 0x39, 0x1b, 0xdc,
  0x6d, 0x30, 0x62, 0x60, 0x18, 0x01, 0xfc, 0x06, 0xdb, 0x10, 0xcc, 0x31,
  0xec, 0x6c, 0x40, 0x12, 0xe7, 0x1b, 0x0c, 0x32, 0x04, 0x3c, 0x1b, 0xe8,
  0x6d, 0x30, 0x62, 0x60, 0x18, 0xc1, 0xfc, 0x06, 0x76, 0x30, 0x04, 0xb3,
  0x04, 0x68, 0x30, 0x50, 0x11, 0xa0, 0x85, 0x19, 0x08, 0x67, 0x30, 0xc7,
  0xf0, 0xb3, 0x01, 0x4b, 0xac, 0x6f, 0x30, 0xc7, 0x00, 0xb6, 0x81, 0x9b,
  0x06, 0xec, 0x1b, 0x98, 0x10, 0xc8, 0x67, 0x90, 0x21, 0x10, 0xdb, 0x00,
  0x74, 0x03, 0x0b, 0x0a, 0xf9, 0xcc, 0x12, 0xec, 0xc1, 0x78, 0x03, 0xbe,
  0x06, 0xba, 0x1b, 0xac, 0x6f, 0x40, 0x01, 0x19, 0x43, 0x08, 0xe4, 0x37,
  0xb0, 0x00, 0x64, 0x03, 0xf9, 0x58, 0x90, 0xb2, 0x01, 0x7c, 0x46, 0x0c,
  0x08, 0x03, 0x08, 0xe1, 0x20, 0x30, 0x90, 0x0d, 0x82, 0xf8, 0x8c, 0x37,
  0xb8, 0x6e, 0x10, 0xbe, 0xc1, 0xdc, 0x06, 0x14, 0x10, 0x1b, 0x02, 0xf9,
  0x8c, 0x18, 0x14, 0x06, 0x70, 0xc2, 0x01, 0xc9, 0x06, 0xc1, 0x18, 0x82,
  0x92, 0xbf, 0xc1, 0x88, 0x41, 0x61, 0x00, 0x29, 0x1c, 0x98, 0x6c, 0x10,
  0x58, 0x30, 0xc8, 0x67, 0xbc, 0xa1, 0x76, 0x03, 0xf4, 0x0d, 0xf2, 0x36,
  0xa0, 0x80, 0x54, 0xd0, 0xbf, 0x01, 0x56, 0xa0, 0xbf, 0x81, 0x0e, 0x37,
  0x04, 0xfd, 0x1b, 0x80, 0xc1, 0x2c, 0x83, 0x1a, 0xac, 0x41, 0x30, 0xde,
  0xb0, 0xb2, 0x41, 0xfb, 0x06, 0xfc, 0x1b, 0x50, 0x50, 0xc6, 0x10, 0x82,
  0x11, 0x0e, 0xc6, 0x1b, 0x7a, 0x37, 0x80, 0xdf, 0x60, 0x74, 0x03, 0x0a,
  0x86, 0x0d, 0x81, 0x7c, 0xc6, 0x1b, 0xc0, 0x37, 0x98, 0xdf, 0x20, 0x84,
  0x03, 0x0a, 0x88, 0x0d, 0x41, 0x7c, 0xc6, 0x1b, 0xc6, 0x37, 0xb0, 0xdf,
  0x20, 0x85, 0x03, 0x0a, 0xc8, 0x88, 0x41, 0x61, 0x00, 0x3c, 0x1c, 0x0c,
  0x81, 0x09, 0x3e, 0x1b, 0xc8, 0x67, 0x8e, 0x81, 0x11, 0x5c, 0x38, 0x30,
  0x41, 0x6d, 0x03, 0xf8, 0xcc, 0x31, 0x84, 0x6e, 0x10, 0xc0, 0x70, 0x60,
  0x46, 0xda, 0x06, 0xf2, 0xb1, 0x00, 0x6d, 0x03, 0xf8, 0xcc, 0x31, 0x90,
  0x6e, 0x10, 0xcc, 0x70, 0x60, 0x06, 0x11, 0x1f, 0x13, 0x8a, 0xf8, 0x8c,
  0x18, 0x14, 0x06, 0xa0, 0xc6, 0x81, 0x10, 0x8c, 0x18, 0x14, 0x06, 0xb0,
  0xc6, 0x81, 0x20, 0x98, 0x10, 0xd0, 0x67, 0xc4, 0xc0, 0x30, 0x00, 0x37,
  0x0e, 0x02, 0xb3, 0x0d, 0xca, 0x36, 0x98, 0x63, 0x60, 0xdd, 0x20, 0xe0,
  0xe1, 0x60, 0x90, 0x21, 0x68, 0xdd, 0x40, 0x7c, 0x03, 0x0b, 0x0e, 0xf9,
  0x58, 0x12, 0xc4, 0x67, 0xc4, 0xa0, 0x30, 0x00, 0x39, 0x0e, 0x82, 0x60,
  0xc4, 0x80, 0x30, 0x00, 0x38, 0x0e, 0x02, 0x0b, 0xec, 0x36, 0x80, 0xcf,
  0x88, 0x01, 0x71, 0x00, 0x73, 0x1c, 0x04, 0x16, 0xc8, 0x6d, 0x20, 0x1f,
  0x1b, 0x82, 0xf8, 0x98, 0xdc, 0x06, 0x43, 0x7c, 0x4c, 0x08, 0xe8, 0x33,
  0x62, 0x60, 0x18, 0xc0, 0x1e, 0x07, 0xc1, 0xdc, 0x06, 0x72, 0x1b, 0x58,
  0xc0, 0x06, 0xf2, 0x99, 0x25, 0x58, 0x83, 0x81, 0x0a, 0x40, 0x50, 0x03,
  0x5d, 0x48, 0x83, 0xe1, 0x06, 0x35, 0x20, 0xe3, 0x00, 0x0c, 0x66, 0x19,
  0xd8, 0xa0, 0x0d, 0x82, 0xf1, 0x06, 0xba, 0x0d, 0x6c, 0x38, 0x28, 0xe3,
  0x80, 0x82, 0x32, 0x86, 0x10, 0xb0, 0x71, 0x60, 0x81, 0xdf, 0x06, 0xf2,
  0x19, 0x31, 0x20, 0x0c, 0x20, 0x94, 0x83, 0xc0, 0x82, 0xd5, 0x0d, 0xe4,
  0x63, 0x41, 0xea, 0x06, 0xf0, 0x99, 0x63, 0x10, 0xdf, 0x20, 0x88, 0xe3,
  0xc0, 0x82, 0x03, 0x3e, 0x23, 0x06, 0x85, 0x01, 0x9c, 0x72, 0x80, 0x04,
  0x56, 0xba, 0x41, 0x10, 0x1f, 0x0b, 0x64, 0x37, 0x90, 0xcf, 0x88, 0x81,
  0x61, 0x00, 0xab, 0x1c, 0x04, 0xa3, 0x1b, 0x88, 0x6e, 0x60, 0x81, 0xe9,
  0x06, 0xf2, 0x31, 0xd5, 0x0d, 0x82, 0xf8, 0xd8, 0x30, 0xc8, 0xc7, 0x02,
  0x49, 0x3e, 0x16, 0x0c, 0xf2, 0x99, 0x25, 0x68, 0x83, 0x81, 0x0a, 0x40,
  0x60, 0x03, 0x34, 0x58, 0x83, 0xf1, 0x08, 0x1b, 0x0e, 0xd2, 0x38, 0x58,
  0xe3, 0x20, 0x8d, 0x03, 0x0a, 0xc8, 0x78, 0x04, 0x0e, 0x07, 0x6b, 0x1c,
  0xb4, 0x71, 0xa0, 0xc2, 0x01, 0x05, 0xc3, 0x82, 0x41, 0x3e, 0xe3, 0x11,
  0x3b, 0x1c, 0xb8, 0x71, 0x00, 0xc7, 0x81, 0x0b, 0x07, 0x14, 0x8c, 0xf1,
  0x88, 0x1e, 0x0e, 0xe0, 0x38, 0x90, 0xe3, 0x20, 0x86, 0x03, 0x0a, 0x88,
  0x05, 0x83, 0x7c, 0xcc, 0x08, 0xe2, 0x63, 0xb4, 0x1b, 0x04, 0xf4, 0xb1,
  0xdb, 0x0d, 0x8c, 0xf8, 0xcc, 0x31, 0xfc, 0x6e, 0xa0, 0xb0, 0x72, 0x30,
  0xc7, 0x10, 0x08, 0xab, 0x1c, 0x98, 0xee, 0x06, 0x47, 0x7c, 0xe6, 0x18,
  0xc4, 0x37, 0x08, 0x5e, 0x39, 0x98, 0x63, 0x08, 0x20, 0x57, 0x0e, 0xc6,
  0x23, 0xd0, 0x38, 0xd8, 0xe3, 0xa0, 0x8f, 0x83, 0x1e, 0x0e, 0x28, 0x18,
  0x16, 0x30, 0xf2, 0x19, 0x8f, 0x58, 0xe3, 0xc0, 0x8f, 0x03, 0x50, 0x0e,
  0xfa, 0x38, 0xa0, 0x80, 0x58, 0x40, 0xc9, 0xc7, 0x88, 0x20, 0x3e, 0x73,
  0x0c, 0xea, 0x1b, 0x04, 0xb8, 0x1c, 0x18, 0x41, 0xc9, 0xc7, 0x10, 0x4d,
  0x3e, 0x26, 0x04, 0xf1, 0x99, 0x63, 0x20, 0x02, 0x5d, 0x0e, 0xe6, 0x18,
  0xe0, 0x37, 0x98, 0x7a, 0x39, 0x18, 0x64, 0x08, 0xe2, 0x37, 0x60, 0xe3,
  0x60, 0x90, 0x21, 0x8f, 0x03, 0x18, 0x0e, 0xda, 0x38, 0xb0, 0x29, 0x90,
  0xcf, 0x20, 0xc3, 0x1e, 0x07, 0x32, 0x1c, 0xc0, 0x71, 0x60, 0x52, 0x20,
  0x1f, 0x1b, 0x0e, 0xf8, 0x58, 0x20, 0xc0, 0xc7, 0x82, 0x43, 0x3e, 0x83,
  0x0c, 0x41, 0xfe, 0x06, 0x6c, 0x1c, 0x8c, 0x37, 0xf8, 0x71, 0x10, 0xcb,
  0x81, 0x19, 0x07, 0x14, 0x0c, 0x0b, 0xee, 0x37, 0x90, 0xcf, 0x78, 0x43,
  0x28, 0x07, 0xb4, 0x1c, 0x90, 0x71, 0x40, 0x01, 0x19, 0x6f, 0x18, 0xe5,
  0xc0, 0x96, 0x83, 0x74, 0x0e, 0x28, 0x20, 0x73, 0x0c, 0x3f, 0x1c, 0x04,
  0xee, 0x1c, 0x0c, 0x32, 0x04, 0x3f, 0x1c, 0xd0, 0x71, 0x30, 0x62, 0x40,
  0x18, 0x81, 0x3d, 0x07, 0x8a, 0x09, 0x46, 0x7c, 0x2c, 0x10, 0xe0, 0x33,
  0x86, 0x10, 0xcc, 0x73, 0x30, 0x86, 0x20, 0xc8, 0x73, 0x30, 0x62, 0x50,
  0x18, 0x01, 0x3f, 0x07, 0x42, 0x30, 0x62, 0x50, 0x18, 0xc1, 0x48, 0x07,
  0x41, 0x08, 0x07, 0x23, 0x06, 0x85, 0x11, 0xfc, 0x73, 0x50, 0x94, 0x71,
  0x30, 0x62, 0x50, 0x18, 0x81, 0x4a, 0x07, 0x41, 0x30, 0x62, 0x40, 0x18,
  0x01, 0x4a, 0x07, 0x81, 0x45, 0x4d, 0x7c, 0x2c, 0x28, 0xe0, 0x63, 0xc1,
  0x00, 0x1f, 0x0b, 0x2a, 0xfa, 0x8c, 0x18, 0x10, 0x46, 0x70, 0xd2, 0x41,
  0x30, 0xde, 0x60, 0xcb, 0x41, 0x3a, 0x07, 0xfd, 0x1c, 0x50, 0x30, 0x2a,
  0xd0, 0xe3, 0x00, 0x47, 0x0c, 0x08, 0x23, 0x68, 0xe9, 0x20, 0xb0, 0x80,
  0x85, 0x03, 0xf9, 0xcc, 0x31, 0xd8, 0x70, 0x10, 0x90, 0x74, 0x50, 0x05,
  0x3f, 0x07, 0x58, 0x81, 0x1f, 0x07, 0x3a, 0x62, 0x40, 0x18, 0x81, 0x4c,
  0x07, 0x81, 0x05, 0x31, 0x1c, 0xc8, 0x67, 0x8e, 0xa1, 0x08, 0x4e, 0x3a,
  0x28, 0xe5, 0xa4, 0x03, 0xac, 0x60, 0x94, 0x03, 0x1d, 0x31, 0x20, 0x8c,
  0xe0, 0xa6, 0x83, 0xc0, 0x02, 0x1b, 0x0e, 0xe4, 0x33, 0xc7, 0x50, 0x04,
  0x29, 0x1d, 0xd4, 0x73, 0xca, 0x81, 0x8e, 0x18, 0x10, 0x46, 0xb0, 0xd3,
  0x41, 0x60, 0x81, 0x0e, 0x07, 0xf2, 0x99, 0x63, 0x28, 0xe3, 0x20, 0x90,
  0xe9, 0x60, 0x90, 0x21, 0x30, 0xe3, 0x00, 0x9c, 0x03, 0x0b, 0x0c, 0xf9,
  0x0c, 0x32, 0x04, 0x68, 0x1c, 0xa0, 0x73, 0x30, 0xc7, 0x10, 0x14, 0x2f,
  0x1d, 0x8c, 0x37, 0xb8, 0x73, 0x10, 0xd2, 0x81, 0x4c, 0x07, 0x14, 0x90,
  0x0a, 0x64, 0x39, 0xc0, 0x11, 0x03, 0xc2, 0x08, 0xca, 0x3a, 0x08, 0x2c,
  0x20, 0xe3, 0x40, 0x3e, 0x73, 0x0c, 0x6e, 0x1c, 0x04, 0x3c, 0x1d, 0x54,
  0x41, 0xd3, 0x01, 0x56, 0x60, 0xcb, 0x81, 0x8e, 0x18, 0x10, 0x46, 0xa0,
  0xd6, 0x41, 0x60, 0x41, 0x1a, 0x07, 0xf2, 0x99, 0x63, 0x28, 0x82, 0x9f,
  0x0e, 0x4a, 0xf9, 0xe9, 0x00, 0x2b, 0xd8, 0xe5, 0x40, 0x47, 0x0c, 0x08,
  0x23, 0x78, 0xeb, 0x20, 0xb0, 0xc0, 0x8d, 0x03, 0xf9, 0xcc, 0x31, 0x14,
  0x41, 0x58, 0x07, 0xf5, 0xfc, 0x72, 0xa0, 0x23, 0x06, 0x84, 0x11, 0xcc,
  0x75, 0x10, 0x58, 0x20, 0xc7, 0x81, 0x7c, 0xe6, 0x18, 0xfa, 0x38, 0x08,
  0xd4, 0x3a, 0x18, 0x64, 0x08, 0xfc, 0x38, 0xc0, 0xe7, 0xc0, 0x02, 0x43,
  0x3e, 0x83, 0x0c, 0x01, 0x28, 0x07, 0x20, 0x1d, 0xcc, 0x31, 0x04, 0xc5,
  0x59, 0x07, 0x73, 0x0c, 0xe3, 0x1c, 0xc4, 0xc1, 0x5b, 0x07, 0x83, 0x0c,
  0x01, 0x39, 0x07, 0x22, 0x1d, 0x8c, 0x18, 0x18, 0x46, 0xb0, 0xd7, 0xc1,
  0x36, 0x04, 0x73, 0x0c, 0xe6, 0x1c, 0xd0, 0x6f, 0x20, 0xd7, 0xc1, 0x1c,
  0xc3, 0x39, 0x07, 0xf5, 0x30, 0xd7, 0x81, 0x05, 0x82, 0x7c, 0x06, 0x19,
  0x82, 0x74, 0x0e, 0x4e, 0x3a, 0xb0, 0xa0, 0x90, 0xcf, 0x2c, 0xc1, 0x1e,
  0x8c, 0x37, 0xfc, 0x71, 0x10, 0xd6, 0x81, 0x5c, 0x07, 0x14, 0x90, 0x31,
  0x84, 0x20, 0xaf, 0x03, 0x0b, 0x4e, 0x39, 0x90, 0x8f, 0x05, 0xb0, 0x1c,
  0xc0, 0x67, 0xc4, 0x80, 0x30, 0x00, 0xd4, 0x0e, 0x02, 0x3b, 0xe5, 0x20,
  0x88, 0xcf, 0x78, 0x43, 0x4d, 0x07, 0x68, 0x1d, 0xe8, 0x73, 0x40, 0x01,
  0xb1, 0x21, 0x90, 0xcf, 0x88, 0x41, 0x61, 0x00, 0xae, 0x1d, 0xac, 0x72,
  0x10, 0x8c, 0x21, 0x28, 0xa0, 0x1d, 0x8c, 0x18, 0x14, 0x06, 0x00, 0xdb,
  0x41, 0x2b, 0x07, 0x81, 0x05, 0x83, 0x7c, 0xc6, 0x1b, 0x78, 0x3a, 0x78,
  0xeb, 0x00, 0xa4, 0x03, 0x0a, 0x48, 0x05, 0xa4, 0x1d, 0x60, 0x05, 0xa1,
  0x1d, 0xe8, 0x70, 0x43, 0x40, 0xda, 0x01, 0x18, 0xcc, 0x32, 0xbc, 0x01,
  0x1c, 0x04, 0xe3, 0x0d, 0xb2, 0x1c, 0xd0, 0x75, 0x30, 0xda, 0x01, 0x05,
  0x65, 0x0c, 0x21, 0x50, 0xed, 0x60, 0xbc, 0x81, 0xac, 0x83, 0xbb, 0x0e,
  0x54, 0x3a, 0xa0, 0x60, 0xd8, 0x10, 0xc8, 0x67, 0xbc, 0xe1, 0xac, 0x03,
  0xbd, 0x0e, 0x50, 0x3b, 0xa0, 0x80, 0xd8, 0x10, 0xc4, 0x67, 0xbc, 0x41,
  0xad, 0x83, 0xbe, 0x0e, 0x60, 0x3b, 0xa0, 0x80, 0x8c, 0x18, 0x14, 0x06,
  0x30, 0xde, 0xc1, 0x10, 0x98, 0x50, 0xce, 0x81, 0x7c, 0xe6, 0x18, 0x18,
  0xa1, 0xb6, 0x03, 0x13, 0xe2, 0x39, 0x80, 0xcf, 0x1c, 0x03, 0x4a, 0x07,
  0xc1, 0x6d, 0x07, 0x66, 0xc0, 0x73, 0x20, 0x1f, 0x0b, 0xde, 0x39, 0x80,
  0xcf, 0x1c, 0xc3, 0x4a, 0x07, 0x81, 0x6e, 0x07, 0x66, 0x10, 0xf1, 0x31,
  0xa1, 0x88, 0xcf, 0x88, 0x41, 0x61, 0x00, 0xf1, 0x1d, 0x08, 0xc1, 0x88,
  0x41, 0x61, 0x00, 0xf2, 0x1d, 0x08, 0x82, 0x09, 0x01, 0x7d, 0x46, 0x0c,
  0x0c, 0x03, 0xa8, 0xef, 0x20, 0x68, 0xe7, 0x80, 0x9d, 0x83, 0x39, 0x86,
  0x99, 0x0e, 0x82, 0xf1, 0x0e, 0x06, 0x19, 0x02, 0x9a, 0x0e, 0xd2, 0x3a,
  0xb0, 0xe0, 0x90, 0x8f, 0x25, 0x41, 0x7c, 0x46, 0x0c, 0x0a, 0x03, 0xc8,
  0xef, 0x20, 0x08, 0x46, 0x0c, 0x08, 0x03, 0xb8, 0xef, 0x20, 0xb0, 0xa0,
  0x9f, 0x03, 0xf8, 0x8c, 0x18, 0x10, 0x07, 0xa0, 0xdf, 0x41, 0x60, 0x41,
  0x3e, 0x07, 0xf2, 0xb1, 0x21, 0x88, 0x8f, 0xe5, 0x73, 0x30, 0xc4, 0xc7,
  0x84, 0x80, 0x3e, 0x23, 0x06, 0x86, 0x01, 0x88, 0x78, 0x10, 0xe8, 0x73,
  0x90, 0xcf, 0x81, 0x05, 0x6c, 0x20, 0x9f, 0x59, 0x02, 0x38, 0x18, 0xa8,
  0x00, 0x84, 0x37, 0xd0, 0x05, 0x37, 0x18, 0x6e, 0x50, 0x83, 0xf5, 0x0e,
  0xc0, 0x60, 0x96, 0x21, 0x0e, 0xe4, 0x20, 0x18, 0x6f, 0xd8, 0xe7, 0xa0,
  0xb7, 0x03, 0xf6, 0x0e, 0x28, 0x28, 0x63, 0x08, 0xc1, 0x7c, 0x07, 0x16,
  0x94, 0x74, 0x20, 0x9f, 0x11, 0x03, 0xc2, 0x00, 0x50, 0x3c, 0x08, 0x2c,
  0x90, 0xe9, 0x40, 0x3e, 0x16, 0xc0, 0x74, 0x00, 0x9f, 0x39, 0x86, 0xb4,
  0x0e, 0x02, 0xfc, 0x0e, 0x2c, 0x38, 0xe0, 0x33, 0x62, 0x50, 0x18, 0x80,
  0x8b, 0x07, 0x48, 0x60, 0x2c, 0x1d, 0x04, 0xf1, 0xb1, 0x20, 0xa7, 0x03,
  0xf9, 0x8c, 0x18, 0x18, 0x06, 0x20, 0xe3, 0x41, 0xa0, 0xd2, 0x41, 0x4a,
  0x07, 0x16, 0xb4, 0x74, 0x20, 0x1f, 0x8b, 0xe9, 0x20, 0x88, 0x8f, 0x0d,
  0x83, 0x7c, 0x2c, 0x90, 0xe4, 0x63, 0xc1, 0x20, 0x9f, 0x59, 0x02, 0x39,
  0x18, 0xa8, 0x00, 0x84, 0x38, 0x40, 0x03, 0x38, 0x18, 0x8f, 0xe8, 0xed,
  0x00, 0xbe, 0x03, 0xf9, 0x0e, 0xe0, 0x3b, 0xa0, 0x80, 0x8c, 0x47, 0xfc,
  0x76, 0x20, 0xdf, 0x01, 0x7d, 0x07, 0xb1, 0x1d, 0x50, 0x30, 0x2c, 0x18,
  0xe4, 0x33, 0x1e, 0x21, 0xde, 0x41, 0x7d, 0x07, 0xf7, 0x1d, 0xd4, 0x76,
  0x40, 0xc1, 0x18, 0x8f, 0x20, 0xef, 0xe0, 0xbe, 0x83, 0xfc, 0x0e, 0x70,
  0x3b, 0xa0, 0x80, 0x58, 0x30, 0xc8, 0xc7, 0x8c, 0x20, 0x3e, 0xb6, 0xd3,
  0x41, 0x40, 0x1f, 0xf3, 0xe9, 0xc0, 0x88, 0xcf, 0x1c, 0x83, 0x59, 0x07,
  0xca, 0x8c, 0x07, 0x73, 0x0c, 0x81, 0x20, 0xe3, 0x81, 0x85, 0x75, 0x70,
  0xc4, 0x67, 0x8e, 0x21, 0xad, 0x83, 0xc0, 0xc6, 0x83, 0x39, 0x86, 0x00,
  0xaa, 0xf1, 0x60, 0x3c, 0xe2, 0xbd, 0x03, 0x11, 0x0f, 0x48, 0x3c, 0x20,
  0xef, 0x80, 0x82, 0x61, 0x01, 0x23, 0x9f, 0xf1, 0x08, 0xf9, 0x0e, 0x4a,
  0x3c, 0x38, 0xf1, 0x80, 0xc4, 0x03, 0x0a, 0x88, 0x05, 0x94, 0x7c, 0x8c,
  0x08, 0xe2, 0x33, 0xc7, 0x10, 0xd7, 0x41, 0xf0, 0xe3, 0x81, 0x11, 0x94,
  0x7c, 0x0c, 0xd1, 0xe4, 0x63, 0x42, 0x10, 0x9f, 0x39, 0x06, 0x22, 0x08,
  0xf3, 0x60, 0x8e, 0xe1, 0xae, 0x83, 0x89, 0xcc, 0x83, 0x41, 0x86, 0x00,
  0xaf, 0x83, 0xf9, 0x0e, 0x06, 0x19, 0x40, 0x3c, 0xb8, 0xed, 0x80, 0xbe,
  0x03, 0x9b, 0x02, 0xf9, 0x0c, 0x32, 0x88, 0x78, 0x90, 0xdb, 0xc1, 0x7d,
  0x07, 0x26, 0x05, 0xf2, 0xb1, 0xe1, 0x80, 0x8f, 0x05, 0x02, 0x7c, 0x2c,
  0x38, 0xe4, 0x33, 0xc8, 0x10, 0x80, 0x76, 0x30, 0xdf, 0xc1, 0x78, 0x43,
  0x89, 0x07, 0x38, 0x1e, 0xa0, 0x77, 0x40, 0x01, 0xb1, 0x21, 0xa0, 0xcf,
  0x78, 0x03, 0x8a, 0x07, 0x3b, 0x1e, 0xb0, 0x77, 0x40, 0x01, 0xa9, 0x20,
  0xce, 0x03, 0x1d, 0x6e, 0x08, 0xe8, 0x3c, 0x00, 0x83, 0x31, 0x84, 0x62,
  0xce, 0x03, 0x03, 0xed, 0x20, 0x88, 0xcf, 0x74, 0x83, 0x10, 0x0c, 0x73,
  0x0c, 0x48, 0x60, 0xe7, 0xc1, 0x88, 0x81, 0x92, 0x04, 0xad, 0x1e, 0xbc,
  0x78, 0xe0, 0xe2, 0x41, 0xd0, 0xdf, 0x81, 0x7f, 0x07, 0xfc, 0x1d, 0x90,
  0x76, 0x30, 0x86, 0x10, 0xcc, 0x79, 0x50, 0xc9, 0x99, 0x07, 0x58, 0x81,
  0x7d, 0x07, 0x3a, 0xdc, 0x10, 0xe0, 0x79, 0x00, 0x06, 0x63, 0x08, 0x85,
  0x9f, 0x07, 0xc3, 0x0d, 0x83, 0x9f, 0x07, 0x60, 0x50, 0xc1, 0xb0, 0xd3,
  0x0d, 0xc3, 0x11, 0x8c, 0x37, 0xe4, 0x78, 0xc0, 0xe6, 0x01, 0xa8, 0x07,
  0x14, 0x8c, 0x0a, 0xfa, 0x3b, 0xc0, 0x11, 0x03, 0xc2, 0x08, 0x60, 0x3d,
  0x08, 0x2c, 0x78, 0xed, 0x40, 0x3e, 0x73, 0x0c, 0xb9, 0x1d, 0x04, 0xa7,
  0x1e, 0x54, 0xf1, 0xe7, 0x01, 0x56, 0x10, 0xe2, 0x81, 0x8e, 0x18, 0x10,
  0x46, 0x50, 0xeb, 0x41, 0x60, 0x01, 0x6d, 0x07, 0xf2, 0x99, 0x63, 0x28,
  0x02, 0x55, 0x0f, 0x4a, 0x51, 0xf5, 0x00, 0x2b, 0x30, 0xf1, 0x40, 0x47,
  0x0c, 0x08, 0x23, 0xd0, 0xf5, 0x20, 0xb0, 0x20, 0xb7, 0x03, 0xf9, 0xcc,
  0x31, 0x14, 0x01, 0xab, 0x07, 0x73, 0x0c, 0xe5, 0x1d, 0x44, 0xb2, 0x1e,
  0x0c, 0x32, 0x04, 0xe6, 0x1d, 0x80, 0x79, 0x60, 0x43, 0x20, 0x9f, 0x41,
  0x86, 0x00, 0xbd, 0x03, 0x34, 0x0f, 0xe6, 0x18, 0x82, 0xea, 0xd5, 0x83,
  0x39, 0x86, 0x15, 0x0f, 0x64, 0xe1, 0xd6, 0x83, 0x39, 0x06, 0x16, 0x0f,
  0x74, 0x3a, 0xc0, 0xf5, 0xc0, 0x84, 0x40, 0x3e, 0x83, 0x0c, 0x81, 0x8b,
  0x07, 0x6c, 0x1e, 0x58, 0x50, 0xc8, 0x67, 0x96, 0x60, 0x0f, 0xc6, 0x1b,
  0xc8, 0x3b, 0x30, 0xf5, 0xe0, 0xd6, 0x03, 0x0a, 0xc8, 0x18, 0x42, 0xe0,
  0xeb, 0x81, 0x05, 0xec, 0x1d, 0xc8, 0xc7, 0x82, 0xfa, 0x0e, 0xe0, 0x33,
  0x62, 0x40, 0x18, 0x40, 0xbb, 0x07, 0x81, 0xb1, 0x77, 0x10, 0xc4, 0x67,
  0xbc, 0x41, 0xcf, 0x83, 0x56, 0x0f, 0x7e, 0x3c, 0xa0, 0x80, 0xd8, 0x10,
  0xc8, 0x67, 0xc4, 0xa0, 0x30, 0x80, 0x79, 0x0f, 0xe0, 0x3b, 0x08, 0xc6,
  0x10, 0x94, 0x72, 0x0f, 0x46, 0x0c, 0x0a, 0x03, 0xa8, 0xf7, 0x40, 0xbe,
  0x83, 0xc0, 0x82, 0x41, 0x3e, 0xe3, 0x0d, 0xa1, 0x1e, 0xd0, 0x7a, 0x50,
  0xe6, 0x01, 0x05, 0xa4, 0x82, 0x74, 0x0f, 0xb0, 0x02, 0x73, 0x0f, 0x74,
  0xb8, 0x21, 0x48, 0xf7, 0x00, 0x0c, 0x66, 0x19, 0xe8, 0xa0, 0x0e, 0x82,
  0xf1, 0x86, 0xfb, 0x0e, 0x72, 0x3d, 0x40, 0xf7, 0x80, 0x82, 0x32, 0x86,
  0x10, 0xbc, 0x7b, 0x30, 0xde, 0x90, 0xea, 0x01, 0xaf, 0x07, 0x6f, 0x1e,
  0x50, 0x30, 0x6c, 0x08, 0xe4, 0x33, 0xde, 0xc0, 0xea, 0xc1, 0xaf, 0x07,
  0xed, 0x1e, 0x50, 0x40, 0x6c, 0x08, 0xe2, 0x33, 0xde, 0xf0, 0xea, 0x81,
  0xb8, 0x07, 0xf5, 0x1e, 0x50, 0x40, 0x46, 0x0c, 0x0a, 0x03, 0x40, 0xf9,
  0x60, 0x08, 0x4c, 0x50, 0xf1, 0x40, 0x3e, 0x73, 0x0c, 0x8c, 0xa0, 0xef,
  0x81, 0x09, 0x36, 0x1e, 0xc0, 0x67, 0x8e, 0xa1, 0xcd, 0x83, 0x80, 0xdf,
  0x03, 0x33, 0x6a, 0x3c, 0x90, 0x8f, 0x05, 0x34, 0x1e, 0xc0, 0x67, 0x8e,
  0x01, 0xce, 0x83, 0xe0, 0xdf, 0x03, 0x33, 0x88, 0xf8, 0x98, 0x50, 0xc4,
  0x67, 0xc4, 0xa0, 0x30, 0x00, 0x9b, 0x0f, 0x84, 0x60, 0xc4, 0xa0, 0x30,
  0x80, 0x9b, 0x0f, 0x04, 0xc1, 0x84, 0x80, 0x3e, 0x23, 0x06, 0x86, 0x01,
  0xe8, 0x7c, 0x10, 0xc8, 0x78, 0x10, 0xe3, 0xc1, 0x1c, 0x03, 0x9e, 0x07,
  0x01, 0xca, 0x07, 0x83, 0x0c, 0x41, 0x9e, 0x07, 0xae, 0x1e, 0x58, 0x70,
  0xc8, 0xc7, 0x92, 0x20, 0x3e, 0x23, 0x06, 0x85, 0x01, 0xf8, 0x7c, 0x10,
  0x04, 0x23, 0x06, 0x84, 0x01, 0xf0, 0x7c, 0x10, 0x58, 0x20, 0xe6, 0x01,
  0x7c, 0x46, 0x0c, 0x88, 0x03, 0xf8, 0xf9, 0x20, 0xb0, 0xc0, 0xc7, 0x03,
  0xf9, 0xd8, 0x10, 0xc4, 0xc7, 0x7c, 0x3c, 0x18, 0xe2, 0x63, 0x42, 0x40,
  0x9f, 0x11, 0x03, 0xc3, 0x00, 0xce, 0x3e, 0x08, 0x7e, 0x3c, 0xf0, 0xf1,
  0xc0, 0x02, 0x36, 0x90, 0xcf, 0x2c, 0x41, 0x1d, 0x0c, 0x54, 0x00, 0x02,
  0x1d, 0xe8, 0xc2, 0x1c, 0x0c, 0x37, 0xa8, 0x01, 0xcc, 0x07, 0x60, 0x30,
  0xcb, 0x60, 0x07, 0x77, 0x10, 0x8c, 0x37, 0x80, 0x79, 0x20, 0xf2, 0x41,
  0xcc, 0x07, 0x14, 0x94, 0x31, 0x84, 0x00, 0xe7, 0x03, 0x0b, 0xd4, 0x3c,
  0x90, 0xcf, 0x88, 0x01, 0x61, 0x00, 0x6d, 0x1f, 0x04, 0x16, 0xdc, 0x79,
  0x20, 0x1f, 0x0b, 0xea, 0x3c, 0x80, 0xcf, 0x1c, 0x83, 0xab, 0x07, 0x41,
  0xcf, 0x07, 0x16, 0x1c, 0xf0, 0x19, 0x31, 0x28, 0x0c, 0x60, 0xee, 0x03,
  0x24, 0xb0, 0x38, 0x0f, 0x82, 0xf8, 0x58, 0xe0, 0xe7, 0x81, 0x7c, 0x46,
  0x0c, 0x0c, 0x03, 0xb8, 0xfb, 0x20, 0x78, 0xf3, 0xc0, 0xcd, 0x03, 0x0b,
  0xe4, 0x3c, 0x90, 0x8f, 0xd9, 0x79, 0x10, 0xc4, 0xc7, 0x86, 0x41, 0x3e,
  0x16, 0x48, 0xf2, 0xb1, 0x60, 0x90, 0xcf, 0x2c, 0xc1, 0x1d, 0x0c, 0x54,
  0x00, 0x82, 0x1d, 0xa0, 0x41, 0x1d, 0x8c, 0x47, 0x88, 0x7c, 0x50, 0xf3,
  0xc1, 0xcd, 0x07, 0x35, 0x1f, 0x50, 0x40, 0xc6, 0x23, 0x48, 0x3e, 0xb8,
  0xf9, 0x20, 0xe7, 0x03, 0x7b, 0x0f, 0x28, 0x18, 0x16, 0x0c, 0xf2, 0x19,
  0x8f, 0x38, 0xf9, 0x40, 0xe7, 0x03, 0x9e, 0x0f, 0xf4, 0x3d, 0xa0, 0x60,
  0x8c, 0x47, 0xa4, 0x7c, 0xc0, 0xf3, 0x81, 0xcf, 0x07, 0xfd, 0x1e, 0x50,
  0x40, 0x2c, 0x18, 0xe4, 0x63, 0x46, 0x10, 0x1f, 0x03, 0xf5, 0x20, 0xa0,
  0x8f, 0x8d, 0x7a, 0x60, 0xc4, 0x67, 0x8e, 0x61, 0xd5, 0x03, 0x05, 0xef,
  0x83, 0x39, 0x86, 0x40, 0xb8, 0xfb, 0xc0, 0x4c, 0x3d, 0x38, 0xe2, 0x33,
  0xc7, 0xe0, 0xea, 0x41, 0xb0, 0xf7, 0xc1, 0x1c, 0x43, 0x00, 0xe9, 0x7d,
  0x30, 0x1e, 0x41, 0xf3, 0xc1, 0xd9, 0x07, 0x69, 0x1f, 0xa4, 0x7c, 0x40,
  0xc1, 0xb0, 0x80, 0x91, 0xcf, 0x78, 0xc4, 0xcd, 0x07, 0x6a, 0x1f, 0xb0,
  0x7d, 0x90, 0xf6, 0x01, 0x05, 0xc4, 0x02, 0x4a, 0x3e, 0x46, 0x04, 0xf1,
  0x99, 0x63, 0xb0, 0xf5, 0x20, 0x20, 0xfd, 0xc0, 0x08, 0x4a, 0x3e, 0x86,
  0x68, 0xf2, 0x31, 0x21, 0x88, 0xcf, 0x1c, 0x03, 0x11, 0x98, 0x7e, 0x30,
  0xc7, 0xc0, 0xeb, 0xc1, 0x94, 0xfa, 0xc1, 0x20, 0x43, 0xd0, 0xeb, 0x01,
  0xce, 0x07, 0x83, 0x0c, 0x65, 0x1f, 0xf0, 0x7b, 0x90, 0xf3, 0x81, 0x4d,
  0x81, 0x7c, 0x06, 0x19, 0xce, 0x3e, 0xf0, 0xf7, 0x80, 0xe7, 0x03, 0x93,
  0x02, 0xf9, 0xd8, 0x70, 0xc0, 0xc7, 0x02, 0x01, 0x3e, 0x16, 0x1c, 0xf2,
  0x19, 0x64, 0x08, 0xca, 0x3d, 0xc0, 0xf9, 0x60, 0xbc, 0x41, 0xed, 0x83,
  0xbe, 0x0f, 0x5a, 0x3e, 0xa0, 0x80, 0xd8, 0x10, 0xd0, 0x67, 0xbc, 0xa1,
  0xed, 0x03, 0xd0, 0x0f, 0x62, 0x3e, 0xa0, 0x80, 0x54, 0x60, 0xfb, 0x81,
  0x0e, 0x37, 0x04, 0xb9, 0x1f, 0x80, 0xc1, 0x18, 0x42, 0x81, 0xfb, 0x81,
  0x95, 0x7b, 0x10, 0xc4, 0x67, 0xba, 0x41, 0x08, 0x86, 0x39, 0x06, 0x24,
  0xd8, 0xfd, 0x60, 0xc4, 0x40, 0x49, 0x02, 0xf9, 0x0f, 0xe8, 0x3e, 0x98,
  0xfb, 0x20, 0x10, 0xfb, 0x60, 0xec, 0x83, 0xb0, 0x0f, 0xd2, 0x3d, 0x28,
  0x64, 0xf5, 0x03, 0xac, 0x40, 0xe7, 0x03, 0x1d, 0x6e, 0x08, 0x7e, 0x3f,
  0x00, 0x83, 0x59, 0x06, 0x3c, 0xc8, 0x83, 0x60, 0x90, 0x81, 0xb0, 0xf9,
  0x40, 0xee, 0x83, 0x41, 0x86, 0xc2, 0xe6, 0x03, 0xba, 0x0f, 0x4c, 0x08,
  0xe4, 0x33, 0xc8, 0x10, 0xe0, 0x7b, 0x80, 0xf7, 0xc1, 0x20, 0x43, 0x80,
  0xe8, 0x7d, 0x30, 0x4b, 0xa0, 0x07, 0xc3, 0x0d, 0x87, 0xf8, 0x07, 0x60,
  0x30, 0xc8, 0xa0, 0xf0, 0x7c, 0xa0, 0xf7, 0xc1, 0x74, 0x43, 0xb0, 0x08,
  0xb3, 0x04, 0x7a, 0x30, 0x50, 0x11, 0x20, 0x78, 0x20, 0xe4, 0xc1, 0x1c,
  0xc3, 0xcf, 0x07, 0x6d, 0x1e, 0xac, 0x7f, 0x30, 0xc7, 0x00, 0xf6, 0x81,
  0x28, 0xb0, 0x7f, 0x60, 0x81, 0x20, 0x9f, 0x41, 0x86, 0x40, 0xec, 0x03,
  0xd0, 0x0f, 0x2c, 0x28, 0xe4, 0x33, 0x4b, 0xb0, 0x07, 0x03, 0x55, 0x81,
  0xa0, 0x07, 0x6a, 0x22, 0x07, 0xf4, 0xd4, 0x06, 0x22, 0x18, 0xa0, 0x81,
  0x5f, 0x07, 0x9d, 0xcd, 0x07, 0x18, 0x3a, 0x0a, 0x17, 0x0e, 0x0e, 0x0c,
  0xee, 0x0e, 0x07, 0xa9, 0x0f, 0x42, 0x06, 0xe1, 0x40, 0x3e, 0x00, 0x00,
  0x00, 0x77, 0xd3, 0x07, 0xff, 0x5c, 0xd3, 0xd2, 0x14, 0x39, 0x0a, 0x61,
  0x02, 0x92, 0xb2, 0xba, 0x75, 0x6d, 0xb6, 0xa5, 0xe0, 0x34, 0xd2, 0x04,
  0x34, 0x13, 0xc9, 0xbb, 0x0d, 0x52, 0x38, 0x11, 0x23, 0xad, 0x35, 0xbe,
  0x02, 0xd2, 0x44, 0x44, 0x48, 0x46, 0x44, 0x1d, 0x30, 0x01, 0x3e, 0x71,
  0x21, 0xd3, 0xc9, 0xf8, 0xc1, 0x3f, 0xd7, 0xb4, 0x34, 0x45, 0x8e, 0x42,
  0x98, 0x80, 0xa4, 0xac, 0x6e, 0x5d, 0x9b, 0x6d, 0x29, 0x38, 0x8d, 0x34,
  0x01, 0xcd, 0x44, 0xf2, 0x6e, 0x83, 0x14, 0x4e, 0xc4, 0x48, 0x6b, 0x8d,
  0xaf, 0x80, 0x34, 0x11, 0x11, 0x92, 0x11, 0x51, 0x07, 0x4c, 0x80, 0x4f,
  0x5c, 0xc8, 0x54, 0x5f, 0x8b, 0x1f, 0xfc, 0x73, 0x4d, 0x4b, 0x53, 0xe4,
  0x28, 0x84, 0x09, 0x48, 0xca, 0xea, 0xd6, 0xb5, 0xd9, 0x96, 0x82, 0xd3,
  0x48, 0x13, 0xd0, 0x4c, 0x24, 0xef, 0x36, 0x48, 0xe1, 0x44, 0x8c, 0xb4,
  0xd6, 0xf8, 0x0a, 0x48, 0x13, 0x11, 0x21, 0x19, 0x11, 0x75, 0xc0, 0x04,
  0xf8, 0xc4, 0x85, 0x4c, 0xf6, 0x75, 0xf8, 0xc1, 0x3f, 0xd7, 0xb4, 0x34,
  0x45, 0x8e, 0x42, 0x98, 0x80, 0xa4, 0xac, 0x6e, 0x5d, 0x9b, 0x6d, 0x29,
  0x38, 0x8d, 0x34, 0x01, 0xcd, 0x44, 0xf2, 0x6e, 0x83, 0x14, 0x4e, 0xc4,
  0x48, 0x6b, 0x8d, 0xaf, 0x80, 0x34, 0x11, 0x11, 0x92, 0x11, 0x51, 0x07,
  0x4c, 0x80, 0x4f, 0x5c, 0xc8, 0x74, 0x1f, 0x83, 0x1f, 0xfc, 0x73, 0x4d,
  0x4b, 0x53, 0xe4, 0x28, 0x84, 0x09, 0x48, 0xca, 0xea, 0xd6, 0xb5, 0xd9,
  0x96, 0x82, 0xd3, 0x48, 0x13, 0xd0, 0x4c, 0x24, 0xef, 0x36, 0x48, 0xe1,
  0x44, 0x8c, 0xb4, 0xd6, 0xf8, 0x0a, 0x48, 0x13, 0x11, 0x21, 0x19, 0x11,
  0x75, 0xc0, 0x04, 0xf8, 0xc4, 0x85, 0x4c, 0x38, 0x00, 0x01, 0x31, 0x00,
  0x00, 0xc2, 0x00, 0x00, 0x00, 0x5b, 0x06, 0x21, 0x80, 0x85, 0x2d, 0x03,
  0x11, 0xc0, 0xc2, 0x96, 0xc1, 0x08, 0x60, 0x61, 0xcb, 0x80, 0x04, 0xb0,
  0xb0, 0x65, 0x50, 0x02, 0x59, 0xd8, 0x32, 0x30, 0x81, 0x2c, 0x6c, 0x19,
  0x9e, 0x40, 0x16, 0xb6, 0x0c, 0x51, 0x20, 0x0b, 0x5b, 0x06, 0x2e, 0x90,
  0x85, 0x2d, 0xc3, 0x17, 0xc8, 0xc2, 0x96, 0x61, 0x0e, 0x02, 0x58, 0xd8,
  0x32, 0xd4, 0x41, 0x60, 0x0b, 0x5b, 0x06, 0x58, 0x08, 0x6e, 0x61, 0xcb,
  0x30, 0x0b, 0x81, 0x2c, 0x6c, 0x19, 0x6a, 0x21, 0x90, 0x85, 0x2d, 0xc3,
  0x2d, 0x04, 0xb2, 0xb0, 0x65, 0xc8, 0x85, 0x40, 0x16, 0xb6, 0x0c, 0xbb,
  0x10, 0xe0, 0xc2, 0x96, 0xc1, 0x1c, 0x82, 0x5c, 0xd8, 0x32, 0xb4, 0xc3,
  0x01, 0x0e, 0x5b, 0x86, 0x90, 0x08, 0xc2, 0x61, 0xcb, 0x20, 0x16, 0x81,
  0x38, 0x6c, 0x19, 0xd2, 0x22, 0xc8, 0x85, 0x2d, 0x83, 0x5c, 0x04, 0xe3,
  0xb0, 0x65, 0xa8, 0x8b, 0x80, 0x1c, 0xb6, 0x0c, 0x78, 0x11, 0xe0, 0xc2,
  0x96, 0x41, 0x37, 0x02, 0x58, 0xd8, 0x32, 0xb8, 0x47, 0x20, 0x0b, 0x5b,
  0x06, 0xf8, 0x08, 0x64, 0x61, 0xcb, 0x30, 0x1f, 0x81, 0x2c, 0x6c, 0x19,
  0xea, 0x23, 0x90, 0x85, 0x2d, 0x03, 0x88, 0x04, 0xb2, 0xb0, 0x65, 0x18,
  0x91, 0x40, 0x16, 0xb6, 0x0c, 0x36, 0x12, 0xc0, 0xc2, 0x96, 0x01, 0x47,
  0x02, 0x5c, 0xd8, 0x32, 0x94, 0x4a, 0x50, 0x0e, 0x5b, 0x86, 0x5e, 0x09,
  0xc2, 0x61, 0xcb, 0x00, 0x32, 0x41, 0x2e, 0x6c, 0x19, 0x52, 0x26, 0x18,
  0x87, 0x2d, 0x43, 0xce, 0x04, 0xb2, 0xb0, 0x65, 0xd8, 0x99, 0x40, 0x16,
  0xb6, 0x0c, 0x3e, 0x13, 0xc8, 0xc2, 0x96, 0x01, 0x6c, 0x02, 0x59, 0xd8,
  0x32, 0xf4, 0x4d, 0x20, 0x0e, 0x5b, 0x86, 0xd6, 0x09, 0x70, 0x61, 0xcb,
  0x10, 0x3f, 0x01, 0x39, 0x6c, 0x19, 0x64, 0x28, 0x28, 0x87, 0x2d, 0x83,
  0x1a, 0x05, 0xe1, 0xb0, 0x65, 0x50, 0xa5, 0xc0, 0x1c, 0xb6, 0x0c, 0xec,
  0x14, 0x94, 0xc3, 0x96, 0x81, 0xa4, 0x82, 0x70, 0xd8, 0x32, 0xac, 0x55,
  0x50, 0x0e, 0x5b, 0x86, 0xd1, 0x0a, 0xc2, 0x61, 0xcb, 0x30, 0x5e, 0x81,
  0x39, 0x6c, 0x19, 0x44, 0x2c, 0x28, 0x87, 0x2d, 0x83, 0x8e, 0x05, 0xe1,
  0xb0, 0x65, 0x68, 0xb7, 0x40, 0x16, 0xb6, 0x0c, 0xf0, 0x16, 0xc8, 0xc2,
  0x96, 0x61, 0xe4, 0x82, 0x73, 0xd8, 0x32, 0x98, 0x5c, 0x00, 0x0b, 0x5b,
  0x86, 0xb6, 0x0b, 0xc2, 0x61, 0xcb, 0x40, 0x7b, 0x81, 0x38, 0x6c, 0x19,
  0x76, 0x2f, 0xc8, 0x85, 0x2d, 0x03, 0xf9, 0x05, 0xe3, 0xb0, 0x65, 0x38,
  0xbf, 0x80, 0x1c, 0xb6, 0x0c, 0xea, 0x17, 0xe0, 0xc2, 0x96, 0x81, 0x05,
  0x83, 0x00, 0x16, 0xb6, 0x0c, 0x60, 0x18, 0x04, 0xe1, 0xb0, 0x65, 0xf0,
  0xc3, 0x20, 0x90, 0x85, 0x2d, 0x03, 0x28, 0x06, 0x81, 0x2c, 0x6c, 0x19,
  0x46, 0x31, 0x08, 0x64, 0x61, 0xcb, 0x50, 0x8a, 0x41, 0x20, 0x0b, 0x5b,
  0x06, 0x58, 0x0c, 0x02, 0x59, 0xd8, 0x32, 0xcc, 0x62, 0x10, 0xc8, 0xc2,
  0x96, 0xc1, 0x1c, 0x83, 0x20, 0x17, 0xb6, 0x0c, 0xee, 0x18, 0x04, 0xb0,
  0xb0, 0x65, 0x98, 0xcf, 0x20, 0xc0, 0x85, 0x2d, 0x03, 0x8e, 0x06, 0x41,
  0x39, 0x6c, 0x19, 0xe0, 0x34, 0x08, 0xc2, 0x61, 0xcb, 0x10, 0xab, 0x41,
  0x50, 0x0e, 0x5b, 0x86, 0x74, 0x0d, 0x82, 0x70, 0xd8, 0x32, 0x84, 0x6c,
  0x10, 0x98, 0xc3, 0x96, 0xc1, 0x6d, 0x83, 0x40, 0x1c, 0xb6, 0x0c, 0x75,
  0x1b, 0x04, 0xb9, 0xb0, 0x65, 0xf0, 0xdb, 0x20, 0x18, 0x87, 0x2d, 0x43,
  0xe8, 0x06, 0x01, 0x39, 0x6c, 0x19, 0x48, 0x37, 0x08, 0x70, 0x61, 0xcb,
  0x60, 0xbe, 0x41, 0x00, 0x0b, 0x5b, 0x06, 0xfd, 0x0d, 0x02, 0x59, 0xd8,
  0x32, 0xf0, 0x6f, 0x10, 0xc8, 0xc2, 0x96, 0xe1, 0x7f, 0x83, 0x40, 0x16,
  0xb6, 0x0c, 0x21, 0x1c, 0x04, 0xb2, 0xb0, 0x65, 0x60, 0xe1, 0x20, 0x90,
  0x85, 0x2d, 0xc3, 0x0b, 0x07, 0x81, 0x2c, 0x6c, 0x19, 0xc4, 0x38, 0x08,
  0xce, 0x61, 0xcb, 0x50, 0xc6, 0x41, 0x00, 0x0b, 0x5b, 0x86, 0x33, 0x0e,
  0x02, 0x5c, 0xd8, 0x32, 0xe8, 0x71, 0x10, 0x84, 0xc3, 0x96, 0x41, 0x96,
  0x83, 0xa0, 0x1c, 0xb6, 0x0c, 0xfa, 0x1c, 0x04, 0xe2, 0xb0, 0x65, 0x08,
  0xe9, 0x20, 0xc8, 0x85, 0x2d, 0x83, 0x4a, 0x07, 0xc1, 0x38, 0x6c, 0x19,
  0x5a, 0x3a, 0x08, 0xc8, 0x61, 0xcb, 0x00, 0xd3, 0x41, 0x80, 0x0b, 0x5b,
  0x06, 0xb9, 0x0e, 0x02, 0x58, 0xd8, 0x32, 0x98, 0x76, 0x10, 0xc8, 0xc2,
  0x96, 0x01, 0xb5, 0x83, 0x40, 0x16, 0xb6, 0x0c, 0xab, 0x1d, 0x04, 0xb2,
  0xb0, 0x65, 0x68, 0xed, 0x20, 0x90, 0x85, 0x2d, 0x03, 0x6e, 0x07, 0x81,
  0x2c, 0x6c, 0x19, 0x76, 0x3b, 0x08, 0x64, 0x61, 0xcb, 0xe0, 0xde, 0x41,
  0x00, 0x0b, 0x5b, 0x86, 0xf8, 0x0e, 0x82, 0x5c, 0xd8, 0x32, 0xe0, 0x77,
  0x70, 0x80, 0xc3, 0x96, 0x41, 0xc4, 0x83, 0x20, 0x1c, 0xb6, 0x0c, 0x64,
  0x1e, 0x04, 0xe2, 0xb0, 0x65, 0x58, 0xf3, 0x20, 0xc8, 0x85, 0x2d, 0x03,
  0x9d, 0x07, 0xc1, 0x38, 0x6c, 0x19, 0xee, 0x3c, 0x08, 0xc8, 0x61, 0xcb,
  0xa0, 0xe7, 0x41, 0x80, 0x0b, 0x5b, 0x06, 0x5e, 0x0f, 0x02, 0x58, 0xd8,
  0x32, 0xc0, 0x7b, 0x10, 0xc8, 0xc2, 0x96, 0x41, 0xde, 0x83, 0x40, 0x16,
  0xb6, 0x0c, 0xf5, 0x1e, 0x04, 0xb2, 0xb0, 0x65, 0xb8, 0xf7, 0x20, 0x90,
  0x85, 0x2d, 0x83, 0xc8, 0x07, 0x81, 0x2c, 0x6c, 0x19, 0x4a, 0x3e, 0x08,
  0x64, 0x61, 0xcb, 0x80, 0xf3, 0x41, 0x00, 0x0b, 0x5b, 0x86, 0x9d, 0x0f,
  0x82, 0x5c, 0xd8, 0x32, 0x88, 0x7d, 0x70, 0x80, 0x03, 0x00, 0x00, 0x00,
  0x00, 0x00, 0x00, 0x00, 0x00, 0x00, 0x00, 0x00, 0x00
};
unsigned int mnvg_bitcode_macos_len = 19641;
