unsigned char mnvg_bitcode_tvos[] = {
  0x4d, 0x54, 0x4c, 0x42, 0x01, 0x00, 0x02, 0x00, 0x07, 0x00, 0x00, 0x83,
  0x12, 0x00, 0x02, 0x00, 0xa9, 0x5f, 0x00, 0x00, 0x00, 0x00, 0x00, 0x00,
  0x58, 0x00, 0x00, 0x00, 0x00, 0x00, 0x00, 0x00, 0x08, 0x01, 0x00, 0x00,
  0x00, 0x00, 0x00, 0x00, 0x68, 0x01, 0x00, 0x00, 0x00, 0x00, 0x00, 0x00,
  0x31, 0x00, 0x00, 0x00, 0x00, 0x00, 0x00, 0x00, 0x99, 0x01, 0x00, 0x00,
  0x00, 0x00, 0x00, 0x00, 0x10, 0x00, 0x00, 0x00, 0x00, 0x00, 0x00, 0x00,
  0xa9, 0x01, 0x00, 0x00, 0x00, 0x00, 0x00, 0x00, 0x00, 0x5e, 0x00, 0x00,
  0x00, 0x00, 0x00, 0x00, 0x02, 0x00, 0x00, 0x00, 0x82, 0x00, 0x00, 0x00,
  0x4e, 0x41, 0x4d, 0x45, 0x0d, 0x00, 0x76, 0x65, 0x72, 0x74, 0x65, 0x78,
  0x53, 0x68, 0x61, 0x64, 0x65, 0x72, 0x00, 0x54, 0x59, 0x50, 0x45, 0x01,
  0x00, 0x00, 0x48, 0x41, 0x53, 0x48, 0x20, 0x00, 0x54, 0xba, 0x20, 0x23,
  0xbb, 0x9f, 0xa5, 0xed, 0x15, 0xd9, 0x68, 0xee, 0xc0, 0x26, 0x54, 0x3b,
  0x2d, 0x50, 0x85, 0x27, 0xca, 0x63, 0x1e, 0x00, 0xf1, 0xc5, 0x15, 0xc4,
  0x49, 0xfd, 0x0c, 0x6c, 0x4d, 0x44, 0x53, 0x5a, 0x08, 0x00, 0xd0, 0x0d,
  0x00, 0x00, 0x00, 0x00, 0x00, 0x00, 0x4f, 0x46, 0x46, 0x54, 0x18, 0x00,
  0x00, 0x00, 0x00, 0x00, 0x00, 0x00, 0x00, 0x00, 0x00, 0x00, 0x00, 0x00,
  0x00, 0x00, 0x00, 0x00, 0x00, 0x00, 0x00, 0x00, 0x00, 0x00, 0x00, 0x00,
  0x56, 0x45, 0x52, 0x53, 0x08, 0x00, 0x02, 0x00, 0x07, 0x00, 0x03, 0x00,
  0x02, 0x00, 0x45, 0x4e, 0x44, 0x54, 0x86, 0x00, 0x00, 0x00, 0x4e, 0x41,
  0x4d, 0x45, 0x11, 0x00, 0x66, 0x72, 0x61, 0x67, 0x6d, 0x65, 0x6e, 0x74,
  0x53, 0x68, 0x61, 0x64, 0x65, 0x72, 0x41, 0x41, 0x00, 0x54, 0x59, 0x50,
  0x45, 0x01, 0x00, 0x01, 0x48, 0x41, 0x53, 0x48, 0x20, 0x00, 0xfe, 0xe7,
  0x60, 0x30, 0x1a, 0x79, 0xa7, 0x37, 0x46, 0xef, 0x4e, 0xa8, 0x68, 0x6b,
  0x1c, 0x04, 0x64, 0x2d, 0x7a, 0xff, 0x22, 0x0a, 0x4b, 0x42, 0x83, 0x2d,
  0xf9, 0xf1, 0xa1, 0x8a, 0x8c, 0x20, 0x4d, 0x44, 0x53, 0x5a, 0x08, 0x00,
  0x30, 0x50, 0x00, 0x00, 0x00, 0x00, 0x00, 0x00, 0x4f, 0x46, 0x46, 0x54,
  0x18, 0x00, 0x29, 0x00, 0x00, 0x00, 0x00, 0x00, 0x00, 0x00, 0x08, 0x00,
  0x00, 0x00, 0x00, 0x00, 0x00, 0x00, 0xd0, 0x0d, 0x00, 0x00, 0x00, 0x00,
  0x00, 0x00, 0x56, 0x45, 0x52, 0x53, 0x08, 0x00, 0x02, 0x00, 0x07, 0x00,
  0x03, 0x00, 0x02, 0x00, 0x45, 0x4e, 0x44, 0x54, 0x45, 0x4e, 0x44, 0x54,
  0x25, 0x00, 0x00, 0x00, 0x56, 0x41, 0x54, 0x54, 0x11, 0x00, 0x02, 0x00,
  0x70, 0x6f, 0x73, 0x00, 0x00, 0x80, 0x74, 0x63, 0x6f, 0x6f, 0x72, 0x64,
  0x00, 0x01, 0x80, 0x56, 0x41, 0x54, 0x59, 0x04, 0x00, 0x02, 0x00, 0x04,
  0x06, 0x45, 0x4e, 0x44, 0x54, 0x04, 0x00, 0x00, 0x00, 0x45, 0x4e, 0x44,
  0x54, 0x04, 0x00, 0x00, 0x00, 0x45, 0x4e, 0x44, 0x54, 0x04, 0x00, 0x00,
  0x00, 0x45, 0x4e, 0x44, 0x54, 0xde, 0xc0, 0x17, 0x0b, 0x00, 0x00, 0x00,
  0x00, 0x14, 0x00, 0x00, 0x00, 0xb8, 0x0d, 0x00, 0x00, 0xff, 0xff, 0xff,
  0xff, 0x42, 0x43, 0xc0, 0xde, 0x35, 0x14, 0x00, 0x00, 0x03, 0x00, 0x00,
  0x00, 0x62, 0x0c, 0x30, 0x24, 0x80, 0x10, 0x05, 0xc8, 0x14, 0x00, 0x00,
  0x00, 0x21, 0x0c, 0x00, 0x00, 0x35, 0x03, 0x00, 0x00, 0x0b, 0x02, 0x21,
  0x00, 0x02, 0x00, 0x00, 0x00, 0x16, 0x00, 0x00, 0x00, 0x07, 0x81, 0x23,
  0x91, 0x41, 0xc8, 0x04, 0x49, 0x06, 0x10, 0x32, 0x39, 0x92, 0x01, 0x84,
  0x0c, 0x25, 0x05, 0x08, 0x19, 0x1e, 0x04, 0x8b, 0x62, 0x80, 0x10, 0x45,
  0x02, 0x42, 0x92, 0x0b, 0x42, 0x84, 0x10, 0x32, 0x14, 0x38, 0x08, 0x18,
  0x4b, 0x0a, 0x32, 0x42, 0x88, 0x48, 0x70, 0xc4, 0x21, 0x23, 0x44, 0x12,
  0x87, 0x8c, 0x10, 0x41, 0x92, 0x02, 0x64, 0xc8, 0x08, 0xb1, 0x14, 0x20,
  0x43, 0x46, 0x88, 0x20, 0xc9, 0x01, 0x32, 0x42, 0x84, 0x18, 0x2a, 0x28,
  0x2a, 0x90, 0x31, 0x7c, 0xb0, 0x5c, 0x91, 0x20, 0xc4, 0xc8, 0x00, 0x00,
  0x00, 0x89, 0x20, 0x00, 0x00, 0x12, 0x00, 0x00, 0x00, 0x32, 0x22, 0x08,
  0x09, 0x20, 0x62, 0x46, 0x00, 0x21, 0x2b, 0x24, 0x98, 0x10, 0x21, 0x25,
  0x24, 0x98, 0x10, 0x19, 0x27, 0x0c, 0x85, 0xa4, 0x90, 0x60, 0x42, 0x64,
  0x5c, 0x20, 0x24, 0x64, 0x82, 0xa0, 0x99, 0x01, 0x18, 0x46, 0x20, 0x80,
  0x61, 0x04, 0x01, 0xb8, 0x44, 0x88, 0xc8, 0x20, 0x82, 0x20, 0x18, 0x62,
  0x24, 0x88, 0x6a, 0x20, 0x60, 0x8e, 0x00, 0x0c, 0x54, 0x00, 0x87, 0x11,
  0x04, 0x64, 0x8e, 0x00, 0x14, 0x46, 0x00, 0x00, 0x00, 0x51, 0x18, 0x00,
  0x00, 0x64, 0x00, 0x00, 0x00, 0x1b, 0xf6, 0x23, 0xf8, 0xff, 0xff, 0xff,
  0xff, 0x01, 0x30, 0x05, 0xc0, 0x0f, 0x00, 0x38, 0x00, 0xfe, 0x00, 0x90,
  0x00, 0x0a, 0xe8, 0x03, 0x22, 0x1c, 0xe0, 0x01, 0x1e, 0xe4, 0xe1, 0x1d,
  0xf0, 0xa1, 0x0d, 0xcc, 0xa1, 0x1e, 0xdc, 0x61, 0x1c, 0xda, 0xc0, 0x1c,
  0xe0, 0xa1, 0x0d, 0xda, 0x21, 0x1c, 0xe8, 0x01, 0x1d, 0x00, 0x7a, 0x90,
  0x87, 0x7a, 0x28, 0x07, 0x80, 0x30, 0x07, 0x79, 0x08, 0x87, 0x76, 0x28,
  0x87, 0x36, 0x80, 0x87, 0x77, 0x48, 0x07, 0x77, 0xa0, 0x87, 0x72, 0x90,
  0x07, 0x20, 0x1c, 0xd8, 0x81, 0x1d, 0x00, 0xa2, 0x1d, 0xd2, 0xc1, 0x1d,
  0xda, 0x80, 0x1d, 0xca, 0xe1, 0x1c, 0xc2, 0x81, 0x1d, 0xda, 0xc0, 0x1e,
  0xca, 0x61, 0x1c, 0xe8, 0xe1, 0x1d, 0xe4, 0xa1, 0x0d, 0xee, 0x21, 0x1d,
  0xc8, 0x81, 0x1e, 0xd0, 0x01, 0x88, 0x03, 0x39, 0xc0, 0x03, 0x60, 0x70,
  0x87, 0x77, 0x68, 0x03, 0x71, 0xa8, 0x87, 0x74, 0x60, 0x07, 0x7a, 0x48,
  0x07, 0x77, 0x98, 0x07, 0x80, 0x70, 0x87, 0x77, 0x68, 0x83, 0x74, 0x70,
  0x07, 0x73, 0x98, 0x87, 0x36, 0x30, 0x07, 0x78, 0x68, 0x83, 0x76, 0x08,
  0x07, 0x7a, 0x40, 0x07, 0x80, 0x1e, 0xe4, 0xa1, 0x1e, 0xca, 0x01, 0x20,
  0xdc, 0xe1, 0x1d, 0xda, 0xc0, 0x1d, 0xc2, 0xc1, 0x1d, 0xe6, 0xa1, 0x0d,
  0xcc, 0x01, 0x1e, 0xda, 0xa0, 0x1d, 0xc2, 0x81, 0x1e, 0xd0, 0x01, 0xa0,
  0x07, 0x79, 0xa8, 0x87, 0x72, 0x00, 0x08, 0x77, 0x78, 0x87, 0x36, 0x98,
  0x87, 0x74, 0x38, 0x07, 0x77, 0x28, 0x07, 0x72, 0x68, 0x03, 0x7d, 0x28,
  0x07, 0x79, 0x78, 0x87, 0x79, 0x68, 0x03, 0x73, 0x80, 0x87, 0x36, 0x68,
  0x87, 0x70, 0xa0, 0x07, 0x74, 0x00, 0xe8, 0x41, 0x1e, 0xea, 0xa1, 0x1c,
  0x00, 0xc2, 0x1d, 0xde, 0xa1, 0x0d, 0xe8, 0x41, 0x1e, 0xc2, 0x01, 0x1e,
  0xe0, 0x21, 0x1d, 0xdc, 0xe1, 0x1c, 0xda, 0xa0, 0x1d, 0xc2, 0x81, 0x1e,
  0xd0, 0x01, 0xa0, 0x07, 0x79, 0xa8, 0x87, 0x72, 0x00, 0x88, 0x79, 0xa0,
  0x87, 0x70, 0x18, 0x87, 0x75, 0x68, 0x03, 0x78, 0x90, 0x87, 0x77, 0xa0,
  0x87, 0x72, 0x18, 0x07, 0x7a, 0x78, 0x07, 0x79, 0x68, 0x03, 0x71, 0xa8,
  0x07, 0x73, 0x30, 0x87, 0x72, 0x90, 0x87, 0x36, 0x98, 0x87, 0x74, 0xd0,
  0x87, 0x72, 0x00, 0xf0, 0x00, 0x20, 0xea, 0xc1, 0x1d, 0xe6, 0x21, 0x1c,
  0xcc, 0xa1, 0x1c, 0xda, 0xc0, 0x1c, 0xe0, 0xa1, 0x0d, 0xda, 0x21, 0x1c,
  0xe8, 0x01, 0x1d, 0x00, 0x7a, 0x90, 0x87, 0x7a, 0x28, 0x07, 0x60, 0xc3,
  0x18, 0x08, 0x03, 0xb0, 0x00, 0xa4, 0x00, 0x54, 0x41, 0x80, 0x04, 0x69,
  0x80, 0x0c, 0xe1, 0x90, 0x0e, 0xf2, 0xd0, 0x06, 0xe2, 0x50, 0x0f, 0xe6,
  0x60, 0x0e, 0xe5, 0x20, 0x0f, 0x6d, 0xe0, 0x0e, 0xef, 0xd0, 0x06, 0xe1,
  0xc0, 0x0e, 0xe9, 0x10, 0x0e, 0xf3, 0x00, 0x00, 0x00, 0x49, 0x18, 0x00,
  0x00, 0x01, 0x00, 0x00, 0x00, 0x13, 0x84, 0x40, 0x00, 0x13, 0xac, 0x70,
  0x48, 0x07, 0x79, 0xb0, 0x03, 0x3a, 0x68, 0x83, 0x70, 0x80, 0x07, 0x78,
  0x60, 0x87, 0x72, 0x68, 0x03, 0x7a, 0xb0, 0x87, 0x77, 0x98, 0x87, 0x38,
  0xc0, 0x03, 0x37, 0x90, 0x03, 0x37, 0x80, 0x83, 0x0d, 0xb7, 0x51, 0x0e,
  0x6d, 0x00, 0x0f, 0x7a, 0x60, 0x07, 0x74, 0xa0, 0x07, 0x76, 0x40, 0x07,
  0x7a, 0x60, 0x07, 0x74, 0xd0, 0x06, 0xe9, 0x10, 0x07, 0x7a, 0x80, 0x07,
  0x7a, 0x80, 0x07, 0x6d, 0x90, 0x0e, 0x78, 0xa0, 0x07, 0x78, 0xa0, 0x07,
  0x78, 0xd0, 0x06, 0xe9, 0x10, 0x07, 0x76, 0xa0, 0x07, 0x71, 0x60, 0x07,
  0x7a, 0x10, 0x07, 0x76, 0xd0, 0x06, 0xe9, 0x30, 0x07, 0x72, 0xa0, 0x07,
  0x73, 0x20, 0x07, 0x7a, 0x30, 0x07, 0x72, 0xd0, 0x06, 0xe9, 0x60, 0x07,
  0x74, 0xa0, 0x07, 0x76, 0x40, 0x07, 0x7a, 0x60, 0x07, 0x74, 0xd0, 0x06,
  0xe6, 0x30, 0x07, 0x72, 0xa0, 0x07, 0x73, 0x20, 0x07, 0x7a, 0x30, 0x07,
  0x72, 0xd0, 0x06, 0xe6, 0x60, 0x07, 0x74, 0xa0, 0x07, 0x76, 0x40, 0x07,
  0x7a, 0x60, 0x07, 0x74, 0xd0, 0x06, 0xf6, 0x10, 0x07, 0x76, 0xa0, 0x07,
  0x71, 0x60, 0x07, 0x7a, 0x10, 0x07, 0x76, 0xd0, 0x06, 0xf6, 0x20, 0x07,
  0x74, 0xa0, 0x07, 0x73, 0x20, 0x07, 0x7a, 0x30, 0x07, 0x72, 0xd0, 0x06,
  0xf6, 0x30, 0x07, 0x72, 0xa0, 0x07, 0x73, 0x20, 0x07, 0x7a, 0x30, 0x07,
  0x72, 0xd0, 0x06, 0xf6, 0x40, 0x07, 0x78, 0xa0, 0x07, 0x76, 0x40, 0x07,
  0x7a, 0x60, 0x07, 0x74, 0xd0, 0x06, 0xf6, 0x60, 0x07, 0x74, 0xa0, 0x07,
  0x76, 0x40, 0x07, 0x7a, 0x60, 0x07, 0x74, 0xd0, 0x06, 0xf6, 0x90, 0x07,
  0x76, 0xa0, 0x07, 0x71, 0x20, 0x07, 0x78, 0xa0, 0x07, 0x71, 0x20, 0x07,
  0x78, 0xd0, 0x06, 0xf6, 0x10, 0x07, 0x72, 0x80, 0x07, 0x7a, 0x10, 0x07,
  0x72, 0x80, 0x07, 0x7a, 0x10, 0x07, 0x72, 0x80, 0x07, 0x6d, 0x60, 0x0f,
  0x71, 0x90, 0x07, 0x72, 0xa0, 0x07, 0x72, 0x50, 0x07, 0x76, 0xa0, 0x07,
  0x72, 0x50, 0x07, 0x76, 0xd0, 0x06, 0xf6, 0x20, 0x07, 0x75, 0x60, 0x07,
  0x7a, 0x20, 0x07, 0x75, 0x60, 0x07, 0x7a, 0x20, 0x07, 0x75, 0x60, 0x07,
  0x6d, 0x60, 0x0f, 0x75, 0x10, 0x07, 0x72, 0xa0, 0x07, 0x75, 0x10, 0x07,
  0x72, 0xa0, 0x07, 0x75, 0x10, 0x07, 0x72, 0xd0, 0x06, 0xf6, 0x10, 0x07,
  0x70, 0x20, 0x07, 0x74, 0xa0, 0x07, 0x71, 0x00, 0x07, 0x72, 0x40, 0x07,
  0x7a, 0x10, 0x07, 0x70, 0x20, 0x07, 0x74, 0xd0, 0x06, 0xee, 0x80, 0x07,
  0x7a, 0x10, 0x07, 0x76, 0xa0, 0x07, 0x73, 0x20, 0x07, 0x1a, 0x21, 0x0c,
  0xc9, 0x54, 0x44, 0x34, 0x11, 0x17, 0x7b, 0x00, 0x03, 0x11, 0x0d, 0xa9,
  0x00, 0xa6, 0x00, 0x00, 0x20, 0x00, 0x00, 0x00, 0x10, 0x00, 0x00, 0x00,
  0x00, 0x00, 0x60, 0x00, 0x89, 0x0d, 0x02, 0x45, 0x6f, 0x06, 0x00, 0x00,
  0xb2, 0x40, 0x00, 0x00, 0x00, 0x0a, 0x00, 0x00, 0x00, 0x32, 0x1e, 0x98,
  0x10, 0x19, 0x11, 0x4c, 0x90, 0x8c, 0x09, 0x26, 0x47, 0xc6, 0x04, 0x43,
  0xc2, 0x22, 0x28, 0x81, 0x42, 0x28, 0x87, 0xf2, 0x29, 0x40, 0x81, 0x82,
  0x28, 0x90, 0x11, 0x80, 0x32, 0xa0, 0x1c, 0x4b, 0x90, 0x04, 0x00, 0x00,
  0x00, 0xb1, 0x18, 0x00, 0x00, 0xa5, 0x00, 0x00, 0x00, 0x33, 0x08, 0x80,
  0x1c, 0xc4, 0xe1, 0x1c, 0x66, 0x14, 0x01, 0x3d, 0x88, 0x43, 0x38, 0x84,
  0xc3, 0x8c, 0x42, 0x80, 0x07, 0x79, 0x78, 0x07, 0x73, 0x98, 0x71, 0x0c,
  0xe6, 0x00, 0x0f, 0xed, 0x10, 0x0e, 0xf4, 0x80, 0x0e, 0x33, 0x0c, 0x42,
  0x1e, 0xc2, 0xc1, 0x1d, 0xce, 0xa1, 0x1c, 0x66, 0x30, 0x05, 0x3d, 0x88,
  0x43, 0x38, 0x84, 0x83, 0x1b, 0xcc, 0x03, 0x3d, 0xc8, 0x43, 0x3d, 0x8c,
  0x03, 0x3d, 0xcc, 0x78, 0x8c, 0x74, 0x70, 0x07, 0x7b, 0x08, 0x07, 0x79,
  0x48, 0x87, 0x70, 0x70, 0x07, 0x7a, 0x70, 0x03, 0x76, 0x78, 0x87, 0x70,
  0x20, 0x87, 0x19, 0xcc, 0x11, 0x0e, 0xec, 0x90, 0x0e, 0xe1, 0x30, 0x0f,
  0x6e, 0x30, 0x0f, 0xe3, 0xf0, 0x0e, 0xf0, 0x50, 0x0e, 0x33, 0x10, 0xc4,
  0x1d, 0xde, 0x21, 0x1c, 0xd8, 0x21, 0x1d, 0xc2, 0x61, 0x1e, 0x66, 0x30,
  0x89, 0x3b, 0xbc, 0x83, 0x3b, 0xd0, 0x43, 0x39, 0xb4, 0x03, 0x3c, 0xbc,
  0x83, 0x3c, 0x84, 0x03, 0x3b, 0xcc, 0xf0, 0x14, 0x76, 0x60, 0x07, 0x7b,
  0x68, 0x07, 0x37, 0x68, 0x87, 0x72, 0x68, 0x07, 0x37, 0x80, 0x87, 0x70,
  0x90, 0x87, 0x70, 0x60, 0x07, 0x76, 0x28, 0x07, 0x76, 0xf8, 0x05, 0x76,
  0x78, 0x87, 0x77, 0x80, 0x87, 0x5f, 0x08, 0x87, 0x71, 0x18, 0x87, 0x72,
  0x98, 0x87, 0x79, 0x98, 0x81, 0x2c, 0xee, 0xf0, 0x0e, 0xee, 0xe0, 0x0e,
  0xf5, 0xc0, 0x0e, 0xec, 0x30, 0x03, 0x62, 0xc8, 0xa1, 0x1c, 0xe4, 0xa1,
  0x1c, 0xcc, 0xa1, 0x1c, 0xe4, 0xa1, 0x1c, 0xdc, 0x61, 0x1c, 0xca, 0x21,
  0x1c, 0xc4, 0x81, 0x1d, 0xca, 0x61, 0x06, 0xd6, 0x90, 0x43, 0x39, 0xc8,
  0x43, 0x39, 0x98, 0x43, 0x39, 0xc8, 0x43, 0x39, 0xb8, 0xc3, 0x38, 0x94,
  0x43, 0x38, 0x88, 0x03, 0x3b, 0x94, 0xc3, 0x2f, 0xbc, 0x83, 0x3c, 0xfc,
  0x82, 0x3b, 0xd4, 0x03, 0x3b, 0xb0, 0xc3, 0x0c, 0xc7, 0x69, 0x87, 0x70,
  0x58, 0x87, 0x72, 0x70, 0x83, 0x74, 0x68, 0x07, 0x78, 0x60, 0x87, 0x74,
  0x18, 0x87, 0x74, 0xa0, 0x87, 0x19, 0xce, 0x53, 0x0f, 0xee, 0x00, 0x0f,
  0xf2, 0x50, 0x0e, 0xe4, 0x90, 0x0e, 0xe3, 0x40, 0x0f, 0xe1, 0x20, 0x0e,
  0xec, 0x50, 0x0e, 0x33, 0x20, 0x28, 0x1d, 0xdc, 0xc1, 0x1e, 0xc2, 0x41,
  0x1e, 0xd2, 0x21, 0x1c, 0xdc, 0x81, 0x1e, 0xdc, 0xe0, 0x1c, 0xe4, 0xe1,
  0x1d, 0xea, 0x01, 0x1e, 0x66, 0x18, 0x51, 0x38, 0xb0, 0x43, 0x3a, 0x9c,
  0x83, 0x3b, 0xcc, 0x50, 0x24, 0x76, 0x60, 0x07, 0x7b, 0x68, 0x07, 0x37,
  0x60, 0x87, 0x77, 0x78, 0x07, 0x78, 0x98, 0x51, 0x4c, 0xf4, 0x90, 0x0f,
  0xf0, 0x50, 0x0e, 0x33, 0x1e, 0x6a, 0x1e, 0xca, 0x61, 0x1c, 0xe8, 0x21,
  0x1d, 0xde, 0xc1, 0x1d, 0x7e, 0x01, 0x1e, 0xe4, 0xa1, 0x1c, 0xcc, 0x21,
  0x1d, 0xf0, 0x61, 0x06, 0x54, 0x85, 0x83, 0x38, 0xcc, 0xc3, 0x3b, 0xb0,
  0x43, 0x3d, 0xd0, 0x43, 0x39, 0xfc, 0xc2, 0x3c, 0xe4, 0x43, 0x3b, 0x88,
  0xc3, 0x3b, 0xb0, 0xc3, 0x8c, 0xc5, 0x0a, 0x87, 0x79, 0x98, 0x87, 0x77,
  0x18, 0x87, 0x74, 0x08, 0x07, 0x7a, 0x28, 0x07, 0x72, 0x98, 0x81, 0x5c,
  0xe3, 0x10, 0x0e, 0xec, 0xc0, 0x0e, 0xe5, 0x50, 0x0e, 0xf3, 0x30, 0x23,
  0xc1, 0xd2, 0x41, 0x1e, 0xe4, 0xe1, 0x17, 0xd8, 0xe1, 0x1d, 0xde, 0x01,
  0x1e, 0x66, 0x48, 0x19, 0x3b, 0xb0, 0x83, 0x3d, 0xb4, 0x83, 0x1b, 0x84,
  0xc3, 0x38, 0x8c, 0x43, 0x39, 0xcc, 0xc3, 0x3c, 0xb8, 0xc1, 0x39, 0xc8,
  0xc3, 0x3b, 0xd4, 0x03, 0x3c, 0xcc, 0x48, 0xb4, 0x71, 0x08, 0x07, 0x76,
  0x60, 0x07, 0x71, 0x08, 0x87, 0x71, 0x58, 0x87, 0x19, 0xdb, 0xc6, 0x0e,
  0xec, 0x60, 0x0f, 0xed, 0xe0, 0x06, 0xf0, 0x20, 0x0f, 0xe5, 0x30, 0x0f,
  0xe5, 0x20, 0x0f, 0xf6, 0x50, 0x0e, 0x6e, 0x10, 0x0e, 0xe3, 0x30, 0x0e,
  0xe5, 0x30, 0x0f, 0xf3, 0xe0, 0x06, 0xe9, 0xe0, 0x0e, 0xe4, 0x50, 0x0e,
  0xf8, 0x30, 0x23, 0xe2, 0xec, 0x61, 0x1c, 0xc2, 0x81, 0x1d, 0xd8, 0xe1,
  0x17, 0xec, 0x21, 0x1d, 0xe6, 0x21, 0x1d, 0xc4, 0x21, 0x1d, 0xd8, 0x21,
  0x1d, 0xe8, 0x21, 0x1f, 0x66, 0x20, 0x9d, 0x3b, 0xbc, 0x43, 0x3d, 0xb8,
  0x03, 0x39, 0x94, 0x83, 0x39, 0xcc, 0x58, 0xbc, 0x70, 0x70, 0x07, 0x77,
  0x78, 0x07, 0x7a, 0x08, 0x07, 0x7a, 0x48, 0x87, 0x77, 0x70, 0x87, 0x19,
  0xce, 0x87, 0x0e, 0xe5, 0x10, 0x0e, 0xf0, 0x10, 0x0e, 0xec, 0xc0, 0x0e,
  0xef, 0x30, 0x0e, 0xf3, 0x90, 0x0e, 0xf4, 0x50, 0x0e, 0x33, 0x28, 0x30,
  0x08, 0x87, 0x74, 0x90, 0x07, 0x37, 0x30, 0x87, 0x7a, 0x70, 0x87, 0x71,
  0xa0, 0x87, 0x74, 0x78, 0x07, 0x77, 0xf8, 0x85, 0x73, 0x90, 0x87, 0x77,
  0xa8, 0x07, 0x78, 0x98, 0x07, 0x00, 0x00, 0x00, 0x00, 0x79, 0x20, 0x00,
  0x00, 0x0d, 0x01, 0x00, 0x00, 0x72, 0x1e, 0x48, 0x20, 0x43, 0x88, 0x0c,
  0x19, 0x09, 0x72, 0x32, 0x48, 0x20, 0x23, 0x81, 0x8c, 0x91, 0x91, 0xd1,
  0x44, 0xa0, 0x10, 0x28, 0x64, 0x3c, 0x31, 0x32, 0x42, 0x8e, 0x90, 0x21,
  0xa3, 0x58, 0x06, 0x60, 0x70, 0x4f, 0x00, 0x00, 0x00, 0x8b, 0xd2, 0x58,
  0xd8, 0x06, 0x6d, 0x50, 0x1c, 0x14, 0x1b, 0x47, 0x06, 0x4c, 0x64, 0x30,
  0x43, 0x54, 0x19, 0x04, 0x76, 0x4c, 0x02, 0x24, 0x19, 0xca, 0x83, 0x44,
  0xd1, 0x85, 0x00, 0x00, 0x00, 0x53, 0x44, 0x4b, 0x20, 0x56, 0x65, 0x72,
  0x73, 0x69, 0x6f, 0x6e, 0x77, 0x63, 0x68, 0x61, 0x72, 0x5f, 0x73, 0x69,
  0x7a, 0x65, 0x66, 0x72, 0x61, 0x6d, 0x65, 0x2d, 0x70, 0x6f, 0x69, 0x6e,
  0x74, 0x65, 0x72, 0x61, 0x69, 0x72, 0x2e, 0x6d, 0x61, 0x78, 0x5f, 0x64,
  0x65, 0x76, 0x69, 0x63, 0x65, 0x5f, 0x62, 0x75, 0x66, 0x66, 0x65, 0x72,
  0x73, 0x61, 0x69, 0x72, 0x2e, 0x6d, 0x61, 0x78, 0x5f, 0x63, 0x6f, 0x6e,
  0x73, 0x74, 0x61, 0x6e, 0x74, 0x5f, 0x62, 0x75, 0x66, 0x66, 0x65, 0x72,
  0x73, 0x61, 0x69, 0x72, 0x2e, 0x6d, 0x61, 0x78, 0x5f, 0x74, 0x68, 0x72,
  0x65, 0x61, 0x64, 0x67, 0x72, 0x6f, 0x75, 0x70, 0x5f, 0x62, 0x75, 0x66,
  0x66, 0x65, 0x72, 0x73, 0x61, 0x69, 0x72, 0x2e, 0x6d, 0x61, 0x78, 0x5f,
  0x74, 0x65, 0x78, 0x74, 0x75, 0x72, 0x65, 0x73, 0x61, 0x69, 0x72, 0x2e,
  0x6d, 0x61, 0x78, 0x5f, 0x72, 0x65, 0x61, 0x64, 0x5f, 0x77, 0x72, 0x69,
  0x74, 0x65, 0x5f, 0x74, 0x65, 0x78, 0x74, 0x75, 0x72, 0x65, 0x73, 0x61,
  0x69, 0x72, 0x2e, 0x6d, 0x61, 0x78, 0x5f, 0x73, 0x61, 0x6d, 0x70, 0x6c,
  0x65, 0x72, 0x73, 0x41, 0x70, 0x70, 0x6c, 0x65, 0x20, 0x6d, 0x65, 0x74,
  0x61, 0x6c, 0x20, 0x76, 0x65, 0x72, 0x73, 0x69, 0x6f, 0x6e, 0x20, 0x33,
  0x32, 0x30, 0x32, 0x33, 0x2e, 0x34, 0x30, 0x34, 0x20, 0x28, 0x6d, 0x65,
  0x74, 0x61, 0x6c, 0x66, 0x65, 0x2d, 0x33, 0x32, 0x30, 0x32, 0x33, 0x2e,
  0x34, 0x30, 0x34, 0x29, 0x4d, 0x65, 0x74, 0x61, 0x6c, 0x61, 0x69, 0x72,
  0x2e, 0x63, 0x6f, 0x6d, 0x70, 0x69, 0x6c, 0x65, 0x2e, 0x64, 0x65, 0x6e,
  0x6f, 0x72, 0x6d, 0x73, 0x5f, 0x64, 0x69, 0x73, 0x61, 0x62, 0x6c, 0x65,
  0x61, 0x69, 0x72, 0x2e, 0x63, 0x6f, 0x6d, 0x70, 0x69, 0x6c, 0x65, 0x2e,
  0x66, 0x61, 0x73, 0x74, 0x5f, 0x6d, 0x61, 0x74, 0x68, 0x5f, 0x65, 0x6e,
  0x61, 0x62, 0x6c, 0x65, 0x61, 0x69, 0x72, 0x2e, 0x63, 0x6f, 0x6d, 0x70,
  0x69, 0x6c, 0x65, 0x2e, 0x66, 0x72, 0x61, 0x6d, 0x65, 0x62, 0x75, 0x66,
  0x66, 0x65, 0x72, 0x5f, 0x66, 0x65, 0x74, 0x63, 0x68, 0x5f, 0x65, 0x6e,
  0x61, 0x62, 0x6c, 0x65, 0x61, 0x69, 0x72, 0x2e, 0x70, 0x6f, 0x73, 0x69,
  0x74, 0x69, 0x6f, 0x6e, 0x61, 0x69, 0x72, 0x2e, 0x61, 0x72, 0x67, 0x5f,
  0x74, 0x79, 0x70, 0x65, 0x5f, 0x6e, 0x61, 0x6d, 0x65, 0x66, 0x6c, 0x6f,
  0x61, 0x74, 0x34, 0x61, 0x69, 0x72, 0x2e, 0x61, 0x72, 0x67, 0x5f, 0x6e,
  0x61, 0x6d, 0x65, 0x70, 0x6f, 0x73, 0x61, 0x69, 0x72, 0x2e, 0x76, 0x65,
  0x72, 0x74, 0x65, 0x78, 0x5f, 0x6f, 0x75, 0x74, 0x70, 0x75, 0x74, 0x67,
  0x65, 0x6e, 0x65, 0x72, 0x61, 0x74, 0x65, 0x64, 0x28, 0x34, 0x66, 0x70,
  0x6f, 0x73, 0x44, 0x76, 0x32, 0x5f, 0x66, 0x29, 0x66, 0x6c, 0x6f, 0x61,
  0x74, 0x32, 0x66, 0x70, 0x6f, 0x73, 0x67, 0x65, 0x6e, 0x65, 0x72, 0x61,
  0x74, 0x65, 0x64, 0x28, 0x37, 0x66, 0x74, 0x63, 0x6f, 0x6f, 0x72, 0x64,
  0x44, 0x76, 0x32, 0x5f, 0x66, 0x29, 0x66, 0x74, 0x63, 0x6f, 0x6f, 0x72,
  0x64, 0x67, 0x65, 0x6e, 0x65, 0x72, 0x61, 0x74, 0x65, 0x64, 0x28, 0x32,
  0x75, 0x76, 0x44, 0x76, 0x32, 0x5f, 0x66, 0x29, 0x75, 0x76, 0x61, 0x69,
  0x72, 0x2e, 0x76, 0x65, 0x72, 0x74, 0x65, 0x78, 0x5f, 0x69, 0x6e, 0x70,
  0x75, 0x74, 0x61, 0x69, 0x72, 0x2e, 0x6c, 0x6f, 0x63, 0x61, 0x74, 0x69,
  0x6f, 0x6e, 0x5f, 0x69, 0x6e, 0x64, 0x65, 0x78, 0x74, 0x63, 0x6f, 0x6f,
  0x72, 0x64, 0x61, 0x69, 0x72, 0x2e, 0x62, 0x75, 0x66, 0x66, 0x65, 0x72,
  0x61, 0x69, 0x72, 0x2e, 0x62, 0x75, 0x66, 0x66, 0x65, 0x72, 0x5f, 0x73,
  0x69, 0x7a, 0x65, 0x61, 0x69, 0x72, 0x2e, 0x72, 0x65, 0x61, 0x64, 0x61,
  0x69, 0x72, 0x2e, 0x61, 0x64, 0x64, 0x72, 0x65, 0x73, 0x73, 0x5f, 0x73,
  0x70, 0x61, 0x63, 0x65, 0x61, 0x69, 0x72, 0x2e, 0x61, 0x72, 0x67, 0x5f,
  0x74, 0x79, 0x70, 0x65, 0x5f, 0x73, 0x69, 0x7a, 0x65, 0x61, 0x69, 0x72,
  0x2e, 0x61, 0x72, 0x67, 0x5f, 0x74, 0x79, 0x70, 0x65, 0x5f, 0x61, 0x6c,
  0x69, 0x67, 0x6e, 0x5f, 0x73, 0x69, 0x7a, 0x65, 0x76, 0x69, 0x65, 0x77,
  0x53, 0x69, 0x7a, 0x65, 0x00, 0x06, 0x6a, 0x00, 0x00, 0x00, 0x00, 0x00,
  0x00, 0x30, 0x82, 0x80, 0x04, 0x23, 0x08, 0xc9, 0x32, 0x82, 0x80, 0x08,
  0x23, 0x08, 0xc8, 0x30, 0x82, 0x80, 0x10, 0x23, 0x08, 0x48, 0x31, 0x82,
  0x80, 0x18, 0x23, 0x08, 0xc8, 0x31, 0x82, 0x80, 0x20, 0x23, 0x08, 0x48,
  0x32, 0x82, 0x80, 0x28, 0x23, 0x08, 0x06, 0x30, 0xc3, 0x60, 0x06, 0xc1,
  0x19, 0xcc, 0x30, 0xa0, 0x81, 0x90, 0x06, 0x33, 0x0c, 0x6a, 0x30, 0x98,
  0xc1, 0x0c, 0x83, 0x1a, 0x10, 0x6b, 0x30, 0xc3, 0xa0, 0x06, 0xc5, 0x1a,
  0xcc, 0x30, 0xa8, 0x81, 0xb1, 0x06, 0x33, 0x0c, 0x6a, 0x70, 0xb0, 0xc1,
  0x0c, 0x83, 0x1a, 0x20, 0x6d, 0x30, 0xc3, 0xa0, 0x06, 0x89, 0x1b, 0xcc,
  0x10, 0x28, 0x33, 0x0c, 0x66, 0xa0, 0x06, 0x6f, 0x30, 0x03, 0xb1, 0xc0,
  0x81, 0x19, 0xbc, 0xc1, 0x0c, 0x01, 0x33, 0x43, 0xd0, 0xcc, 0x10, 0x38,
  0x33, 0x14, 0x0f, 0x14, 0x49, 0xd3, 0x0c, 0x06, 0x55, 0x41, 0x96, 0x74,
  0xcd, 0x60, 0x50, 0x18, 0x64, 0x49, 0xd9, 0x0c, 0x06, 0xa5, 0x41, 0x96,
  0xb4, 0xcd, 0x40, 0x84, 0x82, 0x28, 0x8c, 0x02, 0x29, 0xcc, 0x90, 0xbc,
  0x01, 0xd7, 0xbd, 0x01, 0x1a, 0x40, 0x96, 0x34, 0xcd, 0x90, 0xa0, 0x01,
  0xd7, 0xa1, 0x01, 0x1a, 0x40, 0x91, 0xe4, 0xcd, 0x20, 0x99, 0xc1, 0x07,
  0x06, 0x6d, 0xd0, 0xa1, 0x01, 0x1a, 0x84, 0x81, 0x18, 0x98, 0xc1, 0x18,
  0xb4, 0x01, 0x19, 0xb4, 0x01, 0x64, 0x49, 0x65, 0x30, 0xc3, 0x60, 0x0a,
  0xa7, 0x80, 0x0a, 0x33, 0x0c, 0x71, 0x50, 0x0a, 0xa9, 0x70, 0x65, 0x00,
  0x70, 0x1c, 0xc7, 0x71, 0x1c, 0xc7, 0x71, 0x1c, 0xc7, 0xb9, 0x81, 0x1b,
  0xb8, 0x81, 0x1b, 0xb8, 0x81, 0x1b, 0xb8, 0x81, 0x1b, 0xb8, 0x81, 0x45,
  0x07, 0x7a, 0x60, 0x59, 0x96, 0x1b, 0xd0, 0x01, 0x1d, 0xd0, 0x01, 0x28,
  0xe0, 0x02, 0x2e, 0xa8, 0x06, 0x1d, 0xc8, 0x48, 0x60, 0x82, 0x32, 0x62,
  0x63, 0xb3, 0x6b, 0x73, 0x69, 0x7b, 0x23, 0xab, 0x63, 0x2b, 0x73, 0x31,
  0x63, 0x0b, 0x3b, 0x9b, 0x1b, 0x25, 0x89, 0x03, 0x39, 0x98, 0x03, 0x3a,
  0xa8, 0x03, 0x3b, 0xb8, 0x03, 0x3c, 0xc8, 0x83, 0x54, 0xd8, 0xd8, 0xec,
  0xda, 0x5c, 0xd2, 0xc8, 0xca, 0xdc, 0xe8, 0x46, 0x09, 0xf4, 0x20, 0x97,
  0xb0, 0x34, 0x39, 0x17, 0xbb, 0x32, 0xb9, 0xb9, 0xb4, 0x37, 0xb7, 0x51,
  0x82, 0x3d, 0x48, 0x2a, 0x2c, 0x4d, 0xce, 0x85, 0x2d, 0xcc, 0xed, 0xac,
  0x2e, 0xec, 0xac, 0xec, 0xcb, 0xae, 0x4c, 0x6e, 0x2e, 0xed, 0xcd, 0x6d,
  0x94, 0x80, 0x0f, 0x72, 0x0a, 0x4b, 0x93, 0x73, 0x19, 0x7b, 0x6b, 0x83,
  0x4b, 0x63, 0x2b, 0xfb, 0x7a, 0x83, 0xa3, 0x4b, 0x7b, 0x73, 0x9b, 0x1b,
  0x65, 0xe8, 0x03, 0x3f, 0xf8, 0x83, 0x54, 0xc2, 0xd2, 0xe4, 0x5c, 0xec,
  0xca, 0xe4, 0xe8, 0xca, 0xf0, 0x46, 0x09, 0x52, 0x01, 0x00, 0x00, 0x00,
  0x00, 0xa9, 0x18, 0x00, 0x00, 0x25, 0x00, 0x00, 0x00, 0x0b, 0x0a, 0x72,
  0x28, 0x87, 0x77, 0x80, 0x07, 0x7a, 0x58, 0x70, 0x98, 0x43, 0x3d, 0xb8,
  0xc3, 0x38, 0xb0, 0x43, 0x39, 0xd0, 0xc3, 0x82, 0xe6, 0x1c, 0xc6, 0xa1,
  0x0d, 0xe8, 0x41, 0x1e, 0xc2, 0xc1, 0x1d, 0xe6, 0x21, 0x1d, 0xe8, 0x21,
  0x1d, 0xde, 0xc1, 0x1d, 0x16, 0x34, 0xe3, 0x60, 0x0e, 0xe7, 0x50, 0x0f,
  0xe1, 0x20, 0x0f, 0xe4, 0x40, 0x0f, 0xe1, 0x20, 0x0f, 0xe7, 0x50, 0x0e,
  0xf4, 0xb0, 0x80, 0x81, 0x07, 0x79, 0x28, 0x87, 0x70, 0x60, 0x07, 0x76,
  0x78, 0x87, 0x71, 0x08, 0x07, 0x7a, 0x28, 0x07, 0x72, 0x58, 0x70, 0x9c,
  0xc3, 0x38, 0xb4, 0x01, 0x3b, 0xa4, 0x83, 0x3d, 0x94, 0xc3, 0x02, 0x6b,
  0x1c, 0xd8, 0x21, 0x1c, 0xdc, 0xe1, 0x1c, 0xdc, 0x20, 0x1c, 0xe4, 0x61,
  0x1c, 0xdc, 0x20, 0x1c, 0xe8, 0x81, 0x1e, 0xc2, 0x61, 0x1c, 0xd0, 0xa1,
  0x1c, 0xc8, 0x61, 0x1c, 0xc2, 0x81, 0x1d, 0xd8, 0x61, 0xc1, 0x01, 0x0f,
  0xf4, 0x20, 0x0f, 0xe1, 0x50, 0x0f, 0xf4, 0x80, 0x0e, 0x00, 0x00, 0x00,
  0x00, 0xd1, 0x10, 0x00, 0x00, 0x06, 0x00, 0x00, 0x00, 0x07, 0xcc, 0x3c,
  0xa4, 0x83, 0x3b, 0x9c, 0x03, 0x3b, 0x94, 0x03, 0x3d, 0xa0, 0x83, 0x3c,
  0x94, 0x43, 0x38, 0x90, 0xc3, 0x01, 0x00, 0x00, 0x00, 0x61, 0x20, 0x00,
  0x00, 0x42, 0x00, 0x00, 0x00, 0x13, 0x04, 0x41, 0x2c, 0x10, 0x00, 0x00,
  0x00, 0x10, 0x00, 0x00, 0x00, 0xa4, 0x63, 0x09, 0x40, 0x30, 0x96, 0x20,
  0x0c, 0xb4, 0x23, 0x00, 0x25, 0x40, 0x30, 0x46, 0x00, 0x82, 0x20, 0x08,
  0x82, 0xc1, 0x18, 0x01, 0x08, 0x82, 0x20, 0xfe, 0x8d, 0x06, 0x8c, 0x11,
  0x80, 0x20, 0x08, 0xe2, 0xbf, 0x30, 0x02, 0x40, 0x31, 0x1a, 0x30, 0x07,
  0x51, 0x55, 0x17, 0x45, 0x32, 0x96, 0x00, 0x82, 0x20, 0x08, 0x82, 0x01,
  0x08, 0x82, 0x20, 0x08, 0x06, 0x34, 0x33, 0x00, 0x00, 0xf1, 0x30, 0x00,
  0x00, 0x15, 0x00, 0x00, 0x00, 0x22, 0x47, 0xc8, 0x90, 0x51, 0x0a, 0x04,
  0x1e, 0x00, 0x00, 0x00, 0x00, 0x9e, 0x05, 0x00, 0x00, 0x61, 0x69, 0x72,
  0x2d, 0x61, 0x6c, 0x69, 0x61, 0x73, 0x2d, 0x73, 0x63, 0x6f, 0x70, 0x65,
  0x73, 0x28, 0x76, 0x65, 0x72, 0x74, 0x65, 0x78, 0x53, 0x68, 0x61, 0x64,
  0x65, 0x72, 0x29, 0x61, 0x69, 0x72, 0x2d, 0x61, 0x6c, 0x69, 0x61, 0x73,
  0x2d, 0x73, 0x63, 0x6f, 0x70, 0x65, 0x2d, 0x61, 0x72, 0x67, 0x28, 0x32,
  0x29, 0x2b, 0x84, 0x56, 0x58, 0x85, 0x15, 0x83, 0x2b, 0xb4, 0x02, 0x2b,
  0x6c, 0x08, 0x5c, 0x01, 0x00, 0x83, 0x0c, 0x0f, 0xd1, 0x60, 0x30, 0x88,
  0xff, 0x20, 0x43, 0x64, 0x38, 0x63, 0x08, 0x93, 0x83, 0x41, 0x23, 0xfe,
  0x34, 0x09, 0x19, 0x43, 0x08, 0x22, 0x1c, 0x02, 0xf2, 0xc7, 0xc0, 0x01,
  0xff, 0x31, 0x84, 0x6c, 0xc2, 0x60, 0x12, 0xff, 0x31, 0x04, 0xa3, 0x42,
  0x21, 0x20, 0x7f, 0xac, 0x82, 0xf0, 0x9f, 0x63, 0x88, 0x8c, 0x6c, 0x8e,
  0x21, 0x10, 0xb2, 0xd9, 0x86, 0x28, 0x00, 0x66, 0x1b, 0x82, 0x30, 0x08,
  0x66, 0x1b, 0x82, 0x48, 0x98, 0x6d, 0x08, 0xa2, 0x61, 0x83, 0x80, 0x18,
  0x00, 0x02, 0x00, 0x00, 0x00, 0x5b, 0x86, 0xe2, 0x70, 0x05, 0x00, 0x00,
  0x00, 0x00, 0x00, 0x00, 0x00, 0x71, 0x20, 0x00, 0x00, 0x03, 0x00, 0x00,
  0x00, 0x32, 0x0e, 0x10, 0x22, 0x84, 0x00, 0xf3, 0x05, 0x00, 0x00, 0x00,
  0x00, 0x00, 0x00, 0x00, 0x00, 0x65, 0x0c, 0x00, 0x00, 0x1f, 0x00, 0x00,
  0x00, 0x12, 0x03, 0x94, 0xf0, 0x00, 0x00, 0x00, 0x00, 0x03, 0x00, 0x00,
  0x00, 0x0c, 0x00, 0x00, 0x00, 0x09, 0x00, 0x00, 0x00, 0x4c, 0x00, 0x00,
  0x00, 0x01, 0x00, 0x00, 0x00, 0x58, 0x00, 0x00, 0x00, 0x00, 0x00, 0x00,
  0x00, 0x58, 0x00, 0x00, 0x00, 0x01, 0x00, 0x00, 0x00, 0x70, 0x00, 0x00,
  0x00, 0x00, 0x00, 0x00, 0x00, 0x15, 0x00, 0x00, 0x00, 0x16, 0x00, 0x00,
  0x00, 0x00, 0x00, 0x00, 0x00, 0x0c, 0x00, 0x00, 0x00, 0x0c, 0x00, 0x00,
  0x00, 0x00, 0x00, 0x00, 0x00, 0x70, 0x00, 0x00, 0x00, 0x00, 0x00, 0x00,
  0x00, 0x00, 0x00, 0x00, 0x00, 0x01, 0x00, 0x00, 0x00, 0x00, 0x00, 0x00,
  0x00, 0x00, 0x00, 0x00, 0x00, 0x0c, 0x00, 0x00, 0x00, 0x00, 0x00, 0x00,
  0x00, 0x0c, 0x00, 0x00, 0x00, 0xff, 0xff, 0xff, 0xff, 0x00, 0x24, 0x00,
  0x00, 0x00, 0x00, 0x00, 0x00, 0x5d, 0x0c, 0x00, 0x00, 0x0e, 0x00, 0x00,
  0x00, 0x12, 0x03, 0x94, 0x6b, 0x00, 0x00, 0x00, 0x00, 0x76, 0x65, 0x72,
  0x74, 0x65, 0x78, 0x53, 0x68, 0x61, 0x64, 0x65, 0x72, 0x33, 0x32, 0x30,
  0x32, 0x33, 0x2e, 0x34, 0x30, 0x34, 0x61, 0x69, 0x72, 0x36, 0x34, 0x2d,
  0x61, 0x70, 0x70, 0x6c, 0x65, 0x2d, 0x74, 0x76, 0x6f, 0x73, 0x31, 0x38,
  0x2e, 0x32, 0x2e, 0x30, 0x00, 0x00, 0x00, 0x00, 0x00, 0x00, 0x00, 0x00,
  0x00, 0xde, 0xc0, 0x17, 0x0b, 0x00, 0x00, 0x00, 0x00, 0x14, 0x00, 0x00,
  0x00, 0x14, 0x50, 0x00, 0x00, 0xff, 0xff, 0xff, 0xff, 0x42, 0x43, 0xc0,
  0xde, 0x35, 0x14, 0x00, 0x00, 0x03, 0x00, 0x00, 0x00, 0x62, 0x0c, 0x30,
  0x24, 0x80, 0x10, 0x05, 0xc8, 0x14, 0x00, 0x00, 0x00, 0x21, 0x0c, 0x00,
  0x00, 0x56, 0x12, 0x00, 0x00, 0x0b, 0x02, 0x21, 0x00, 0x02, 0x00, 0x00,
  0x00, 0x16, 0x00, 0x00, 0x00, 0x07, 0x81, 0x23, 0x91, 0x41, 0xc8, 0x04,
  0x49, 0x06, 0x10, 0x32, 0x39, 0x92, 0x01, 0x84, 0x0c, 0x25, 0x05, 0x08,
  0x19, 0x1e, 0x04, 0x8b, 0x62, 0x80, 0x18, 0x45, 0x02, 0x42, 0x92, 0x0b,
  0x42, 0xc4, 0x10, 0x32, 0x14, 0x38, 0x08, 0x18, 0x4b, 0x0a, 0x32, 0x62,
  0x88, 0x48, 0x70, 0xc4, 0x21, 0x23, 0x44, 0x12, 0x87, 0x8c, 0x10, 0x41,
  0x92, 0x02, 0x64, 0xc8, 0x08, 0xb1, 0x14, 0x20, 0x43, 0x46, 0x88, 0x20,
  0xc9, 0x01, 0x32, 0x62, 0x84, 0x18, 0x2a, 0x28, 0x2a, 0x90, 0x31, 0x7c,
  0xb0, 0x5c, 0x91, 0x20, 0xc6, 0xc8, 0x00, 0x00, 0x00, 0x89, 0x20, 0x00,
  0x00, 0x45, 0x00, 0x00, 0x00, 0x32, 0x22, 0x88, 0x09, 0x20, 0x62, 0x46,
  0x00, 0x21, 0x2b, 0x24, 0x98, 0x18, 0x21, 0x25, 0x24, 0x98, 0x18, 0x19,
  0x27, 0x0c, 0x85, 0xa4, 0x90, 0x60, 0x62, 0x64, 0x5c, 0x20, 0x24, 0x66,
  0x82, 0xa0, 0x0f, 0x66, 0x00, 0x86, 0x11, 0x08, 0x60, 0x18, 0x41, 0x00,
  0xe6, 0x08, 0xc0, 0x40, 0x0d, 0x00, 0x7c, 0xa4, 0x29, 0xa2, 0x84, 0xc9,
  0x77, 0x1b, 0xa4, 0x70, 0x22, 0x46, 0x4a, 0xcf, 0x30, 0x0c, 0x03, 0x41,
  0x08, 0x02, 0x00, 0x00, 0x00, 0x00, 0x0c, 0x83, 0x08, 0x85, 0x80, 0x94,
  0x34, 0x45, 0x94, 0x30, 0xf9, 0xff, 0x44, 0x5c, 0x13, 0x15, 0x11, 0xbf,
  0x3d, 0xfc, 0xd3, 0x18, 0x01, 0x30, 0x88, 0x70, 0x04, 0x18, 0x49, 0x53,
  0x44, 0x09, 0x93, 0xff, 0x4b, 0x00, 0xf3, 0x2c, 0x44, 0xf4, 0x4f, 0x63,
  0x04, 0xc0, 0x20, 0x42, 0x22, 0x18, 0x24, 0x08, 0x04, 0x41, 0x30, 0x10,
  0x85, 0x16, 0x43, 0x04, 0x88, 0x22, 0x50, 0x33, 0x47, 0x80, 0x1c, 0x21,
  0x78, 0xe6, 0x08, 0x82, 0x61, 0x04, 0x61, 0x30, 0x0a, 0x84, 0x28, 0x42,
  0x24, 0x45, 0x00, 0x30, 0xd0, 0x64, 0x04, 0x41, 0xa0, 0xca, 0x08, 0xc0,
  0x40, 0x97, 0x19, 0x06, 0x64, 0xa0, 0xcc, 0x0c, 0x00, 0x00, 0xd0, 0x66,
  0x04, 0x00, 0xa0, 0xce, 0x0c, 0x80, 0x20, 0xd0, 0xa7, 0x08, 0x0f, 0x56,
  0xd2, 0x14, 0x51, 0xc2, 0xe4, 0xaf, 0x80, 0x34, 0x11, 0x11, 0x92, 0x11,
  0x51, 0x07, 0x4c, 0x40, 0x2a, 0x02, 0x41, 0x10, 0x42, 0x12, 0xcd, 0x00,
  0x18, 0x23, 0x91, 0x86, 0x00, 0x00, 0x00, 0x20, 0xd3, 0x10, 0x41, 0x10,
  0x04, 0x84, 0x9a, 0x41, 0x10, 0x04, 0x52, 0x47, 0x00, 0x4c, 0xc0, 0x52,
  0x6b, 0x06, 0xc0, 0x10, 0xe8, 0x1d, 0x08, 0x50, 0x81, 0x61, 0x8e, 0x00,
  0x14, 0x28, 0x20, 0x61, 0x0a, 0x60, 0x10, 0x61, 0x10, 0x06, 0x11, 0x00,
  0x61, 0x18, 0x61, 0x00, 0x86, 0x11, 0x86, 0x61, 0x18, 0x81, 0x18, 0x06,
  0x11, 0x04, 0x01, 0x00, 0x00, 0x51, 0x18, 0x00, 0x00, 0xad, 0x01, 0x00,
  0x00, 0x1b, 0xea, 0x23, 0xf8, 0xff, 0xff, 0xff, 0xff, 0x01, 0x58, 0x03,
  0xc0, 0x14, 0x00, 0x09, 0xe8, 0x03, 0x22, 0x1c, 0xe0, 0x01, 0x1e, 0xe4,
  0xe1, 0x1d, 0xf0, 0xa1, 0x0d, 0xcc, 0xa1, 0x1e, 0xdc, 0x61, 0x1c, 0xda,
  0xc0, 0x1c, 0xe0, 0xa1, 0x0d, 0xda, 0x21, 0x1c, 0xe8, 0x01, 0x1d, 0x00,
  0x7a, 0x90, 0x87, 0x7a, 0x28, 0x07, 0x80, 0x30, 0x07, 0x79, 0x08, 0x87,
  0x76, 0x28, 0x87, 0x36, 0x80, 0x87, 0x77, 0x48, 0x07, 0x77, 0xa0, 0x87,
  0x72, 0x90, 0x07, 0x20, 0x1c, 0xd8, 0x81, 0x1d, 0x00, 0xa2, 0x1d, 0xd2,
  0xc1, 0x1d, 0xda, 0x80, 0x1d, 0xca, 0xe1, 0x1c, 0xc2, 0x81, 0x1d, 0xda,
  0xc0, 0x1e, 0xca, 0x61, 0x1c, 0xe8, 0xe1, 0x1d, 0xe4, 0xa1, 0x0d, 0xee,
  0x21, 0x1d, 0xc8, 0x81, 0x1e, 0xd0, 0x01, 0x88, 0x03, 0x39, 0xc0, 0x03,
  0x60, 0x70, 0x87, 0x77, 0x68, 0x03, 0x71, 0xa8, 0x87, 0x74, 0x60, 0x07,
  0x7a, 0x48, 0x07, 0x77, 0x98, 0x07, 0x80, 0x70, 0x87, 0x77, 0x68, 0x83,
  0x74, 0x70, 0x07, 0x73, 0x98, 0x87, 0x36, 0x30, 0x07, 0x78, 0x68, 0x83,
  0x76, 0x08, 0x07, 0x7a, 0x40, 0x07, 0x80, 0x1e, 0xe4, 0xa1, 0x1e, 0xca,
  0x01, 0x20, 0xdc, 0xe1, 0x1d, 0xda, 0xc0, 0x1d, 0xc2, 0xc1, 0x1d, 0xe6,
  0xa1, 0x0d, 0xcc, 0x01, 0x1e, 0xda, 0xa0, 0x1d, 0xc2, 0x81, 0x1e, 0xd0,
  0x01, 0xa0, 0x07, 0x79, 0xa8, 0x87, 0x72, 0x00, 0x08, 0x77, 0x78, 0x87,
  0x36, 0x98, 0x87, 0x74, 0x38, 0x07, 0x77, 0x28, 0x07, 0x72, 0x68, 0x03,
  0x7d, 0x28, 0x07, 0x79, 0x78, 0x87, 0x79, 0x68, 0x03, 0x73, 0x80, 0x87,
  0x36, 0x68, 0x87, 0x70, 0xa0, 0x07, 0x74, 0x00, 0xe8, 0x41, 0x1e, 0xea,
  0xa1, 0x1c, 0x00, 0xc2, 0x1d, 0xde, 0xa1, 0x0d, 0xe8, 0x41, 0x1e, 0xc2,
  0x01, 0x1e, 0xe0, 0x21, 0x1d, 0xdc, 0xe1, 0x1c, 0xda, 0xa0, 0x1d, 0xc2,
  0x81, 0x1e, 0xd0, 0x01, 0xa0, 0x07, 0x79, 0xa8, 0x87, 0x72, 0x00, 0x88,
  0x79, 0xa0, 0x87, 0x70, 0x18, 0x87, 0x75, 0x68, 0x03, 0x78, 0x90, 0x87,
  0x77, 0xa0, 0x87, 0x72, 0x18, 0x07, 0x7a, 0x78, 0x07, 0x79, 0x68, 0x03,
  0x71, 0xa8, 0x07, 0x73, 0x30, 0x87, 0x72, 0x90, 0x87, 0x36, 0x98, 0x87,
  0x74, 0xd0, 0x87, 0x72, 0x00, 0xf0, 0x00, 0x20, 0xea, 0xc1, 0x1d, 0xe6,
  0x21, 0x1c, 0xcc, 0xa1, 0x1c, 0xda, 0xc0, 0x1c, 0xe0, 0xa1, 0x0d, 0xda,
  0x21, 0x1c, 0xe8, 0x01, 0x1d, 0x00, 0x7a, 0x90, 0x87, 0x7a, 0x28, 0x07,
  0x60, 0x43, 0x18, 0x08, 0x05, 0x40, 0x0a, 0x40, 0x15, 0x04, 0x48, 0x90,
  0x06, 0xf0, 0x30, 0x84, 0x43, 0x3a, 0xc8, 0x43, 0x1b, 0x88, 0x43, 0x3d,
  0x98, 0x83, 0x39, 0x94, 0x83, 0x3c, 0xb4, 0x81, 0x3b, 0xbc, 0x43, 0x1b,
  0x84, 0x03, 0x3b, 0xa4, 0x43, 0x38, 0xcc, 0x03, 0xb0, 0xc1, 0x18, 0x0e,
  0x60, 0x01, 0xaa, 0x0d, 0x06, 0x21, 0x00, 0x0b, 0x50, 0x6d, 0x20, 0x8a,
  0x01, 0x20, 0x85, 0x0d, 0x90, 0xf1, 0xff, 0xff, 0xff, 0xff, 0x03, 0xd0,
  0x06, 0xc0, 0x1a, 0x00, 0xa6, 0x00, 0xf8, 0x01, 0x20, 0x01, 0x15, 0xd0,
  0x07, 0x1b, 0x8c, 0x23, 0x00, 0x16, 0xa0, 0xda, 0x90, 0x1f, 0xc8, 0xff,
  0xff, 0xff, 0xff, 0x0f, 0xc0, 0x1a, 0x00, 0xa6, 0x00, 0xf8, 0x01, 0x20,
  0x01, 0x15, 0xd0, 0x07, 0x44, 0x38, 0xc0, 0x03, 0x3c, 0xc8, 0xc3, 0x3b,
  0xe0, 0x43, 0x1b, 0x98, 0x43, 0x3d, 0xb8, 0xc3, 0x38, 0xb4, 0x81, 0x39,
  0xc0, 0x43, 0x1b, 0xb4, 0x43, 0x38, 0xd0, 0x03, 0x3a, 0x00, 0xf4, 0x20,
  0x0f, 0xf5, 0x50, 0x0e, 0x00, 0x61, 0x0e, 0xf2, 0x10, 0x0e, 0xed, 0x50,
  0x0e, 0x6d, 0x00, 0x0f, 0xef, 0x90, 0x0e, 0xee, 0x40, 0x0f, 0xe5, 0x20,
  0x0f, 0x40, 0x38, 0xb0, 0x03, 0x3b, 0x00, 0x44, 0x3b, 0xa4, 0x83, 0x3b,
  0xb4, 0x01, 0x3b, 0x94, 0xc3, 0x39, 0x84, 0x03, 0x3b, 0xb4, 0x81, 0x3d,
  0x94, 0xc3, 0x38, 0xd0, 0xc3, 0x3b, 0xc8, 0x43, 0x1b, 0xdc, 0x43, 0x3a,
  0x90, 0x03, 0x3d, 0xa0, 0x03, 0x10, 0x07, 0x72, 0x80, 0x07, 0xc0, 0xe0,
  0x0e, 0xef, 0xd0, 0x06, 0xe2, 0x50, 0x0f, 0xe9, 0xc0, 0x0e, 0xf4, 0x90,
  0x0e, 0xee, 0x30, 0x0f, 0x00, 0xe1, 0x0e, 0xef, 0xd0, 0x06, 0xe9, 0xe0,
  0x0e, 0xe6, 0x30, 0x0f, 0x6d, 0x60, 0x0e, 0xf0, 0xd0, 0x06, 0xed, 0x10,
  0x0e, 0xf4, 0x80, 0x0e, 0x00, 0x3d, 0xc8, 0x43, 0x3d, 0x94, 0x03, 0x40,
  0xb8, 0xc3, 0x3b, 0xb4, 0x81, 0x3b, 0x84, 0x83, 0x3b, 0xcc, 0x43, 0x1b,
  0x98, 0x03, 0x3c, 0xb4, 0x41, 0x3b, 0x84, 0x03, 0x3d, 0xa0, 0x03, 0x40,
  0x0f, 0xf2, 0x50, 0x0f, 0xe5, 0x00, 0x10, 0xee, 0xf0, 0x0e, 0x6d, 0x30,
  0x0f, 0xe9, 0x70, 0x0e, 0xee, 0x50, 0x0e, 0xe4, 0xd0, 0x06, 0xfa, 0x50,
  0x0e, 0xf2, 0xf0, 0x0e, 0xf3, 0xd0, 0x06, 0xe6, 0x00, 0x0f, 0x6d, 0xd0,
  0x0e, 0xe1, 0x40, 0x0f, 0xe8, 0x00, 0xd0, 0x83, 0x3c, 0xd4, 0x43, 0x39,
  0x00, 0x84, 0x3b, 0xbc, 0x43, 0x1b, 0xd0, 0x83, 0x3c, 0x84, 0x03, 0x3c,
  0xc0, 0x43, 0x3a, 0xb8, 0xc3, 0x39, 0xb4, 0x41, 0x3b, 0x84, 0x03, 0x3d,
  0xa0, 0x03, 0x40, 0x0f, 0xf2, 0x50, 0x0f, 0xe5, 0x00, 0x10, 0xf3, 0x40,
  0x0f, 0xe1, 0x30, 0x0e, 0xeb, 0xd0, 0x06, 0xf0, 0x20, 0x0f, 0xef, 0x40,
  0x0f, 0xe5, 0x30, 0x0e, 0xf4, 0xf0, 0x0e, 0xf2, 0xd0, 0x06, 0xe2, 0x50,
  0x0f, 0xe6, 0x60, 0x0e, 0xe5, 0x20, 0x0f, 0x6d, 0x30, 0x0f, 0xe9, 0xa0,
  0x0f, 0xe5, 0x00, 0xe0, 0x01, 0x40, 0xd4, 0x83, 0x3b, 0xcc, 0x43, 0x38,
  0x98, 0x43, 0x39, 0xb4, 0x81, 0x39, 0xc0, 0x43, 0x1b, 0xb4, 0x43, 0x38,
  0xd0, 0x03, 0x3a, 0x00, 0xf4, 0x20, 0x0f, 0xf5, 0x50, 0x0e, 0xc0, 0x06,
  0x27, 0xf9, 0xff, 0xff, 0xff, 0xff, 0x01, 0x30, 0x05, 0xc0, 0x0f, 0x80,
  0x3f, 0x00, 0x24, 0x80, 0x02, 0xfa, 0x60, 0x83, 0xa3, 0xfc, 0xff, 0xff,
  0xff, 0xff, 0x00, 0xb4, 0x01, 0x60, 0x0a, 0x80, 0x1f, 0x00, 0x12, 0x50,
  0x01, 0x7d, 0xb0, 0x41, 0x59, 0xfe, 0xff, 0xff, 0xff, 0x7f, 0x00, 0xd6,
  0x00, 0x30, 0x05, 0x40, 0x02, 0xfa, 0x60, 0x03, 0x7d, 0x30, 0xff, 0xff,
  0xff, 0xff, 0x3f, 0x00, 0x6b, 0x00, 0x98, 0x02, 0x20, 0x01, 0x7d, 0x40,
  0x84, 0x03, 0x3c, 0xc0, 0x83, 0x3c, 0xbc, 0x03, 0x3e, 0xb4, 0x81, 0x39,
  0xd4, 0x83, 0x3b, 0x8c, 0x43, 0x1b, 0x98, 0x03, 0x3c, 0xb4, 0x41, 0x3b,
  0x84, 0x03, 0x3d, 0xa0, 0x03, 0x40, 0x0f, 0xf2, 0x50, 0x0f, 0xe5, 0x00,
  0x10, 0xe6, 0x20, 0x0f, 0xe1, 0xd0, 0x0e, 0xe5, 0xd0, 0x06, 0xf0, 0xf0,
  0x0e, 0xe9, 0xe0, 0x0e, 0xf4, 0x50, 0x0e, 0xf2, 0x00, 0x84, 0x03, 0x3b,
  0xb0, 0x03, 0x40, 0xb4, 0x43, 0x3a, 0xb8, 0x43, 0x1b, 0xb0, 0x43, 0x39,
  0x9c, 0x43, 0x38, 0xb0, 0x43, 0x1b, 0xd8, 0x43, 0x39, 0x8c, 0x03, 0x3d,
  0xbc, 0x83, 0x3c, 0xb4, 0xc1, 0x3d, 0xa4, 0x03, 0x39, 0xd0, 0x03, 0x3a,
  0x00, 0x76, 0x40, 0x07, 0xc0, 0xe0, 0x0e, 0xef, 0xd0, 0x06, 0xe2, 0x50,
  0x0f, 0xe9, 0xc0, 0x0e, 0xf4, 0x90, 0x0e, 0xee, 0x30, 0x0f, 0x00, 0xe1,
  0x0e, 0xef, 0xd0, 0x06, 0xe9, 0xe0, 0x0e, 0xe6, 0x30, 0x0f, 0x6d, 0x60,
  0x0e, 0xf0, 0xd0, 0x06, 0xed, 0x10, 0x0e, 0xf4, 0x80, 0x0e, 0x00, 0x3d,
  0xc8, 0x43, 0x3d, 0x94, 0x03, 0x40, 0xb8, 0xc3, 0x3b, 0xb4, 0x81, 0x3b,
  0x84, 0x83, 0x3b, 0xcc, 0x43, 0x1b, 0x98, 0x03, 0x3c, 0xb4, 0x41, 0x3b,
  0x84, 0x03, 0x3d, 0xa0, 0x03, 0x40, 0x0f, 0xf2, 0x50, 0x0f, 0xe5, 0x00,
  0x10, 0xee, 0xf0, 0x0e, 0x6d, 0x30, 0x0f, 0xe9, 0x70, 0x0e, 0xee, 0x50,
  0x0e, 0xe4, 0xd0, 0x06, 0xfa, 0x50, 0x0e, 0xf2, 0xf0, 0x0e, 0xf3, 0xd0,
  0x06, 0xe6, 0x00, 0x0f, 0x6d, 0xd0, 0x0e, 0xe1, 0x40, 0x0f, 0xe8, 0x00,
  0xd0, 0x83, 0x3c, 0xd4, 0x43, 0x39, 0x00, 0x84, 0x3b, 0xbc, 0x43, 0x1b,
  0xd0, 0x83, 0x3c, 0x84, 0x03, 0x3c, 0xc0, 0x43, 0x3a, 0xb8, 0xc3, 0x39,
  0xb4, 0x41, 0x3b, 0x84, 0x03, 0x3d, 0xa0, 0x03, 0x40, 0x0f, 0xf2, 0x50,
  0x0f, 0xe5, 0x00, 0x10, 0xf3, 0x40, 0x0f, 0xe1, 0x30, 0x0e, 0xeb, 0xd0,
  0x06, 0xf0, 0x20, 0x0f, 0xef, 0x40, 0x0f, 0xe5, 0x30, 0x0e, 0xf4, 0xf0,
  0x0e, 0xf2, 0xd0, 0x06, 0xe2, 0x50, 0x0f, 0xe6, 0x60, 0x0e, 0xe5, 0x20,
  0x0f, 0x6d, 0x30, 0x0f, 0xe9, 0xa0, 0x0f, 0xe5, 0x00, 0xe0, 0x01, 0x40,
  0xd4, 0x83, 0x3b, 0xcc, 0x43, 0x38, 0x98, 0x43, 0x39, 0xb4, 0x81, 0x39,
  0xc0, 0x43, 0x1b, 0xb4, 0x43, 0x38, 0xd0, 0x03, 0x3a, 0x00, 0xf4, 0x20,
  0x0f, 0xf5, 0x50, 0x0e, 0xc0, 0x06, 0xa7, 0x09, 0x80, 0x05, 0x20, 0x05,
  0xa0, 0x0a, 0x02, 0x24, 0x48, 0x03, 0x78, 0xd8, 0x00, 0x39, 0x02, 0xb0,
  0x00, 0xa4, 0x00, 0x9c, 0x01, 0x50, 0x05, 0x01, 0x14, 0xa4, 0x01, 0x1c,
  0x6c, 0x40, 0x9e, 0xff, 0xff, 0xff, 0xff, 0x1f, 0x00, 0x53, 0x00, 0x24,
  0xa0, 0x0f, 0x36, 0xd0, 0x07, 0xf4, 0xff, 0xff, 0xff, 0xff, 0x03, 0xb0,
  0x06, 0x80, 0x29, 0x00, 0x12, 0xd0, 0x07, 0x44, 0x38, 0xc0, 0x03, 0x3c,
  0xc8, 0xc3, 0x3b, 0xe0, 0x43, 0x1b, 0x98, 0x43, 0x3d, 0xb8, 0xc3, 0x38,
  0xb4, 0x81, 0x39, 0xc0, 0x43, 0x1b, 0xb4, 0x43, 0x38, 0xd0, 0x03, 0x3a,
  0x00, 0xf4, 0x20, 0x0f, 0xf5, 0x50, 0x0e, 0x00, 0x61, 0x0e, 0xf2, 0x10,
  0x0e, 0xed, 0x50, 0x0e, 0x6d, 0x00, 0x0f, 0xef, 0x90, 0x0e, 0xee, 0x40,
  0x0f, 0xe5, 0x20, 0x0f, 0x40, 0x38, 0xb0, 0x03, 0x3b, 0x00, 0x44, 0x3b,
  0xa4, 0x83, 0x3b, 0xb4, 0x01, 0x3b, 0x94, 0xc3, 0x39, 0x84, 0x03, 0x3b,
  0xb4, 0x81, 0x3d, 0x94, 0xc3, 0x38, 0xd0, 0xc3, 0x3b, 0xc8, 0x43, 0x1b,
  0xdc, 0x43, 0x3a, 0x90, 0x03, 0x3d, 0xa0, 0x03, 0x90, 0x07, 0x76, 0x00,
  0x0c, 0xee, 0xf0, 0x0e, 0x6d, 0x20, 0x0e, 0xf5, 0x90, 0x0e, 0xec, 0x40,
  0x0f, 0xe9, 0xe0, 0x0e, 0xf3, 0x00, 0x10, 0xee, 0xf0, 0x0e, 0x6d, 0x90,
  0x0e, 0xee, 0x60, 0x0e, 0xf3, 0xd0, 0x06, 0xe6, 0x00, 0x0f, 0x6d, 0xd0,
  0x0e, 0xe1, 0x40, 0x0f, 0xe8, 0x00, 0xd0, 0x83, 0x3c, 0xd4, 0x43, 0x39,
  0x00, 0x84, 0x3b, 0xbc, 0x43, 0x1b, 0xb8, 0x43, 0x38, 0xb8, 0xc3, 0x3c,
  0xb4, 0x81, 0x39, 0xc0, 0x43, 0x1b, 0xb4, 0x43, 0x38, 0xd0, 0x03, 0x3a,
  0x00, 0xf4, 0x20, 0x0f, 0xf5, 0x50, 0x0e, 0x00, 0xe1, 0x0e, 0xef, 0xd0,
  0x06, 0xf3, 0x90, 0x0e, 0xe7, 0xe0, 0x0e, 0xe5, 0x40, 0x0e, 0x6d, 0xa0,
  0x0f, 0xe5, 0x20, 0x0f, 0xef, 0x30, 0x0f, 0x6d, 0x60, 0x0e, 0xf0, 0xd0,
  0x06, 0xed, 0x10, 0x0e, 0xf4, 0x80, 0x0e, 0x00, 0x3d, 0xc8, 0x43, 0x3d,
  0x94, 0x03, 0x40, 0xb8, 0xc3, 0x3b, 0xb4, 0x01, 0x3d, 0xc8, 0x43, 0x38,
  0xc0, 0x03, 0x3c, 0xa4, 0x83, 0x3b, 0x9c, 0x43, 0x1b, 0xb4, 0x43, 0x38,
  0xd0, 0x03, 0x3a, 0x00, 0xf4, 0x20, 0x0f, 0xf5, 0x50, 0x0e, 0x00, 0x31,
  0x0f, 0xf4, 0x10, 0x0e, 0xe3, 0xb0, 0x0e, 0x6d, 0x00, 0x0f, 0xf2, 0xf0,
  0x0e, 0xf4, 0x50, 0x0e, 0xe3, 0x40, 0x0f, 0xef, 0x20, 0x0f, 0x6d, 0x20,
  0x0e, 0xf5, 0x60, 0x0e, 0xe6, 0x50, 0x0e, 0xf2, 0xd0, 0x06, 0xf3, 0x90,
  0x0e, 0xfa, 0x50, 0x0e, 0x00, 0x1e, 0x00, 0x44, 0x3d, 0xb8, 0xc3, 0x3c,
  0x84, 0x83, 0x39, 0x94, 0x43, 0x1b, 0x98, 0x03, 0x3c, 0xb4, 0x41, 0x3b,
  0x84, 0x03, 0x3d, 0xa0, 0x03, 0x40, 0x0f, 0xf2, 0x50, 0x0f, 0xe5, 0x00,
  0x6c, 0x20, 0x22, 0x01, 0x20, 0x85, 0x0d, 0x93, 0xf4, 0xff, 0xff, 0xff,
  0xff, 0x03, 0xb0, 0x06, 0x80, 0x32, 0xb8, 0xc3, 0x3b, 0xb4, 0x81, 0x38,
  0xd4, 0x43, 0x3a, 0xb0, 0x03, 0x3d, 0xa4, 0x83, 0x3b, 0xcc, 0x03, 0xb0,
  0x41, 0x99, 0x02, 0x80, 0x14, 0x82, 0x00, 0x09, 0xd2, 0x00, 0x1e, 0x36,
  0x18, 0xd4, 0xff, 0xff, 0xff, 0xff, 0x0f, 0x80, 0x04, 0xf4, 0xc1, 0x06,
  0xa6, 0xfa, 0xff, 0xff, 0xff, 0xff, 0x01, 0x68, 0x03, 0x60, 0x0d, 0x00,
  0x09, 0xa8, 0x80, 0x3e, 0xd8, 0x80, 0x58, 0xff, 0xff, 0xff, 0xff, 0x3f,
  0x00, 0x12, 0x40, 0x01, 0x7d, 0xb0, 0x81, 0xb9, 0x04, 0x80, 0x14, 0x80,
  0x33, 0x08, 0x02, 0x28, 0x48, 0x03, 0x38, 0xd8, 0x80, 0x60, 0xff, 0xff,
  0xff, 0xff, 0x3f, 0x00, 0x6b, 0x00, 0x48, 0x40, 0x1f, 0x6c, 0x50, 0xb2,
  0xff, 0xff, 0xff, 0xff, 0x1f, 0x80, 0x36, 0x00, 0x24, 0xa0, 0x02, 0xfa,
  0x00, 0x49, 0x18, 0x00, 0x00, 0x10, 0x00, 0x00, 0x00, 0x13, 0x86, 0x40,
  0x18, 0x26, 0x0c, 0x01, 0x51, 0x4c, 0x18, 0x8c, 0x83, 0x98, 0x30, 0x20,
  0x44, 0x31, 0x21, 0x48, 0x26, 0x08, 0xca, 0x31, 0x21, 0x58, 0x26, 0x0c,
  0x4c, 0xe3, 0x4c, 0x08, 0x9e, 0x09, 0x03, 0xd4, 0x44, 0x13, 0x06, 0x69,
  0x8a, 0x26, 0x04, 0xd4, 0x84, 0xa1, 0x3a, 0x88, 0x09, 0x81, 0x35, 0x61,
  0x90, 0xa6, 0x6b, 0x42, 0x80, 0x4d, 0x10, 0xa4, 0x62, 0x82, 0x90, 0x1d,
  0x00, 0x13, 0xac, 0x70, 0x48, 0x07, 0x79, 0xb0, 0x03, 0x3a, 0x68, 0x83,
  0x70, 0x80, 0x07, 0x78, 0x60, 0x87, 0x72, 0x68, 0x03, 0x7a, 0xb0, 0x87,
  0x77, 0x98, 0x87, 0x38, 0xc0, 0x03, 0x37, 0x90, 0x03, 0x37, 0x80, 0x83,
  0x0d, 0xb7, 0x51, 0x0e, 0x6d, 0x00, 0x0f, 0x7a, 0x60, 0x07, 0x74, 0xa0,
  0x07, 0x76, 0x40, 0x07, 0x7a, 0x60, 0x07, 0x74, 0xd0, 0x06, 0xe9, 0x10,
  0x07, 0x7a, 0x80, 0x07, 0x7a, 0x80, 0x07, 0x6d, 0x90, 0x0e, 0x78, 0xa0,
  0x07, 0x78, 0xa0, 0x07, 0x78, 0xd0, 0x06, 0xe9, 0x10, 0x07, 0x76, 0xa0,
  0x07, 0x71, 0x60, 0x07, 0x7a, 0x10, 0x07, 0x76, 0xd0, 0x06, 0xe9, 0x30,
  0x07, 0x72, 0xa0, 0x07, 0x73, 0x20, 0x07, 0x7a, 0x30, 0x07, 0x72, 0xd0,
  0x06, 0xe9, 0x60, 0x07, 0x74, 0xa0, 0x07, 0x76, 0x40, 0x07, 0x7a, 0x60,
  0x07, 0x74, 0xd0, 0x06, 0xe6, 0x30, 0x07, 0x72, 0xa0, 0x07, 0x73, 0x20,
  0x07, 0x7a, 0x30, 0x07, 0x72, 0xd0, 0x06, 0xe6, 0x60, 0x07, 0x74, 0xa0,
  0x07, 0x76, 0x40, 0x07, 0x7a, 0x60, 0x07, 0x74, 0xd0, 0x06, 0xf6, 0x10,
  0x07, 0x76, 0xa0, 0x07, 0x71, 0x60, 0x07, 0x7a, 0x10, 0x07, 0x76, 0xd0,
  0x06, 0xf6, 0x20, 0x07, 0x74, 0xa0, 0x07, 0x73, 0x20, 0x07, 0x7a, 0x30,
  0x07, 0x72, 0xd0, 0x06, 0xf6, 0x30, 0x07, 0x72, 0xa0, 0x07, 0x73, 0x20,
  0x07, 0x7a, 0x30, 0x07, 0x72, 0xd0, 0x06, 0xf6, 0x40, 0x07, 0x78, 0xa0,
  0x07, 0x76, 0x40, 0x07, 0x7a, 0x60, 0x07, 0x74, 0xd0, 0x06, 0xf6, 0x60,
  0x07, 0x74, 0xa0, 0x07, 0x76, 0x40, 0x07, 0x7a, 0x60, 0x07, 0x74, 0xd0,
  0x06, 0xf6, 0x90, 0x07, 0x76, 0xa0, 0x07, 0x71, 0x20, 0x07, 0x78, 0xa0,
  0x07, 0x71, 0x20, 0x07, 0x78, 0xd0, 0x06, 0xf6, 0x10, 0x07, 0x72, 0x80,
  0x07, 0x7a, 0x10, 0x07, 0x72, 0x80, 0x07, 0x7a, 0x10, 0x07, 0x72, 0x80,
  0x07, 0x6d, 0x60, 0x0f, 0x71, 0x90, 0x07, 0x72, 0xa0, 0x07, 0x72, 0x50,
  0x07, 0x76, 0xa0, 0x07, 0x72, 0x50, 0x07, 0x76, 0xd0, 0x06, 0xf6, 0x20,
  0x07, 0x75, 0x60, 0x07, 0x7a, 0x20, 0x07, 0x75, 0x60, 0x07, 0x7a, 0x20,
  0x07, 0x75, 0x60, 0x07, 0x6d, 0x60, 0x0f, 0x75, 0x10, 0x07, 0x72, 0xa0,
  0x07, 0x75, 0x10, 0x07, 0x72, 0xa0, 0x07, 0x75, 0x10, 0x07, 0x72, 0xd0,
  0x06, 0xf6, 0x10, 0x07, 0x70, 0x20, 0x07, 0x74, 0xa0, 0x07, 0x71, 0x00,
  0x07, 0x72, 0x40, 0x07, 0x7a, 0x10, 0x07, 0x70, 0x20, 0x07, 0x74, 0xd0,
  0x06, 0xee, 0x80, 0x07, 0x7a, 0x10, 0x07, 0x76, 0xa0, 0x07, 0x73, 0x20,
  0x07, 0x1a, 0x21, 0x0c, 0x09, 0x15, 0x11, 0x60, 0x30, 0x44, 0x33, 0xb1,
  0x07, 0x30, 0x10, 0x91, 0xa6, 0x0d, 0xa9, 0x00, 0x68, 0x01, 0x00, 0x20,
  0x00, 0x00, 0x00, 0x10, 0x00, 0x00, 0x00, 0x00, 0x00, 0x80, 0x80, 0x21,
  0x15, 0x74, 0x0e, 0x0d, 0x02, 0x0c, 0x02, 0x00, 0x00, 0x40, 0x00, 0x00,
  0x00, 0x00, 0x04, 0x00, 0x04, 0x0c, 0xa9, 0xee, 0x61, 0x9b, 0x80, 0x00,
  0x18, 0x00, 0x00, 0x00, 0x04, 0x00, 0x00, 0x00, 0x00, 0x00, 0x20, 0x60,
  0x48, 0x25, 0x13, 0xe3, 0xd0, 0x20, 0xc0, 0x40, 0x00, 0x00, 0x00, 0x04,
  0x00, 0x00, 0x00, 0x40, 0x00, 0x40, 0xc0, 0x90, 0xaa, 0x3e, 0xa8, 0x0a,
  0x08, 0x80, 0x02, 0x00, 0x00, 0x40, 0x00, 0x00, 0x00, 0x00, 0x00, 0x00,
  0x02, 0x86, 0x54, 0x29, 0x72, 0x5d, 0x40, 0x00, 0x14, 0x00, 0x00, 0x00,
  0x02, 0x00, 0x00, 0x00, 0x00, 0x00, 0x10, 0x30, 0xa4, 0x02, 0x93, 0x2c,
  0x03, 0x02, 0xc0, 0x00, 0x00, 0x00, 0x10, 0x00, 0x00, 0x00, 0x00, 0x00,
  0x80, 0x80, 0x21, 0x55, 0x9e, 0x60, 0x19, 0x10, 0x00, 0x06, 0x00, 0x00,
  0x80, 0x00, 0x00, 0x00, 0x00, 0x00, 0x00, 0x04, 0x0c, 0xa9, 0x62, 0x25,
  0xda, 0x80, 0x00, 0x28, 0x00, 0x00, 0x00, 0x04, 0x00, 0x00, 0x00, 0x00,
  0x00, 0x20, 0x60, 0x48, 0x25, 0x2e, 0x51, 0x07, 0x04, 0x40, 0x01, 0x00,
  0x00, 0x20, 0x00, 0x00, 0x00, 0x00, 0x00, 0x00, 0x01, 0x43, 0xaa, 0x79,
  0x69, 0x3e, 0x20, 0x00, 0x0a, 0x00, 0x00, 0x00, 0x01, 0x00, 0x00, 0x00,
  0x00, 0x00, 0x08, 0x18, 0x52, 0x81, 0x8c, 0x53, 0x01, 0x01, 0x70, 0x00,
  0x00, 0x00, 0x08, 0x00, 0x00, 0x00, 0x00, 0x00, 0x40, 0xc0, 0x90, 0xca,
  0x65, 0x9c, 0x0a, 0x08, 0x80, 0x03, 0x00, 0x00, 0x40, 0x00, 0x00, 0x00,
  0x00, 0x00, 0x00, 0x02, 0x86, 0x54, 0x3c, 0x83, 0x07, 0x64, 0x80, 0x00,
  0x03, 0x02, 0x00, 0x00, 0x10, 0x00, 0x00, 0x00, 0x00, 0x01, 0x00, 0x01,
  0x43, 0x2a, 0xda, 0x91, 0xcc, 0x00, 0x08, 0x80, 0x02, 0x00, 0x00, 0x40,
  0x00, 0x00, 0x00, 0x00, 0x00, 0x00, 0x02, 0x86, 0x54, 0xe6, 0x23, 0x75,
  0x40, 0x00, 0x14, 0x00, 0x00, 0x00, 0x02, 0x00, 0x00, 0x00, 0x00, 0x00,
  0x10, 0x30, 0xa4, 0xc2, 0x1f, 0xa7, 0x03, 0x02, 0xe0, 0x00, 0x00, 0x00,
  0x10, 0x00, 0x00, 0x00, 0x00, 0x00, 0x80, 0x80, 0x21, 0x95, 0x09, 0x45,
  0x1b, 0x10, 0x00, 0x05, 0x00, 0x00, 0x80, 0x00, 0x00, 0x00, 0x00, 0x00,
  0x00, 0x04, 0x0c, 0xa9, 0x6e, 0x28, 0xda, 0x80, 0x00, 0x28, 0x00, 0x00,
  0x00, 0x04, 0x00, 0x00, 0x00, 0x00, 0x00, 0x20, 0x60, 0x48, 0x85, 0x46,
  0x51, 0x07, 0x04, 0x40, 0x01, 0x00, 0x00, 0x20, 0x00, 0x00, 0x00, 0x00,
  0x00, 0x00, 0x01, 0x43, 0xaa, 0x3c, 0xba, 0x2e, 0x20, 0x00, 0x0a, 0x00,
  0x00, 0x00, 0x01, 0x00, 0x00, 0x00, 0x00, 0x00, 0x08, 0x18, 0x52, 0xc1,
  0x52, 0x83, 0x06, 0x40, 0x00, 0x14, 0x00, 0x00, 0x00, 0x02, 0x00, 0x00,
  0x00, 0x00, 0x00, 0x10, 0x30, 0xa4, 0xea, 0xa5, 0xaa, 0x03, 0x02, 0xa0,
  0x00, 0x00, 0x00, 0x10, 0x00, 0x00, 0x00, 0x00, 0x00, 0x80, 0x80, 0x21,
  0x95, 0x3c, 0x4d, 0x6a, 0x00, 0x04, 0x40, 0x01, 0x00, 0x00, 0x20, 0x00,
  0x00, 0x00, 0x00, 0x00, 0x00, 0x01, 0x43, 0xaa, 0x92, 0x9a, 0x2a, 0x20,
  0x00, 0x0a, 0x00, 0x00, 0x00, 0x01, 0x00, 0x00, 0x00, 0x00, 0x00, 0x08,
  0x18, 0x52, 0xe1, 0x14, 0xd4, 0x01, 0x01, 0x50, 0x00, 0x00, 0x00, 0x08,
  0x00, 0x00, 0x00, 0x00, 0x00, 0x40, 0xc0, 0x90, 0x0a, 0xad, 0xa0, 0x0e,
  0x08, 0x80, 0x02, 0x00, 0x00, 0x40, 0x00, 0x00, 0x00, 0x00, 0x00, 0x00,
  0x02, 0x86, 0x54, 0x78, 0x05, 0x75, 0x40, 0x00, 0x14, 0x00, 0x00, 0x00,
  0x02, 0x00, 0x00, 0x00, 0x00, 0x00, 0x10, 0x30, 0xa4, 0x42, 0xad, 0xc5,
  0x0c, 0x80, 0x00, 0x28, 0x00, 0x00, 0x00, 0x04, 0x00, 0x00, 0x00, 0x00,
  0x00, 0x20, 0x60, 0x48, 0x35, 0x5b, 0x54, 0x1b, 0x00, 0x01, 0x90, 0x00,
  0x00, 0x00, 0x08, 0x00, 0x00, 0x00, 0x00, 0x00, 0x40, 0xc0, 0x90, 0xea,
  0xbc, 0xda, 0xe0, 0x0d, 0x10, 0x60, 0x50, 0x00, 0x00, 0x00, 0x02, 0x00,
  0x00, 0x00, 0x20, 0x00, 0x20, 0x40, 0x62, 0x83, 0x40, 0xd1, 0x2a, 0x09,
  0x00, 0x80, 0x2c, 0x10, 0x00, 0x1a, 0x00, 0x00, 0x00, 0x32, 0x1e, 0x98,
  0x1c, 0x19, 0x11, 0x4c, 0x90, 0x8c, 0x09, 0x26, 0x47, 0xc6, 0x04, 0x43,
  0x1a, 0x8a, 0xa0, 0x04, 0x0a, 0xa1, 0x1c, 0xca, 0xa7, 0x00, 0x05, 0x0a,
  0xa2, 0x40, 0x46, 0x00, 0xca, 0xa0, 0xc0, 0x03, 0x0a, 0xa3, 0x18, 0x0a,
  0xaa, 0x00, 0x03, 0x0a, 0x32, 0xa0, 0x40, 0x03, 0x0a, 0x35, 0xa0, 0x60,
  0x03, 0x0a, 0x37, 0xa0, 0x80, 0x03, 0x0a, 0x39, 0xa0, 0xa0, 0x03, 0x4a,
  0x81, 0xe6, 0x11, 0x80, 0x42, 0x28, 0x88, 0xc2, 0x28, 0x90, 0x82, 0x2a,
  0xc0, 0x80, 0x82, 0x0c, 0x28, 0xd0, 0x80, 0x42, 0x0d, 0x28, 0xd8, 0x80,
  0xc2, 0x0d, 0x28, 0xe0, 0x80, 0x42, 0x0e, 0x28, 0xe8, 0x00, 0x92, 0xc7,
  0x12, 0x24, 0x01, 0x00, 0x00, 0xb1, 0x18, 0x00, 0x00, 0xa5, 0x00, 0x00,
  0x00, 0x33, 0x08, 0x80, 0x1c, 0xc4, 0xe1, 0x1c, 0x66, 0x14, 0x01, 0x3d,
  0x88, 0x43, 0x38, 0x84, 0xc3, 0x8c, 0x42, 0x80, 0x07, 0x79, 0x78, 0x07,
  0x73, 0x98, 0x71, 0x0c, 0xe6, 0x00, 0x0f, 0xed, 0x10, 0x0e, 0xf4, 0x80,
  0x0e, 0x33, 0x0c, 0x42, 0x1e, 0xc2, 0xc1, 0x1d, 0xce, 0xa1, 0x1c, 0x66,
  0x30, 0x05, 0x3d, 0x88, 0x43, 0x38, 0x84, 0x83, 0x1b, 0xcc, 0x03, 0x3d,
  0xc8, 0x43, 0x3d, 0x8c, 0x03, 0x3d, 0xcc, 0x78, 0x8c, 0x74, 0x70, 0x07,
  0x7b, 0x08, 0x07, 0x79, 0x48, 0x87, 0x70, 0x70, 0x07, 0x7a, 0x70, 0x03,
  0x76, 0x78, 0x87, 0x70, 0x20, 0x87, 0x19, 0xcc, 0x11, 0x0e, 0xec, 0x90,
  0x0e, 0xe1, 0x30, 0x0f, 0x6e, 0x30, 0x0f, 0xe3, 0xf0, 0x0e, 0xf0, 0x50,
  0x0e, 0x33, 0x10, 0xc4, 0x1d, 0xde, 0x21, 0x1c, 0xd8, 0x21, 0x1d, 0xc2,
  0x61, 0x1e, 0x66, 0x30, 0x89, 0x3b, 0xbc, 0x83, 0x3b, 0xd0, 0x43, 0x39,
  0xb4, 0x03, 0x3c, 0xbc, 0x83, 0x3c, 0x84, 0x03, 0x3b, 0xcc, 0xf0, 0x14,
  0x76, 0x60, 0x07, 0x7b, 0x68, 0x07, 0x37, 0x68, 0x87, 0x72, 0x68, 0x07,
  0x37, 0x80, 0x87, 0x70, 0x90, 0x87, 0x70, 0x60, 0x07, 0x76, 0x28, 0x07,
  0x76, 0xf8, 0x05, 0x76, 0x78, 0x87, 0x77, 0x80, 0x87, 0x5f, 0x08, 0x87,
  0x71, 0x18, 0x87, 0x72, 0x98, 0x87, 0x79, 0x98, 0x81, 0x2c, 0xee, 0xf0,
  0x0e, 0xee, 0xe0, 0x0e, 0xf5, 0xc0, 0x0e, 0xec, 0x30, 0x03, 0x62, 0xc8,
  0xa1, 0x1c, 0xe4, 0xa1, 0x1c, 0xcc, 0xa1, 0x1c, 0xe4, 0xa1, 0x1c, 0xdc,
  0x61, 0x1c, 0xca, 0x21, 0x1c, 0xc4, 0x81, 0x1d, 0xca, 0x61, 0x06, 0xd6,
  0x90, 0x43, 0x39, 0xc8, 0x43, 0x39, 0x98, 0x43, 0x39, 0xc8, 0x43, 0x39,
  0xb8, 0xc3, 0x38, 0x94, 0x43, 0x38, 0x88, 0x03, 0x3b, 0x94, 0xc3, 0x2f,
  0xbc, 0x83, 0x3c, 0xfc, 0x82, 0x3b, 0xd4, 0x03, 0x3b, 0xb0, 0xc3, 0x0c,
  0xc7, 0x69, 0x87, 0x70, 0x58, 0x87, 0x72, 0x70, 0x83, 0x74, 0x68, 0x07,
  0x78, 0x60, 0x87, 0x74, 0x18, 0x87, 0x74, 0xa0, 0x87, 0x19, 0xce, 0x53,
  0x0f, 0xee, 0x00, 0x0f, 0xf2, 0x50, 0x0e, 0xe4, 0x90, 0x0e, 0xe3, 0x40,
  0x0f, 0xe1, 0x20, 0x0e, 0xec, 0x50, 0x0e, 0x33, 0x20, 0x28, 0x1d, 0xdc,
  0xc1, 0x1e, 0xc2, 0x41, 0x1e, 0xd2, 0x21, 0x1c, 0xdc, 0x81, 0x1e, 0xdc,
  0xe0, 0x1c, 0xe4, 0xe1, 0x1d, 0xea, 0x01, 0x1e, 0x66, 0x18, 0x51, 0x38,
  0xb0, 0x43, 0x3a, 0x9c, 0x83, 0x3b, 0xcc, 0x50, 0x24, 0x76, 0x60, 0x07,
  0x7b, 0x68, 0x07, 0x37, 0x60, 0x87, 0x77, 0x78, 0x07, 0x78, 0x98, 0x51,
  0x4c, 0xf4, 0x90, 0x0f, 0xf0, 0x50, 0x0e, 0x33, 0x1e, 0x6a, 0x1e, 0xca,
  0x61, 0x1c, 0xe8, 0x21, 0x1d, 0xde, 0xc1, 0x1d, 0x7e, 0x01, 0x1e, 0xe4,
  0xa1, 0x1c, 0xcc, 0x21, 0x1d, 0xf0, 0x61, 0x06, 0x54, 0x85, 0x83, 0x38,
  0xcc, 0xc3, 0x3b, 0xb0, 0x43, 0x3d, 0xd0, 0x43, 0x39, 0xfc, 0xc2, 0x3c,
  0xe4, 0x43, 0x3b, 0x88, 0xc3, 0x3b, 0xb0, 0xc3, 0x8c, 0xc5, 0x0a, 0x87,
  0x79, 0x98, 0x87, 0x77, 0x18, 0x87, 0x74, 0x08, 0x07, 0x7a, 0x28, 0x07,
  0x72, 0x98, 0x81, 0x5c, 0xe3, 0x10, 0x0e, 0xec, 0xc0, 0x0e, 0xe5, 0x50,
  0x0e, 0xf3, 0x30, 0x23, 0xc1, 0xd2, 0x41, 0x1e, 0xe4, 0xe1, 0x17, 0xd8,
  0xe1, 0x1d, 0xde, 0x01, 0x1e, 0x66, 0x48, 0x19, 0x3b, 0xb0, 0x83, 0x3d,
  0xb4, 0x83, 0x1b, 0x84, 0xc3, 0x38, 0x8c, 0x43, 0x39, 0xcc, 0xc3, 0x3c,
  0xb8, 0xc1, 0x39, 0xc8, 0xc3, 0x3b, 0xd4, 0x03, 0x3c, 0xcc, 0x48, 0xb4,
  0x71, 0x08, 0x07, 0x76, 0x60, 0x07, 0x71, 0x08, 0x87, 0x71, 0x58, 0x87,
  0x19, 0xdb, 0xc6, 0x0e, 0xec, 0x60, 0x0f, 0xed, 0xe0, 0x06, 0xf0, 0x20,
  0x0f, 0xe5, 0x30, 0x0f, 0xe5, 0x20, 0x0f, 0xf6, 0x50, 0x0e, 0x6e, 0x10,
  0x0e, 0xe3, 0x30, 0x0e, 0xe5, 0x30, 0x0f, 0xf3, 0xe0, 0x06, 0xe9, 0xe0,
  0x0e, 0xe4, 0x50, 0x0e, 0xf8, 0x30, 0x23, 0xe2, 0xec, 0x61, 0x1c, 0xc2,
  0x81, 0x1d, 0xd8, 0xe1, 0x17, 0xec, 0x21, 0x1d, 0xe6, 0x21, 0x1d, 0xc4,
  0x21, 0x1d, 0xd8, 0x21, 0x1d, 0xe8, 0x21, 0x1f, 0x66, 0x20, 0x9d, 0x3b,
  0xbc, 0x43, 0x3d, 0xb8, 0x03, 0x39, 0x94, 0x83, 0x39, 0xcc, 0x58, 0xbc,
  0x70, 0x70, 0x07, 0x77, 0x78, 0x07, 0x7a, 0x08, 0x07, 0x7a, 0x48, 0x87,
  0x77, 0x70, 0x87, 0x19, 0xce, 0x87, 0x0e, 0xe5, 0x10, 0x0e, 0xf0, 0x10,
  0x0e, 0xec, 0xc0, 0x0e, 0xef, 0x30, 0x0e, 0xf3, 0x90, 0x0e, 0xf4, 0x50,
  0x0e, 0x33, 0x28, 0x30, 0x08, 0x87, 0x74, 0x90, 0x07, 0x37, 0x30, 0x87,
  0x7a, 0x70, 0x87, 0x71, 0xa0, 0x87, 0x74, 0x78, 0x07, 0x77, 0xf8, 0x85,
  0x73, 0x90, 0x87, 0x77, 0xa8, 0x07, 0x78, 0x98, 0x07, 0x00, 0x00, 0x00,
  0x00, 0x79, 0x20, 0x00, 0x00, 0xd7, 0x01, 0x00, 0x00, 0x72, 0x1e, 0x48,
  0x20, 0x43, 0x88, 0x0c, 0x19, 0x09, 0x72, 0x32, 0x48, 0x20, 0x23, 0x81,
  0x8c, 0x91, 0x91, 0xd1, 0x44, 0xa0, 0x10, 0x28, 0x64, 0x3c, 0x31, 0x32,
  0x42, 0x8e, 0x90, 0x21, 0xa3, 0x38, 0x0a, 0x74, 0x10, 0x7a, 0x00, 0x00,
  0x00, 0x8b, 0xd2, 0x58, 0xd8, 0x06, 0x6d, 0x50, 0x1c, 0x14, 0x1b, 0x47,
  0x06, 0x51, 0x64, 0x30, 0x8a, 0xc4, 0x0c, 0x52, 0xf5, 0x18, 0x04, 0x76,
  0x4c, 0x82, 0xf2, 0x48, 0x48, 0x44, 0x0d, 0x04, 0x82, 0x1c, 0x85, 0x82,
  0x28, 0x86, 0x71, 0x28, 0x8d, 0xa1, 0x24, 0xd1, 0x85, 0x20, 0x8b, 0x82,
  0x1d, 0xcb, 0xf1, 0x3c, 0x0d, 0x53, 0x44, 0x4b, 0x20, 0x56, 0x65, 0x72,
  0x73, 0x69, 0x6f, 0x6e, 0x77, 0x63, 0x68, 0x61, 0x72, 0x5f, 0x73, 0x69,
  0x7a, 0x65, 0x66, 0x72, 0x61, 0x6d, 0x65, 0x2d, 0x70, 0x6f, 0x69, 0x6e,
  0x74, 0x65, 0x72, 0x61, 0x69, 0x72, 0x2e, 0x6d, 0x61, 0x78, 0x5f, 0x64,
  0x65, 0x76, 0x69, 0x63, 0x65, 0x5f, 0x62, 0x75, 0x66, 0x66, 0x65, 0x72,
  0x73, 0x61, 0x69, 0x72, 0x2e, 0x6d, 0x61, 0x78, 0x5f, 0x63, 0x6f, 0x6e,
  0x73, 0x74, 0x61, 0x6e, 0x74, 0x5f, 0x62, 0x75, 0x66, 0x66, 0x65, 0x72,
  0x73, 0x61, 0x69, 0x72, 0x2e, 0x6d, 0x61, 0x78, 0x5f, 0x74, 0x68, 0x72,
  0x65, 0x61, 0x64, 0x67, 0x72, 0x6f, 0x75, 0x70, 0x5f, 0x62, 0x75, 0x66,
  0x66, 0x65, 0x72, 0x73, 0x61, 0x69, 0x72, 0x2e, 0x6d, 0x61, 0x78, 0x5f,
  0x74, 0x65, 0x78, 0x74, 0x75, 0x72, 0x65, 0x73, 0x61, 0x69, 0x72, 0x2e,
  0x6d, 0x61, 0x78, 0x5f, 0x72, 0x65, 0x61, 0x64, 0x5f, 0x77, 0x72, 0x69,
  0x74, 0x65, 0x5f, 0x74, 0x65, 0x78, 0x74, 0x75, 0x72, 0x65, 0x73, 0x61,
  0x69, 0x72, 0x2e, 0x6d, 0x61, 0x78, 0x5f, 0x73, 0x61, 0x6d, 0x70, 0x6c,
  0x65, 0x72, 0x73, 0x41, 0x70, 0x70, 0x6c, 0x65, 0x20, 0x6d, 0x65, 0x74,
  0x61, 0x6c, 0x20, 0x76, 0x65, 0x72, 0x73, 0x69, 0x6f, 0x6e, 0x20, 0x33,
  0x32, 0x30, 0x32, 0x33, 0x2e, 0x34, 0x30, 0x34, 0x20, 0x28, 0x6d, 0x65,
  0x74, 0x61, 0x6c, 0x66, 0x65, 0x2d, 0x33, 0x32, 0x30, 0x32, 0x33, 0x2e,
  0x34, 0x30, 0x34, 0x29, 0x4d, 0x65, 0x74, 0x61, 0x6c, 0x61, 0x69, 0x72,
  0x2e, 0x63, 0x6f, 0x6d, 0x70, 0x69, 0x6c, 0x65, 0x2e, 0x64, 0x65, 0x6e,
  0x6f, 0x72, 0x6d, 0x73, 0x5f, 0x64, 0x69, 0x73, 0x61, 0x62, 0x6c, 0x65,
  0x61, 0x69, 0x72, 0x2e, 0x63, 0x6f, 0x6d, 0x70, 0x69, 0x6c, 0x65, 0x2e,
  0x66, 0x61, 0x73, 0x74, 0x5f, 0x6d, 0x61, 0x74, 0x68, 0x5f, 0x65, 0x6e,
  0x61, 0x62, 0x6c, 0x65, 0x61, 0x69, 0x72, 0x2e, 0x63, 0x6f, 0x6d, 0x70,
  0x69, 0x6c, 0x65, 0x2e, 0x66, 0x72, 0x61, 0x6d, 0x65, 0x62, 0x75, 0x66,
  0x66, 0x65, 0x72, 0x5f, 0x66, 0x65, 0x74, 0x63, 0x68, 0x5f, 0x65, 0x6e,
  0x61, 0x62, 0x6c, 0x65, 0x61, 0x69, 0x72, 0x2e, 0x72, 0x65, 0x6e, 0x64,
  0x65, 0x72, 0x5f, 0x74, 0x61, 0x72, 0x67, 0x65, 0x74, 0x61, 0x69, 0x72,
  0x2e, 0x61, 0x72, 0x67, 0x5f, 0x74, 0x79, 0x70, 0x65, 0x5f, 0x6e, 0x61,
  0x6d, 0x65, 0x66, 0x6c, 0x6f, 0x61, 0x74, 0x34, 0x61, 0x69, 0x72, 0x2e,
  0x70, 0x6f, 0x73, 0x69, 0x74, 0x69, 0x6f, 0x6e, 0x61, 0x69, 0x72, 0x2e,
  0x63, 0x65, 0x6e, 0x74, 0x65, 0x72, 0x61, 0x69, 0x72, 0x2e, 0x6e, 0x6f,
  0x5f, 0x70, 0x65, 0x72, 0x73, 0x70, 0x65, 0x63, 0x74, 0x69, 0x76, 0x65,
  0x61, 0x69, 0x72, 0x2e, 0x61, 0x72, 0x67, 0x5f, 0x6e, 0x61, 0x6d, 0x65,
  0x70, 0x6f, 0x73, 0x61, 0x69, 0x72, 0x2e, 0x66, 0x72, 0x61, 0x67, 0x6d,
  0x65, 0x6e, 0x74, 0x5f, 0x69, 0x6e, 0x70, 0x75, 0x74, 0x67, 0x65, 0x6e,
  0x65, 0x72, 0x61, 0x74, 0x65, 0x64, 0x28, 0x34, 0x66, 0x70, 0x6f, 0x73,
  0x44, 0x76, 0x32, 0x5f, 0x66, 0x29, 0x61, 0x69, 0x72, 0x2e, 0x70, 0x65,
  0x72, 0x73, 0x70, 0x65, 0x63, 0x74, 0x69, 0x76, 0x65, 0x66, 0x6c, 0x6f,
  0x61, 0x74, 0x32, 0x66, 0x70, 0x6f, 0x73, 0x67, 0x65, 0x6e, 0x65, 0x72,
  0x61, 0x74, 0x65, 0x64, 0x28, 0x37, 0x66, 0x74, 0x63, 0x6f, 0x6f, 0x72,
  0x64, 0x44, 0x76, 0x32, 0x5f, 0x66, 0x29, 0x66, 0x74, 0x63, 0x6f, 0x6f,
  0x72, 0x64, 0x67, 0x65, 0x6e, 0x65, 0x72, 0x61, 0x74, 0x65, 0x64, 0x28,
  0x32, 0x75, 0x76, 0x44, 0x76, 0x32, 0x5f, 0x66, 0x29, 0x75, 0x76, 0x61,
  0x69, 0x72, 0x2e, 0x62, 0x75, 0x66, 0x66, 0x65, 0x72, 0x61, 0x69, 0x72,
  0x2e, 0x62, 0x75, 0x66, 0x66, 0x65, 0x72, 0x5f, 0x73, 0x69, 0x7a, 0x65,
  0x61, 0x69, 0x72, 0x2e, 0x6c, 0x6f, 0x63, 0x61, 0x74, 0x69, 0x6f, 0x6e,
  0x5f, 0x69, 0x6e, 0x64, 0x65, 0x78, 0x61, 0x69, 0x72, 0x2e, 0x72, 0x65,
  0x61, 0x64, 0x61, 0x69, 0x72, 0x2e, 0x61, 0x64, 0x64, 0x72, 0x65, 0x73,
  0x73, 0x5f, 0x73, 0x70, 0x61, 0x63, 0x65, 0x61, 0x69, 0x72, 0x2e, 0x73,
  0x74, 0x72, 0x75, 0x63, 0x74, 0x5f, 0x74, 0x79, 0x70, 0x65, 0x5f, 0x69,
  0x6e, 0x66, 0x6f, 0x69, 0x6e, 0x74, 0x74, 0x79, 0x70, 0x65, 0x69, 0x6e,
  0x6e, 0x65, 0x72, 0x43, 0x6f, 0x6c, 0x6f, 0x75, 0x74, 0x65, 0x72, 0x43,
  0x6f, 0x6c, 0x64, 0x61, 0x73, 0x68, 0x43, 0x6f, 0x6c, 0x66, 0x6c, 0x6f,
  0x61, 0x74, 0x73, 0x63, 0x69, 0x73, 0x73, 0x6f, 0x72, 0x4d, 0x61, 0x74,
  0x70, 0x61, 0x69, 0x6e, 0x74, 0x4d, 0x61, 0x74, 0x73, 0x63, 0x69, 0x73,
  0x73, 0x6f, 0x72, 0x45, 0x78, 0x74, 0x65, 0x78, 0x74, 0x65, 0x6e, 0x74,
  0x72, 0x61, 0x64, 0x69, 0x75, 0x73, 0x66, 0x65, 0x61, 0x74, 0x68, 0x65,
  0x72, 0x73, 0x74, 0x72, 0x6f, 0x6b, 0x65, 0x4d, 0x75, 0x6c, 0x74, 0x73,
  0x63, 0x69, 0x73, 0x73, 0x6f, 0x72, 0x52, 0x61, 0x64, 0x69, 0x75, 0x73,
  0x6f, 0x66, 0x66, 0x73, 0x65, 0x74, 0x6c, 0x69, 0x6e, 0x65, 0x4c, 0x65,
  0x6e, 0x67, 0x74, 0x68, 0x73, 0x74, 0x61, 0x74, 0x65, 0x44, 0x61, 0x74,
  0x61, 0x61, 0x69, 0x72, 0x2e, 0x61, 0x72, 0x67, 0x5f, 0x74, 0x79, 0x70,
  0x65, 0x5f, 0x73, 0x69, 0x7a, 0x65, 0x61, 0x69, 0x72, 0x2e, 0x61, 0x72,
  0x67, 0x5f, 0x74, 0x79, 0x70, 0x65, 0x5f, 0x61, 0x6c, 0x69, 0x67, 0x6e,
  0x5f, 0x73, 0x69, 0x7a, 0x65, 0x55, 0x6e, 0x69, 0x66, 0x6f, 0x72, 0x6d,
  0x73, 0x75, 0x6e, 0x69, 0x66, 0x6f, 0x72, 0x6d, 0x73, 0x61, 0x69, 0x72,
  0x2e, 0x74, 0x65, 0x78, 0x74, 0x75, 0x72, 0x65, 0x61, 0x69, 0x72, 0x2e,
  0x73, 0x61, 0x6d, 0x70, 0x6c, 0x65, 0x74, 0x65, 0x78, 0x74, 0x75, 0x72,
  0x65, 0x32, 0x64, 0x3c, 0x66, 0x6c, 0x6f, 0x61, 0x74, 0x2c, 0x20, 0x73,
  0x61, 0x6d, 0x70, 0x6c, 0x65, 0x3e, 0x74, 0x65, 0x78, 0x74, 0x75, 0x72,
  0x65, 0x61, 0x69, 0x72, 0x2e, 0x73, 0x61, 0x6d, 0x70, 0x6c, 0x65, 0x72,
  0x73, 0x61, 0x6d, 0x70, 0x6c, 0x65, 0x72, 0x6f, 0x6d, 0x6e, 0x69, 0x70,
  0x6f, 0x74, 0x65, 0x6e, 0x74, 0x20, 0x63, 0x68, 0x61, 0x72, 0x53, 0x69,
  0x6d, 0x70, 0x6c, 0x65, 0x20, 0x43, 0x2b, 0x2b, 0x20, 0x54, 0x42, 0x41,
  0x41, 0x5f, 0x5a, 0x54, 0x53, 0x38, 0x55, 0x6e, 0x69, 0x66, 0x6f, 0x72,
  0x6d, 0x73, 0x00, 0x00, 0x00, 0x86, 0x35, 0x01, 0x00, 0x00, 0x00, 0x00,
  0x00, 0x30, 0x82, 0x30, 0x7c, 0x23, 0x08, 0x72, 0x60, 0x0a, 0x23, 0x08,
  0x03, 0x18, 0x8c, 0x20, 0x0c, 0x61, 0x30, 0x82, 0x30, 0x88, 0xc1, 0x08,
  0xc2, 0x30, 0x06, 0x23, 0x08, 0x03, 0x19, 0x8c, 0x20, 0x0c, 0x65, 0x30,
  0x82, 0x30, 0x98, 0xc1, 0x08, 0xc2, 0x70, 0x06, 0x23, 0x08, 0x03, 0x1a,
  0x8c, 0x20, 0x30, 0xc0, 0x08, 0xc2, 0x90, 0x06, 0x23, 0x08, 0x83, 0x1a,
  0x8c, 0x20, 0x0c, 0x6b, 0x30, 0x82, 0x30, 0xb0, 0xc1, 0x08, 0xc2, 0xd0,
  0x06, 0x23, 0x08, 0x83, 0x1b, 0x8c, 0x20, 0x0c, 0x6f, 0x30, 0x82, 0x30,
  0xc0, 0xc1, 0x08, 0xc2, 0x10, 0x07, 0x23, 0x08, 0x83, 0x1c, 0x8c, 0x20,
  0x0c, 0x73, 0x30, 0x82, 0x30, 0xd0, 0xc1, 0x08, 0xc2, 0x50, 0x07, 0x23,
  0x08, 0x83, 0x1d, 0x8c, 0x20, 0xcc, 0xc1, 0x1d, 0x8c, 0x20, 0xcc, 0x01,
  0x1e, 0x8c, 0x20, 0xcc, 0x41, 0x1e, 0x8c, 0x20, 0xcc, 0x81, 0x1e, 0x8c,
  0x20, 0xcc, 0xc1, 0x1e, 0x8c, 0x20, 0xcc, 0x01, 0x1f, 0x8c, 0x20, 0xcc,
  0x41, 0x1f, 0x8c, 0x20, 0xcc, 0x81, 0x1f, 0x8c, 0x20, 0xcc, 0xc1, 0x1f,
  0x8c, 0x20, 0xcc, 0x01, 0x28, 0x8c, 0x20, 0xcc, 0x41, 0x28, 0x8c, 0x20,
  0xcc, 0x81, 0x28, 0x8c, 0x20, 0xcc, 0xc1, 0x28, 0x8c, 0x20, 0xcc, 0x01,
  0x29, 0x8c, 0x20, 0xcc, 0x41, 0x29, 0xcc, 0x30, 0x90, 0x42, 0x50, 0x0a,
  0x33, 0x0c, 0xa6, 0x20, 0x9c, 0xc2, 0x0c, 0x03, 0x2a, 0x0c, 0xa4, 0x30,
  0xc3, 0x80, 0x0a, 0x44, 0x2a, 0xcc, 0x30, 0xa0, 0x42, 0x91, 0x0a, 0x33,
  0x0c, 0xa8, 0x60, 0xa4, 0xc2, 0x0c, 0x03, 0x2a, 0x1c, 0xaa, 0x30, 0xc3,
  0x80, 0x0a, 0xc8, 0x2a, 0xcc, 0x30, 0xa0, 0x42, 0xc2, 0x0a, 0x33, 0x04,
  0xca, 0x0c, 0x03, 0x29, 0xa0, 0x42, 0x2b, 0xcc, 0x40, 0x2c, 0xae, 0x40,
  0x0a, 0xad, 0x30, 0x43, 0xc0, 0xcc, 0x10, 0x34, 0x33, 0x04, 0xce, 0x0c,
  0xc5, 0xd3, 0x0a, 0xad, 0x00, 0x45, 0x33, 0x04, 0xfc, 0x30, 0x03, 0xd2,
  0x0a, 0xd2, 0x44, 0x41, 0x51, 0x65, 0xcd, 0x90, 0x98, 0xc2, 0x85, 0x4d,
  0x19, 0xa4, 0x55, 0xdb, 0x0c, 0x09, 0x29, 0x5c, 0xdc, 0x94, 0x41, 0x5a,
  0xd5, 0xcd, 0x90, 0xb8, 0xc2, 0xe5, 0x4d, 0x19, 0xa4, 0x55, 0xdf, 0x0c,
  0xab, 0xd0, 0x0a, 0xa7, 0xd0, 0x0a, 0x66, 0x70, 0x06, 0xa7, 0x70, 0x0a,
  0xad, 0x60, 0x06, 0x68, 0xb0, 0x0a, 0xa7, 0xd0, 0x0a, 0x66, 0x90, 0x06,
  0xb1, 0x70, 0x0a, 0xad, 0x60, 0x06, 0x6a, 0xc0, 0x0a, 0xa7, 0x20, 0x0b,
  0x6b, 0xc0, 0x06, 0xb3, 0x70, 0x0a, 0xb2, 0xb0, 0x06, 0x6d, 0x40, 0x0b,
  0xab, 0xd0, 0x0a, 0x9a, 0x1b, 0xd4, 0xc2, 0x2a, 0xb4, 0x82, 0xf6, 0x06,
  0xb6, 0x70, 0x0a, 0xad, 0xb0, 0x06, 0x70, 0x70, 0x0b, 0xa7, 0xd0, 0x0a,
  0x6b, 0x10, 0x07, 0xb8, 0x70, 0x0a, 0xad, 0xb0, 0x06, 0x72, 0x90, 0x0b,
  0xa7, 0xd0, 0x0a, 0x6b, 0x30, 0x07, 0xba, 0x70, 0x0a, 0xad, 0xb0, 0x06,
  0x74, 0xb0, 0x0b, 0xa7, 0xd0, 0x0a, 0x6b, 0x50, 0x07, 0xbc, 0x70, 0x0a,
  0xad, 0x60, 0x06, 0x76, 0x30, 0x03, 0x75, 0x0a, 0x60, 0x10, 0x06, 0xb0,
  0x20, 0x06, 0xad, 0x60, 0x0a, 0x63, 0x40, 0x06, 0xa4, 0x50, 0x06, 0x22,
  0x71, 0x07, 0xb0, 0x80, 0x07, 0xab, 0x00, 0xe5, 0x41, 0xa5, 0x07, 0x33,
  0x28, 0xbd, 0xb0, 0x07, 0x62, 0xd0, 0x0a, 0xa6, 0xc0, 0x07, 0x50, 0x1f,
  0x54, 0x7e, 0x30, 0x43, 0x22, 0x0b, 0x7f, 0x20, 0x06, 0xad, 0x60, 0x0a,
  0x10, 0x28, 0x54, 0xa0, 0x30, 0xc3, 0xe1, 0x0f, 0xff, 0x00, 0x12, 0x21,
  0x31, 0x12, 0x24, 0x51, 0x12, 0x33, 0x0c, 0xaf, 0xd0, 0x0f, 0x26, 0x31,
  0x43, 0x20, 0x0a, 0x33, 0x0c, 0xa1, 0x80, 0x12, 0xbe, 0x30, 0xc3, 0x90,
  0x12, 0x29, 0xe1, 0x0b, 0x33, 0x0c, 0x66, 0x90, 0x12, 0xbe, 0x30, 0xc3,
  0xb0, 0x06, 0x29, 0xe1, 0x0b, 0x33, 0x7c, 0xa3, 0xb0, 0x12, 0xbe, 0xb0,
  0x12, 0xbf, 0xb0, 0x12, 0xe0, 0xb0, 0x12, 0xe1, 0x90, 0x12, 0xe2, 0x90,
  0x12, 0xe3, 0x90, 0x12, 0xe4, 0x90, 0x12, 0xe5, 0xc0, 0x12, 0xe6, 0xc0,
  0x12, 0xe7, 0xc0, 0x12, 0xe8, 0xc0, 0x12, 0xe9, 0xc0, 0x12, 0xea, 0xc0,
  0x12, 0xeb, 0xb0, 0x12, 0xec, 0x30, 0xc3, 0xc0, 0x12, 0x2c, 0xe1, 0x0b,
  0x33, 0x0c, 0x2d, 0xc1, 0x12, 0xe6, 0x30, 0xc3, 0xd0, 0x12, 0x2b, 0xc1,
  0x0e, 0x33, 0x0c, 0x2d, 0xc1, 0x12, 0xeb, 0x30, 0xc3, 0xd0, 0x12, 0x2c,
  0x81, 0x0e, 0x33, 0x0c, 0x2d, 0xc1, 0x12, 0xea, 0x70, 0xb0, 0x00, 0x70,
  0x68, 0x20, 0x06, 0x62, 0x20, 0x06, 0x62, 0x20, 0x06, 0x62, 0x20, 0x06,
  0x62, 0x20, 0x06, 0x9c, 0x18, 0x88, 0x81, 0x18, 0x88, 0x81, 0x18, 0x88,
  0x81, 0x18, 0x88, 0x81, 0x18, 0x88, 0x81, 0x18, 0x88, 0x81, 0x18, 0x88,
  0x01, 0x1a, 0xa0, 0x01, 0x1a, 0xa0, 0x01, 0x1a, 0xa0, 0x01, 0x1a, 0xa0,
  0x01, 0x1a, 0xa0, 0x01, 0x1a, 0xa0, 0x01, 0x1a, 0xa0, 0x01, 0x1a, 0xb8,
  0x81, 0x1b, 0xb8, 0x81, 0x1b, 0xb8, 0x81, 0x1b, 0xb8, 0x81, 0x1b, 0xb8,
  0x81, 0x45, 0x07, 0x7a, 0x60, 0x59, 0x96, 0x1e, 0x70, 0xa6, 0xc0, 0x0a,
  0xac, 0xc0, 0x0a, 0x2e, 0x47, 0x1f, 0xfc, 0x00, 0x0f, 0xe4, 0x40, 0x07,
  0x1c, 0x1d, 0xd0, 0x01, 0x1d, 0xd0, 0x01, 0xc9, 0xd0, 0x01, 0x1d, 0xd0,
  0x01, 0x1d, 0xd0, 0x81, 0x8c, 0x04, 0x26, 0x28, 0x23, 0x36, 0x36, 0xbb,
  0x36, 0x97, 0xb6, 0x37, 0xb2, 0x3a, 0xb6, 0x32, 0x17, 0x33, 0xb6, 0xb0,
  0xb3, 0xb9, 0x51, 0x12, 0x76, 0x68, 0x07, 0x77, 0x78, 0x07, 0x78, 0x88,
  0x07, 0x79, 0x98, 0x07, 0x7a, 0x48, 0x85, 0x8d, 0xcd, 0xae, 0xcd, 0x25,
  0x8d, 0xac, 0xcc, 0x8d, 0x6e, 0x94, 0xa0, 0x1e, 0x72, 0x09, 0x4b, 0x93,
  0x73, 0xb1, 0x2b, 0x93, 0x9b, 0x4b, 0x7b, 0x73, 0x1b, 0x25, 0xb0, 0x87,
  0xa4, 0xc2, 0xd2, 0xe4, 0x5c, 0xd8, 0xc2, 0xdc, 0xce, 0xea, 0xc2, 0xce,
  0xca, 0xbe, 0xec, 0xca, 0xe4, 0xe6, 0xd2, 0xde, 0xdc, 0x46, 0x09, 0xee,
  0x21, 0xa7, 0xb0, 0x34, 0x39, 0x97, 0xb1, 0xb7, 0x36, 0xb8, 0x34, 0xb6,
  0xb2, 0xaf, 0x37, 0x38, 0xba, 0xb4, 0x37, 0xb7, 0xb9, 0x51, 0x06, 0x7c,
  0xc8, 0x07, 0x7d, 0x48, 0x26, 0x2c, 0x4d, 0xce, 0xc5, 0x4c, 0x2e, 0xec,
  0xac, 0xad, 0xcc, 0x8d, 0x6e, 0x94, 0xc0, 0x24, 0x00, 0xa9, 0x18, 0x00,
  0x00, 0x25, 0x00, 0x00, 0x00, 0x0b, 0x0a, 0x72, 0x28, 0x87, 0x77, 0x80,
  0x07, 0x7a, 0x58, 0x70, 0x98, 0x43, 0x3d, 0xb8, 0xc3, 0x38, 0xb0, 0x43,
  0x39, 0xd0, 0xc3, 0x82, 0xe6, 0x1c, 0xc6, 0xa1, 0x0d, 0xe8, 0x41, 0x1e,
  0xc2, 0xc1, 0x1d, 0xe6, 0x21, 0x1d, 0xe8, 0x21, 0x1d, 0xde, 0xc1, 0x1d,
  0x16, 0x34, 0xe3, 0x60, 0x0e, 0xe7, 0x50, 0x0f, 0xe1, 0x20, 0x0f, 0xe4,
  0x40, 0x0f, 0xe1, 0x20, 0x0f, 0xe7, 0x50, 0x0e, 0xf4, 0xb0, 0x80, 0x81,
  0x07, 0x79, 0x28, 0x87, 0x70, 0x60, 0x07, 0x76, 0x78, 0x87, 0x71, 0x08,
  0x07, 0x7a, 0x28, 0x07, 0x72, 0x58, 0x70, 0x9c, 0xc3, 0x38, 0xb4, 0x01,
  0x3b, 0xa4, 0x83, 0x3d, 0x94, 0xc3, 0x02, 0x6b, 0x1c, 0xd8, 0x21, 0x1c,
  0xdc, 0xe1, 0x1c, 0xdc, 0x20, 0x1c, 0xe4, 0x61, 0x1c, 0xdc, 0x20, 0x1c,
  0xe8, 0x81, 0x1e, 0xc2, 0x61, 0x1c, 0xd0, 0xa1, 0x1c, 0xc8, 0x61, 0x1c,
  0xc2, 0x81, 0x1d, 0xd8, 0x61, 0xc1, 0x01, 0x0f, 0xf4, 0x20, 0x0f, 0xe1,
  0x50, 0x0f, 0xf4, 0x80, 0x0e, 0x00, 0x00, 0x00, 0x00, 0xd1, 0x10, 0x00,
  0x00, 0x06, 0x00, 0x00, 0x00, 0x07, 0xcc, 0x3c, 0xa4, 0x83, 0x3b, 0x9c,
  0x03, 0x3b, 0x94, 0x03, 0x3d, 0xa0, 0x83, 0x3c, 0x94, 0x43, 0x38, 0x90,
  0xc3, 0x01, 0x00, 0x00, 0x00, 0x61, 0x20, 0x00, 0x00, 0x69, 0x0a, 0x00,
  0x00, 0x13, 0x04, 0x68, 0x10, 0x0b, 0x04, 0x00, 0x00, 0x5a, 0x00, 0x00,
  0x00, 0x34, 0x94, 0xff, 0x40, 0xc1, 0x14, 0x47, 0x49, 0x14, 0xc5, 0x0c,
  0x40, 0x59, 0x94, 0x46, 0x4d, 0x14, 0x20, 0x10, 0x45, 0x23, 0x00, 0x35,
  0x40, 0xd2, 0x08, 0xc0, 0x58, 0x02, 0x10, 0x8c, 0x25, 0x04, 0xc1, 0x1c,
  0xc2, 0x19, 0xcc, 0x02, 0xcd, 0x25, 0x50, 0x06, 0x45, 0x50, 0x0a, 0xa4,
  0x8f, 0x00, 0xcc, 0x31, 0x9c, 0xc1, 0x19, 0xcc, 0xc2, 0x1c, 0x03, 0x18,
  0x80, 0xc1, 0x2c, 0x8c, 0x35, 0x00, 0x81, 0x30, 0xd6, 0x30, 0x0c, 0x03,
  0xed, 0x23, 0x00, 0x73, 0x10, 0x67, 0x00, 0x06, 0xdf, 0x2c, 0x8c, 0x45,
  0x00, 0x81, 0x70, 0x10, 0x30, 0x46, 0x10, 0x92, 0x60, 0x88, 0x77, 0x23,
  0x00, 0x63, 0x04, 0x20, 0x08, 0x82, 0xf8, 0x37, 0x46, 0x00, 0x82, 0x20,
  0x08, 0x7f, 0x63, 0x04, 0x20, 0x08, 0x82, 0x20, 0x18, 0x8c, 0x11, 0x80,
  0x20, 0x08, 0x92, 0x60, 0x30, 0x46, 0x90, 0xff, 0xa3, 0x4c, 0x7f, 0x63,
  0x04, 0xad, 0x39, 0xe7, 0xec, 0x2f, 0x8c, 0x11, 0xa8, 0x78, 0x7d, 0xca,
  0xbe, 0x30, 0x46, 0x00, 0x82, 0x20, 0x88, 0xff, 0xc2, 0x68, 0xc0, 0x18,
  0x01, 0x08, 0x82, 0x20, 0x08, 0x0e, 0x63, 0x04, 0x20, 0x08, 0x82, 0xf4,
  0x37, 0x46, 0xf0, 0xd2, 0xf0, 0x7a, 0x7f, 0x63, 0x04, 0x6e, 0x1f, 0x8b,
  0xe6, 0x37, 0x46, 0x80, 0xaa, 0x78, 0xfd, 0x7e, 0x63, 0x04, 0x20, 0x08,
  0x82, 0xe8, 0x37, 0x46, 0xd0, 0x9a, 0x73, 0xce, 0x7e, 0x63, 0x04, 0x20,
  0x08, 0x82, 0x21, 0x18, 0x8c, 0x11, 0xe8, 0xac, 0x39, 0xa7, 0xdf, 0x18,
  0x01, 0x08, 0x82, 0xe0, 0x19, 0x06, 0x63, 0x04, 0x73, 0xce, 0x9a, 0xf3,
  0x37, 0x46, 0x00, 0x82, 0x20, 0xa8, 0x83, 0xc1, 0x18, 0x01, 0x08, 0x82,
  0xe0, 0x0a, 0x06, 0x63, 0x04, 0xad, 0x39, 0xe7, 0xe4, 0x37, 0x46, 0x00,
  0x82, 0x20, 0x08, 0xff, 0xc2, 0x18, 0x01, 0x08, 0x82, 0xa0, 0x09, 0x0e,
  0x14, 0x8c, 0x06, 0xcc, 0x00, 0x8c, 0x00, 0x90, 0x30, 0x03, 0x30, 0x1a,
  0x30, 0x02, 0x30, 0x87, 0xb0, 0x0e, 0xf4, 0x30, 0x96, 0x00, 0x82, 0x20,
  0xa8, 0x82, 0x03, 0x08, 0x82, 0xa0, 0x0a, 0x0e, 0x63, 0x09, 0x20, 0x08,
  0x82, 0x26, 0x18, 0x80, 0x20, 0x08, 0x9a, 0x60, 0x30, 0x96, 0x00, 0x82,
  0x20, 0x88, 0x7f, 0x20, 0x08, 0x82, 0xf8, 0x37, 0x87, 0x10, 0x12, 0xf4,
  0x30, 0x96, 0x00, 0x82, 0x20, 0x68, 0x82, 0x03, 0x08, 0x82, 0xa0, 0x09,
  0x0e, 0x94, 0x8f, 0x06, 0xcc, 0x00, 0x8c, 0x35, 0xb4, 0xe6, 0x9c, 0xd3,
  0x5f, 0x6b, 0xce, 0x39, 0xfd, 0xb5, 0xe6, 0x9c, 0xd3, 0x1f, 0x00, 0x00,
  0x00, 0xf1, 0x30, 0x00, 0x00, 0x2f, 0x00, 0x00, 0x00, 0x22, 0x47, 0xc8,
  0x90, 0x51, 0x12, 0x04, 0x3b, 0x00, 0x00, 0x00, 0x00, 0x62, 0x60, 0x61,
  0x18, 0x61, 0x69, 0x72, 0x2d, 0x61, 0x6c, 0x69, 0x61, 0x73, 0x2d, 0x73,
  0x63, 0x6f, 0x70, 0x65, 0x73, 0x28, 0x66, 0x72, 0x61, 0x67, 0x6d, 0x65,
  0x6e, 0x74, 0x53, 0x68, 0x61, 0x64, 0x65, 0x72, 0x41, 0x41, 0x29, 0x61,
  0x69, 0x72, 0x2d, 0x61, 0x6c, 0x69, 0x61, 0x73, 0x2d, 0x73, 0x63, 0x6f,
  0x70, 0x65, 0x2d, 0x61, 0x72, 0x67, 0x28, 0x34, 0x29, 0x61, 0x69, 0x72,
  0x2d, 0x61, 0x6c, 0x69, 0x61, 0x73, 0x2d, 0x73, 0x63, 0x6f, 0x70, 0x65,
  0x2d, 0x73, 0x61, 0x6d, 0x70, 0x6c, 0x65, 0x72, 0x73, 0x61, 0x69, 0x72,
  0x2d, 0x61, 0x6c, 0x69, 0x61, 0x73, 0x2d, 0x73, 0x63, 0x6f, 0x70, 0x65,
  0x2d, 0x74, 0x65, 0x78, 0x74, 0x75, 0x72, 0x65, 0x73, 0x2b, 0x04, 0x9c,
  0xa0, 0x89, 0x15, 0x43, 0x4e, 0xe0, 0x44, 0x4d, 0xac, 0x18, 0x74, 0x02,
  0x27, 0x6c, 0x62, 0xc5, 0xb0, 0x13, 0x38, 0x71, 0x13, 0x1b, 0x86, 0x96,
  0x58, 0x09, 0x5f, 0xd8, 0x10, 0xe4, 0xc4, 0x06, 0x61, 0x27, 0x74, 0x62,
  0xc3, 0xd0, 0x12, 0x2b, 0xf1, 0x0b, 0x1b, 0x86, 0x96, 0x58, 0x09, 0x70,
  0xd8, 0x30, 0xb4, 0xc4, 0x4a, 0x84, 0xc3, 0x86, 0xa1, 0x25, 0x58, 0xe2,
  0x1c, 0x00, 0x00, 0x00, 0x00, 0x33, 0x11, 0x62, 0x30, 0x80, 0x41, 0x29,
  0x74, 0x71, 0x08, 0x7c, 0xc1, 0x1d, 0x86, 0x0d, 0x88, 0xe0, 0x15, 0x0a,
  0xa0, 0x8b, 0x83, 0xf0, 0x0b, 0xf6, 0x30, 0x6c, 0x40, 0x04, 0xaf, 0x50,
  0x00, 0x5d, 0x1c, 0x06, 0x70, 0xc0, 0x87, 0x61, 0x03, 0x22, 0x78, 0x05,
  0x02, 0xe8, 0xe2, 0x40, 0x84, 0x03, 0x3c, 0x0c, 0x1b, 0x10, 0xc1, 0x2b,
  0x14, 0xc0, 0x88, 0xc1, 0xb1, 0xc4, 0x20, 0x58, 0xf8, 0xc7, 0x1b, 0xec,
  0x83, 0x2b, 0xc4, 0xc2, 0x70, 0x44, 0xf0, 0x06, 0x81, 0x7f, 0xcc, 0x32,
  0x04, 0x42, 0x30, 0x62, 0x40, 0x30, 0x21, 0x08, 0x06, 0x6d, 0xe0, 0x0f,
  0xb3, 0x04, 0x42, 0x2f, 0x06, 0x58, 0x20, 0x07, 0x7a, 0xa0, 0x60, 0x20,
  0xc3, 0x6c, 0x43, 0x70, 0x06, 0x68, 0x40, 0x84, 0x01, 0xb2, 0x06, 0x49,
  0x19, 0x24, 0xb1, 0x90, 0xc8, 0x42, 0x22, 0x06, 0x83, 0x1d, 0x54, 0xb4,
  0x60, 0x9d, 0x41, 0x18, 0x7c, 0x62, 0x00, 0x06, 0x63, 0xd0, 0x0b, 0x42,
  0x16, 0xcc, 0xe1, 0x1c, 0xcc, 0x81, 0x02, 0x80, 0xf4, 0x82, 0xa0, 0x05,
  0x74, 0x48, 0x07, 0x50, 0xa0, 0x00, 0x18, 0xbd, 0x20, 0x6c, 0x41, 0x1d,
  0xd6, 0x61, 0x14, 0x28, 0x00, 0x46, 0x2f, 0x08, 0x5c, 0x60, 0x87, 0x76,
  0x18, 0x05, 0x0a, 0x00, 0xd2, 0x8b, 0x41, 0x17, 0xdc, 0x01, 0x24, 0x28,
  0x00, 0x08, 0x1e, 0x89, 0xf8, 0x23, 0x61, 0x88, 0x3f, 0x0a, 0x41, 0xf8,
  0xa3, 0x1f, 0x04, 0xe4, 0x6f, 0x09, 0xf8, 0xcf, 0x31, 0x6c, 0x4c, 0x3d,
  0xcc, 0x31, 0x04, 0xc2, 0x2b, 0xcc, 0x31, 0x74, 0xc4, 0x3d, 0xcc, 0x12,
  0x50, 0xbd, 0x18, 0xc8, 0x01, 0x1f, 0x7e, 0x81, 0x82, 0x81, 0x5c, 0x10,
  0x13, 0x3a, 0xdc, 0x10, 0xac, 0x04, 0x18, 0x8c, 0x21, 0xa8, 0x43, 0x2d,
  0x20, 0x2a, 0x04, 0xe1, 0x3f, 0x1d, 0x21, 0x04, 0x83, 0x7f, 0xcc, 0x31,
  0xb4, 0x43, 0x80, 0x0b, 0x23, 0x06, 0x4d, 0x13, 0x82, 0x60, 0x30, 0xd5,
  0xc5, 0x3a, 0xa8, 0x43, 0xe0, 0x0b, 0xbd, 0xf0, 0x0b, 0xac, 0xc0, 0x0a,
  0x30, 0x31, 0x9a, 0x10, 0x00, 0x97, 0x8c, 0x04, 0x5e, 0x80, 0x13, 0x3a,
  0xdc, 0x10, 0xec, 0x04, 0x18, 0xcc, 0x32, 0x14, 0x46, 0x30, 0xc8, 0x40,
  0xdc, 0xc1, 0x2d, 0x0c, 0x32, 0x14, 0x77, 0x70, 0x0b, 0x28, 0x04, 0xe2,
  0x3f, 0xc8, 0x10, 0xb8, 0xc1, 0x2d, 0x0c, 0x32, 0x04, 0xc8, 0x2d, 0xcc,
  0x12, 0x1c, 0xc3, 0x0d, 0x87, 0x58, 0x80, 0xc1, 0x20, 0x83, 0xd2, 0x07,
  0xbb, 0x30, 0xdd, 0x10, 0x2c, 0xc2, 0x2c, 0xc1, 0x31, 0x50, 0x11, 0x20,
  0x85, 0x60, 0xcc, 0x31, 0x80, 0x02, 0x1b, 0xb8, 0xc4, 0x20, 0x43, 0x10,
  0x0a, 0xbf, 0x80, 0x43, 0x20, 0xfe, 0xbd, 0x18, 0xfa, 0x21, 0x26, 0xd0,
  0x82, 0x82, 0x61, 0x5c, 0xb0, 0x0f, 0x38, 0x62, 0x60, 0x38, 0x21, 0x08,
  0x16, 0xfe, 0x71, 0xdd, 0x45, 0x80, 0x81, 0x38, 0x88, 0xff, 0x1c, 0xc3,
  0x1e, 0x04, 0x36, 0x71, 0x05, 0x5a, 0xe0, 0x05, 0x21, 0xa1, 0x23, 0x06,
  0x86, 0x13, 0x82, 0x60, 0xe1, 0x1f, 0x17, 0x5f, 0x04, 0x18, 0x9c, 0x83,
  0xf8, 0xcf, 0x31, 0x14, 0x01, 0x3d, 0x9c, 0xe2, 0x16, 0x78, 0x81, 0x49,
  0xe8, 0x88, 0x81, 0xe1, 0x84, 0x20, 0x58, 0xf8, 0xc7, 0x15, 0x1a, 0x01,
  0x06, 0xec, 0x20, 0xfe, 0x73, 0x0c, 0x45, 0x70, 0x0f, 0xf7, 0xa8, 0x84,
  0x8e, 0x18, 0x18, 0x4e, 0x08, 0x82, 0x85, 0x7f, 0x5c, 0xa5, 0x11, 0x60,
  0x00, 0x0f, 0xe2, 0x3f, 0xc7, 0xa0, 0x0a, 0x01, 0x59, 0x0c, 0x32, 0x04,
  0xab, 0xa0, 0x0f, 0x18, 0x18, 0xe2, 0x3f, 0xc8, 0x10, 0xb4, 0x82, 0x3d,
  0xcc, 0x31, 0x04, 0x05, 0x48, 0x60, 0x16, 0x88, 0xff, 0x2c, 0xc1, 0x19,
  0x8c, 0x18, 0x1c, 0x0f, 0x0c, 0x82, 0x85, 0x7f, 0x90, 0x01, 0x6d, 0xd8,
  0x44, 0x2b, 0xf4, 0x82, 0xb8, 0x89, 0xb5, 0x60, 0x8b, 0xb5, 0xa0, 0x00,
  0x20, 0xbd, 0x20, 0x72, 0xa2, 0x2d, 0xdc, 0xa2, 0x24, 0x28, 0x00, 0x06,
  0x06, 0x83, 0xf8, 0xf7, 0x82, 0xe0, 0x09, 0xb8, 0x88, 0x8b, 0x94, 0xa0,
  0x00, 0x18, 0xbd, 0x20, 0x7c, 0x42, 0x2e, 0xe6, 0x22, 0x25, 0x28, 0x00,
  0x08, 0x06, 0x83, 0xf8, 0xa3, 0x11, 0x84, 0x3f, 0x86, 0x44, 0x40, 0xfe,
  0x66, 0x80, 0xff, 0x1c, 0x83, 0x2f, 0x28, 0x78, 0x31, 0xc7, 0x10, 0x08,
  0x32, 0x61, 0x07, 0xf8, 0xcf, 0x31, 0x84, 0x43, 0xb0, 0x17, 0x73, 0x0c,
  0x01, 0x54, 0x13, 0xbd, 0x20, 0xd2, 0xa2, 0x2f, 0xfc, 0x62, 0x26, 0x28,
  0x00, 0x06, 0x06, 0x8c, 0xf8, 0xf7, 0x82, 0x60, 0x0b, 0xd0, 0x08, 0x8d,
  0xbf, 0xa0, 0x00, 0x20, 0x18, 0x50, 0xe2, 0x8f, 0x44, 0x10, 0xfe, 0x73,
  0x0c, 0xe9, 0x10, 0x90, 0x06, 0x12, 0x94, 0xf8, 0x23, 0xa2, 0x89, 0x3f,
  0x0a, 0x41, 0xf8, 0xcf, 0x31, 0x10, 0x41, 0x58, 0xcc, 0x31, 0xbc, 0xc3,
  0x94, 0x1a, 0x83, 0x0c, 0x01, 0x3c, 0xf8, 0xc4, 0x20, 0x83, 0x5e, 0xe8,
  0xc3, 0x4f, 0xe0, 0x14, 0x88, 0xff, 0x20, 0x03, 0x5f, 0xf0, 0x03, 0x58,
  0xa0, 0x14, 0x88, 0x3f, 0x0e, 0x07, 0xf8, 0x63, 0x20, 0x80, 0x3f, 0x06,
  0x87, 0xf8, 0x0f, 0x32, 0x04, 0xf8, 0xe0, 0x16, 0xbd, 0x18, 0xfe, 0x62,
  0x36, 0xd0, 0x83, 0x02, 0x81, 0xf4, 0x62, 0x08, 0x8d, 0xda, 0x38, 0x0f,
  0x0a, 0x00, 0x32, 0xc7, 0x60, 0x12, 0xc1, 0x6d, 0x0c, 0x32, 0x04, 0x26,
  0x51, 0x17, 0x23, 0x06, 0x86, 0x13, 0x82, 0x60, 0xe1, 0x1f, 0x15, 0x7e,
  0x1c, 0x28, 0x18, 0xe1, 0x8f, 0x81, 0x00, 0xfe, 0x63, 0x08, 0x01, 0x6f,
  0x8c, 0x21, 0x08, 0x76, 0x31, 0x62, 0x70, 0x38, 0x21, 0x08, 0x16, 0xfe,
  0xb1, 0xb5, 0x88, 0x10, 0x8c, 0x18, 0x1c, 0x4e, 0x08, 0x82, 0x85, 0x7f,
  0x6c, 0x24, 0x12, 0xac, 0xc5, 0x88, 0xc1, 0xe1, 0x84, 0x20, 0x58, 0xf8,
  0x87, 0x1a, 0x80, 0x48, 0xd1, 0x12, 0x23, 0x06, 0x87, 0x13, 0x82, 0x60,
  0xe1, 0x1f, 0x9f, 0x8b, 0x04, 0xc1, 0x88, 0x81, 0xe1, 0x84, 0x20, 0x58,
  0xf8, 0x47, 0x07, 0x23, 0x01, 0xa2, 0x45, 0x13, 0xfe, 0x18, 0x14, 0xe0,
  0x8f, 0xc1, 0x00, 0xfe, 0x23, 0x06, 0x06, 0x14, 0x82, 0x60, 0xe1, 0x1f,
  0x5d, 0x8b, 0x04, 0x18, 0xc4, 0x85, 0xf8, 0xa3, 0xc4, 0x16, 0xe0, 0x3f,
  0xc7, 0x80, 0x13, 0x41, 0x7a, 0x0c, 0x32, 0x04, 0x38, 0x71, 0x1a, 0x48,
  0x13, 0x57, 0xf8, 0x63, 0x30, 0x81, 0x3f, 0x06, 0x03, 0xf8, 0x8f, 0x21,
  0x04, 0xee, 0x31, 0x86, 0x20, 0xa0, 0xc6, 0x88, 0xc1, 0xe1, 0x84, 0x20,
  0x58, 0xf8, 0xc7, 0xf6, 0x23, 0x42, 0x30, 0x62, 0x70, 0x38, 0x21, 0x08,
  0x16, 0xfe, 0xb1, 0xd9, 0x48, 0xd0, 0x17, 0x23, 0x06, 0x87, 0x13, 0x82,
  0x60, 0xe1, 0x1f, 0x6a, 0x20, 0x23, 0xc5, 0x4f, 0x8c, 0x18, 0x1c, 0x4e,
  0x08, 0x82, 0x85, 0x7f, 0x7c, 0x60, 0x12, 0x04, 0x23, 0x06, 0x86, 0x13,
  0x82, 0x60, 0xe1, 0x1f, 0x9d, 0x98, 0x04, 0x58, 0x17, 0x5f, 0xf8, 0x63,
  0x50, 0x80, 0x3f, 0x06, 0x03, 0xf8, 0x8f, 0x18, 0x18, 0x50, 0x08, 0x82,
  0x85, 0x7f, 0x74, 0x3f, 0x12, 0x60, 0x30, 0x1a, 0xe2, 0x8f, 0xd5, 0x14,
  0xfe, 0x56, 0x81, 0x3f, 0x0a, 0x01, 0xf9, 0x8f, 0x18, 0x20, 0x4e, 0x08,
  0x82, 0x85, 0x7f, 0x98, 0x81, 0x99, 0x04, 0xa9, 0x81, 0x1a, 0x78, 0x14,
  0xe1, 0x6f, 0x07, 0xf8, 0xa3, 0x10, 0x90, 0xff, 0x88, 0x01, 0xe2, 0x84,
  0x20, 0x58, 0xf8, 0x87, 0x19, 0xa8, 0x49, 0xd0, 0x1a, 0xac, 0xd1, 0x8b,
  0xc1, 0x3d, 0x44, 0x44, 0x47, 0x28, 0x18, 0xc8, 0x05, 0xec, 0x81, 0x23,
  0x06, 0x86, 0x13, 0x82, 0x60, 0xe1, 0x1f, 0x17, 0x9a, 0x04, 0x18, 0xcc,
  0x86, 0xf8, 0xcf, 0x31, 0xb0, 0x45, 0x70, 0x22, 0x57, 0xe4, 0x08, 0x5e,
  0x20, 0x1f, 0x3a, 0x62, 0x60, 0x38, 0x21, 0x08, 0x16, 0xfe, 0x71, 0xb5,
  0x49, 0x80, 0x01, 0x6e, 0x88, 0xff, 0x1c, 0x43, 0x11, 0x94, 0xc7, 0x29,
  0x3f, 0x82, 0x17, 0xdc, 0x87, 0x8e, 0x18, 0x18, 0x4e, 0x08, 0x82, 0x85,
  0x7f, 0x5c, 0x72, 0x12, 0x60, 0xd0, 0x1b, 0xe2, 0x3f, 0xc7, 0x50, 0x04,
  0xe8, 0x71, 0xcf, 0x7e, 0xe8, 0x88, 0x81, 0xe1, 0x84, 0x20, 0x58, 0xf8,
  0xc7, 0x65, 0x27, 0x01, 0x06, 0xe1, 0x21, 0xfe, 0x73, 0x0c, 0x7b, 0x11,
  0xd4, 0xc8, 0x20, 0x43, 0xc0, 0x17, 0xeb, 0x81, 0x81, 0x21, 0xfe, 0x83,
  0x0c, 0x81, 0x5f, 0x9c, 0xc7, 0x1c, 0x43, 0x50, 0xc4, 0x47, 0x2f, 0x06,
  0x13, 0xd1, 0x91, 0x38, 0xa1, 0x60, 0x18, 0x17, 0x90, 0x08, 0x8e, 0x18,
  0x18, 0x4e, 0x08, 0x82, 0x85, 0x7f, 0x5c, 0xa0, 0x12, 0x60, 0xb0, 0x1e,
  0xe2, 0x3f, 0xc7, 0x40, 0x1a, 0xc1, 0x8f, 0x5c, 0x11, 0x27, 0x78, 0x81,
  0x8a, 0xe8, 0x88, 0x81, 0xe1, 0x84, 0x20, 0x58, 0xf8, 0xc7, 0x55, 0x2a,
  0x01, 0x06, 0xf0, 0x21, 0xfe, 0x73, 0x0c, 0x45, 0xd0, 0x1f, 0xa7, 0xdc,
  0x09, 0x5e, 0xf0, 0x22, 0x3a, 0x62, 0x60, 0x38, 0x21, 0x08, 0x16, 0xfe,
  0x71, 0xa9, 0x4a, 0x80, 0x41, 0x7d, 0x88, 0xff, 0x1c, 0x43, 0x11, 0x80,
  0xc8, 0x3d, 0x33, 0xa2, 0x23, 0x06, 0x86, 0x13, 0x82, 0x60, 0xe1, 0x1f,
  0x97, 0xab, 0x04, 0x18, 0xe4, 0x87, 0xf8, 0xcf, 0x31, 0xcc, 0x46, 0xd0,
  0x26, 0x83, 0x0c, 0x01, 0x6d, 0x8c, 0x08, 0x06, 0x86, 0xf8, 0x0f, 0x32,
  0x04, 0xb6, 0xf1, 0x1f, 0x73, 0x0c, 0x41, 0x91, 0x22, 0x73, 0x0c, 0xe4,
  0x11, 0x07, 0x72, 0x32, 0xc8, 0x10, 0x94, 0xc7, 0x88, 0x8c, 0x18, 0x20,
  0x4e, 0x08, 0x82, 0x85, 0x7f, 0xa0, 0x81, 0xad, 0x6c, 0x43, 0x30, 0xc7,
  0x70, 0x1e, 0x78, 0x50, 0x27, 0x73, 0x0c, 0xe8, 0x41, 0x1b, 0x76, 0x32,
  0xc7, 0x90, 0x1e, 0x2d, 0x71, 0x27, 0x18, 0x08, 0xe2, 0x8f, 0x01, 0x21,
  0xfe, 0x83, 0x0c, 0x01, 0x7b, 0xa8, 0x08, 0x06, 0x87, 0xf8, 0xcf, 0x12,
  0x9c, 0x41, 0x2f, 0x06, 0x34, 0xe1, 0x93, 0x31, 0xa1, 0x60, 0x20, 0x17,
  0xd4, 0x8a, 0x8e, 0x18, 0x18, 0x4e, 0x08, 0x82, 0x85, 0x7f, 0x5c, 0xe2,
  0x12, 0x0c, 0x47, 0x04, 0x2a, 0x22, 0xf8, 0xc7, 0x18, 0x82, 0x9b, 0xe8,
  0x08, 0xb2, 0x48, 0x10, 0xfe, 0xd3, 0x11, 0x81, 0x30, 0xf8, 0xc7, 0x20,
  0x43, 0x9c, 0xcc, 0x87, 0x8f, 0xf4, 0x62, 0x88, 0x93, 0x52, 0x39, 0x13,
  0x0a, 0x80, 0x81, 0x44, 0x20, 0xfe, 0x73, 0x0c, 0x44, 0x10, 0x26, 0x38,
  0xcc, 0x88, 0xf8, 0xcf, 0x31, 0xd8, 0x47, 0x30, 0x26, 0x23, 0x06, 0x87,
  0x13, 0x82, 0x60, 0xe1, 0x1f, 0x1f, 0xbe, 0x0c, 0xc1, 0x88, 0xc1, 0xe1,
  0x84, 0x20, 0x58, 0xf8, 0xc7, 0x97, 0x2f, 0x82, 0x80, 0x42, 0x40, 0xfe,
  0x23, 0x06, 0x88, 0x13, 0x82, 0x60, 0xe1, 0x1f, 0x66, 0x70, 0x2f, 0x81,
  0x8e, 0xe4, 0xc8, 0x1c, 0x43, 0x7f, 0x04, 0xaf, 0x32, 0xc8, 0x10, 0xf8,
  0x47, 0x9b, 0x60, 0x70, 0x88, 0x3f, 0x2a, 0x41, 0xf8, 0x8f, 0x18, 0x1c,
  0x4e, 0x08, 0x82, 0x85, 0x7f, 0x7c, 0x20, 0x13, 0x04, 0x23, 0x06, 0x86,
  0x13, 0x82, 0x60, 0xe1, 0x1f, 0x9d, 0xc8, 0x04, 0xbd, 0x20, 0x42, 0xa5,
  0x56, 0x6c, 0xa5, 0x56, 0x28, 0x00, 0x48, 0x2f, 0x88, 0x51, 0xb9, 0x15,
  0x5c, 0x79, 0x13, 0x0a, 0x80, 0x81, 0xc1, 0x20, 0xfe, 0xbd, 0x20, 0x4c,
  0x45, 0x57, 0x76, 0x65, 0x4e, 0x28, 0x00, 0x46, 0x2f, 0x08, 0x54, 0xe1,
  0x95, 0x5e, 0x99, 0x13, 0x0a, 0x00, 0x82, 0xc1, 0x20, 0xfe, 0x68, 0x04,
  0xe1, 0x8f, 0x6b, 0x12, 0x90, 0xbf, 0x19, 0xe0, 0x3f, 0xc7, 0x80, 0x22,
  0x8a, 0xb8, 0xcc, 0x31, 0x04, 0x02, 0x9f, 0xcc, 0x31, 0xa8, 0x08, 0x41,
  0x2e, 0x83, 0x0c, 0xc1, 0x8a, 0xe4, 0x09, 0x06, 0x83, 0xf8, 0x0f, 0x32,
  0x04, 0x2d, 0x32, 0x2a, 0x23, 0x06, 0x87, 0x13, 0x82, 0x60, 0xe1, 0x1f,
  0x5f, 0xcd, 0x04, 0xc1, 0x88, 0x81, 0xe1, 0x84, 0x20, 0x58, 0xf8, 0x47,
  0x77, 0x33, 0x01, 0xce, 0x49, 0x40, 0xfe, 0x48, 0x27, 0x41, 0xf8, 0x8f,
  0x18, 0x20, 0x4e, 0x08, 0x82, 0x85, 0x7f, 0x98, 0x41, 0xcd, 0x04, 0x78,
  0x72, 0x27, 0x18, 0x04, 0xe2, 0x8f, 0xc2, 0x9d, 0x88, 0x3f, 0xde, 0x49,
  0x10, 0xfe, 0x38, 0x04, 0xe2, 0x3f, 0x62, 0x80, 0x38, 0x21, 0x08, 0x16,
  0xfe, 0x61, 0x06, 0x2c, 0xc3, 0x27, 0x7a, 0x12, 0x60, 0x10, 0x27, 0xe2,
  0x8f, 0x42, 0x9c, 0x88, 0xff, 0x18, 0x82, 0xb8, 0xd0, 0x0b, 0x06, 0x7e,
  0x22, 0xfe, 0x18, 0xe8, 0x09, 0xf8, 0x8f, 0x18, 0x18, 0x4e, 0x08, 0x82,
  0x85, 0x7f, 0x74, 0x3b, 0x13, 0xe0, 0xa8, 0x04, 0xe1, 0xdf, 0x8b, 0xa1,
  0x5c, 0xf2, 0xc5, 0x57, 0x28, 0x00, 0x08, 0x0e, 0x81, 0xf8, 0x8f, 0x18,
  0x1c, 0x4e, 0x08, 0x82, 0x85, 0x7f, 0x6c, 0x61, 0x73, 0x2a, 0x01, 0xa6,
  0x81, 0x12, 0xfe, 0x23, 0x06, 0x06, 0x14, 0x82, 0x60, 0xe1, 0x1f, 0x5d,
  0xd9, 0x04, 0x28, 0x04, 0xe1, 0x8f, 0x82, 0xa8, 0x88, 0x3f, 0x0a, 0x01,
  0xf9, 0x8f, 0x18, 0x20, 0x4e, 0x08, 0x82, 0x85, 0x7f, 0x98, 0xc1, 0xda,
  0x04, 0xae, 0xd2, 0x2a, 0xf8, 0x06, 0x51, 0xf8, 0x8f, 0x18, 0x18, 0x50,
  0x08, 0x82, 0x85, 0x7f, 0x74, 0x6b, 0x13, 0xa0, 0x10, 0x84, 0x3f, 0x0a,
  0xa8, 0x22, 0xfe, 0x28, 0x04, 0xe4, 0x3f, 0x62, 0x80, 0x38, 0x21, 0x08,
  0x16, 0xfe, 0x61, 0x06, 0x71, 0x13, 0xd0, 0xca, 0xac, 0xf4, 0x62, 0xa8,
  0x97, 0x94, 0xd9, 0x19, 0x0a, 0x00, 0x32, 0x1c, 0x11, 0xdc, 0x8a, 0xe0,
  0x1f, 0xb3, 0x0c, 0xca, 0x12, 0x8c, 0x18, 0x1c, 0x4e, 0x08, 0x82, 0x85,
  0x7f, 0x6c, 0x72, 0x53, 0x0a, 0x02, 0x0e, 0xaa, 0x22, 0xfe, 0x73, 0x0c,
  0xa6, 0x20, 0x9c, 0x0b, 0x0a, 0x1d, 0xf8, 0xcf, 0x31, 0xf0, 0x49, 0x90,
  0x2e, 0x78, 0xc8, 0x8a, 0xf8, 0x63, 0x00, 0x06, 0xe1, 0x3f, 0xc7, 0xf0,
  0x27, 0x01, 0xbb, 0xa0, 0x41, 0x84, 0x3f, 0x0a, 0x45, 0xf8, 0x8f, 0x18,
  0x1c, 0x4e, 0x08, 0x82, 0x85, 0x7f, 0x7c, 0xa3, 0x23, 0x04, 0x23, 0x06,
  0x87, 0x13, 0x82, 0x60, 0xe1, 0x1f, 0x1f, 0xe9, 0x08, 0x02, 0x0a, 0x01,
  0xf9, 0x8f, 0x18, 0x20, 0x4e, 0x08, 0x82, 0x85, 0x7f, 0x98, 0x81, 0xe8,
  0x04, 0xe5, 0x42, 0x2e, 0x73, 0x0c, 0xa8, 0x12, 0xe8, 0xcc, 0x20, 0x43,
  0x90, 0x2a, 0xf8, 0x82, 0xc1, 0x21, 0xfe, 0x98, 0x04, 0xe1, 0x3f, 0x62,
  0x70, 0x38, 0x21, 0x08, 0x16, 0xfe, 0xf1, 0xad, 0x4e, 0x10, 0x8c, 0x18,
  0x18, 0x4e, 0x08, 0x82, 0x85, 0x7f, 0x74, 0xad, 0x13, 0x60, 0xe0, 0x06,
  0xe1, 0x3f, 0x62, 0x60, 0x40, 0x21, 0x08, 0x16, 0xfe, 0xd1, 0xa1, 0x4e,
  0x80, 0x01, 0xbb, 0x88, 0x3f, 0x0e, 0x41, 0xf8, 0xdb, 0x00, 0xfe, 0x28,
  0x04, 0xe4, 0x3f, 0x62, 0x80, 0x38, 0x21, 0x08, 0x16, 0xfe, 0x61, 0x06,
  0xaf, 0x13, 0xc8, 0x4b, 0xbc, 0xcc, 0x12, 0x2c, 0x03, 0x15, 0x80, 0xa0,
  0x98, 0x57, 0x82, 0xa3, 0x92, 0x32, 0x20, 0x30, 0xdc, 0x10, 0x84, 0x0e,
  0x19, 0xcc, 0x32, 0x30, 0x4d, 0xd0, 0x8b, 0xc1, 0x66, 0xd4, 0xe6, 0x6e,
  0x28, 0x00, 0x08, 0x06, 0xf4, 0x22, 0xfe, 0x68, 0x0e, 0x41, 0xf8, 0x63,
  0x1f, 0xa8, 0x8b, 0xf8, 0x8f, 0x18, 0x1c, 0x4e, 0x08, 0x82, 0x85, 0x7f,
  0x6c, 0xb5, 0x23, 0xdc, 0xcb, 0x1c, 0x03, 0x3b, 0x04, 0x29, 0x83, 0x83,
  0xbc, 0x80, 0xff, 0x1c, 0x83, 0xaf, 0x04, 0x2b, 0x83, 0xee, 0x52, 0x84,
  0xff, 0x1c, 0x03, 0xb8, 0x04, 0x2d, 0x83, 0xc5, 0x10, 0xfe, 0x28, 0x10,
  0xe1, 0x3f, 0x62, 0x70, 0x38, 0x21, 0x08, 0x16, 0xfe, 0xf1, 0x91, 0x8f,
  0x10, 0x8c, 0x18, 0x1c, 0x4e, 0x08, 0x82, 0x85, 0x7f, 0x7c, 0xe5, 0x23,
  0x08, 0x28, 0x04, 0xe4, 0x3f, 0x62, 0x80, 0x38, 0x21, 0x08, 0x16, 0xfe,
  0x61, 0x06, 0xe3, 0x13, 0x98, 0x4c, 0xc9, 0xcc, 0x31, 0xa4, 0x4b, 0xb0,
  0x37, 0x83, 0x0c, 0x81, 0xba, 0xe4, 0x0c, 0x06, 0x87, 0xf8, 0x63, 0x12,
  0x84, 0xff, 0x88, 0xc1, 0xe1, 0x84, 0x20, 0x58, 0xf8, 0xc7, 0xc7, 0x3e,
  0x41, 0x30, 0x62, 0x60, 0x38, 0x21, 0x08, 0x16, 0xfe, 0xd1, 0xb9, 0x4f,
  0x80, 0xc1, 0x14, 0xfe, 0x23, 0x06, 0x06, 0x14, 0x82, 0x60, 0xe1, 0x1f,
  0x5d, 0xfa, 0x04, 0x18, 0xb4, 0x8c, 0xf8, 0xe3, 0x10, 0x84, 0xbf, 0x0d,
  0xe0, 0x8f, 0x42, 0x40, 0xfe, 0x23, 0x06, 0x88, 0x13, 0x82, 0x60, 0xe1,
  0x1f, 0x66, 0x00, 0x3f, 0xc1, 0xcc, 0xc8, 0xcc, 0x2c, 0x41, 0x33, 0x50,
  0x01, 0x08, 0x0c, 0x9a, 0x2d, 0xc3, 0x2c, 0x03, 0xb9, 0x4c, 0x6b, 0xe0,
  0xc4, 0xc2, 0x53, 0x06, 0x90, 0x2c, 0x44, 0xbd, 0x18, 0xea, 0x26, 0x75,
  0xc2, 0x87, 0x82, 0x81, 0x5c, 0x30, 0x37, 0x38, 0x62, 0x60, 0x38, 0x21,
  0x08, 0x16, 0xfe, 0x71, 0xbd, 0x4f, 0x80, 0x81, 0xce, 0x88, 0xff, 0x1c,
  0xc3, 0xbc, 0x04, 0xae, 0x73, 0x05, 0xf8, 0xe0, 0x05, 0x79, 0xa3, 0x23,
  0x06, 0x86, 0x13, 0x82, 0x60, 0xe1, 0x1f, 0x17, 0xfd, 0x04, 0x18, 0xfc,
  0x8c, 0xf8, 0xcf, 0x31, 0x14, 0x01, 0xdb, 0x9c, 0x62, 0x3e, 0x78, 0x81,
  0xdf, 0xe8, 0x88, 0x81, 0xe1, 0x84, 0x20, 0x58, 0xf8, 0xc7, 0x95, 0x3f,
  0x01, 0x06, 0x64, 0x23, 0xfe, 0x73, 0x0c, 0x45, 0xf0, 0x36, 0xf7, 0x88,
  0x8e, 0x8e, 0x18, 0x18, 0x4e, 0x08, 0x82, 0x85, 0x7f, 0x5c, 0xfd, 0x13,
  0x60, 0x80, 0x36, 0xe2, 0x3f, 0xc7, 0x20, 0x32, 0x01, 0xef, 0x0c, 0x32,
  0x04, 0x23, 0x23, 0x37, 0x18, 0x18, 0xe2, 0x3f, 0xc8, 0x10, 0x94, 0x8c,
  0xdb, 0xcc, 0x31, 0x04, 0x05, 0xde, 0xf4, 0x62, 0x68, 0x9d, 0xf0, 0xc1,
  0x1f, 0x0a, 0x86, 0x71, 0xc1, 0xea, 0xe0, 0x88, 0x81, 0xe1, 0x84, 0x20,
  0x58, 0xf8, 0xc7, 0x75, 0x42, 0x01, 0x06, 0x72, 0x23, 0xfe, 0x73, 0x0c,
  0x2b, 0x13, 0x98, 0xcf, 0x15, 0xf8, 0x83, 0x17, 0xc4, 0x8e, 0x8e, 0x18,
  0x18, 0x4e, 0x08, 0x82, 0x85, 0x7f, 0x5c, 0x2c, 0x14, 0x60, 0x70, 0x37,
  0xe2, 0x3f, 0xc7, 0x50, 0x04, 0xa4, 0x73, 0x8a, 0xff, 0xe0, 0x05, 0xb6,
  0xa3, 0x23, 0x06, 0x86, 0x13, 0x82, 0x60, 0xe1, 0x1f, 0x57, 0x0c, 0x05,
  0x18, 0xf0, 0x8d, 0xf8, 0xcf, 0x31, 0x14, 0xc1, 0xe9, 0xdc, 0xa3, 0x3b,
  0x3a, 0x62, 0x60, 0x38, 0x21, 0x08, 0x16, 0xfe, 0x71, 0xd5, 0x50, 0x80,
  0x01, 0xe8, 0x88, 0xff, 0x1c, 0x83, 0xce, 0x04, 0xf4, 0x33, 0xc8, 0x10,
  0xec, 0x8c, 0xea, 0x60, 0x60, 0x88, 0xff, 0x20, 0x43, 0xd0, 0x33, 0xa6,
  0x33, 0xc7, 0x10, 0x14, 0xb0, 0x33, 0x62, 0x80, 0x38, 0x21, 0x08, 0x16,
  0xfe, 0x61, 0x06, 0x62, 0x14, 0x0f, 0xa5, 0x43, 0x3a, 0x18, 0x04, 0xe2,
  0x8f, 0x02, 0xe9, 0x88, 0x3f, 0x92, 0x4e, 0x10, 0xfe, 0x38, 0x04, 0xe2,
  0x3f, 0xc7, 0x00, 0x37, 0x81, 0xff, 0x0c, 0x32, 0x04, 0x71, 0xf3, 0x3a,
  0x23, 0x06, 0x88, 0x13, 0x82, 0x60, 0xe1, 0x1f, 0x68, 0x20, 0x46, 0x60,
  0x80, 0x04, 0xbd, 0x18, 0xda, 0x27, 0x84, 0x60, 0x88, 0x82, 0x61, 0x5c,
  0xb0, 0x3e, 0x38, 0x62, 0x60, 0x38, 0x21, 0x08, 0x16, 0xfe, 0x71, 0x9d,
  0x51, 0x80, 0x81, 0xec, 0x88, 0xff, 0x1c, 0xc3, 0xda, 0x04, 0x26, 0x74,
  0x05, 0x0e, 0xe1, 0x05, 0xf1, 0xa3, 0x23, 0x06, 0x86, 0x13, 0x82, 0x60,
  0xe1, 0x1f, 0x17, 0x1b, 0x05, 0x18, 0xdc, 0x8e, 0xf8, 0xcf, 0x31, 0x14,
  0x01, 0xf9, 0x9c, 0xe2, 0x43, 0x78, 0x81, 0xfd, 0xe8, 0x88, 0x81, 0xe1,
  0x84, 0x20, 0x58, 0xf8, 0xc7, 0x15, 0x47, 0x01, 0x06, 0xbc, 0x23, 0xfe,
  0x73, 0x0c, 0x45, 0x70, 0x3e, 0xf7, 0xe8, 0x8f, 0x8e, 0x18, 0x18, 0x4e,
  0x08, 0x82, 0x85, 0x7f, 0x5c, 0x75, 0x14, 0x60, 0x00, 0x3e, 0xe2, 0x3f,
  0xc7, 0xa0, 0x37, 0x01, 0x0d, 0x0d, 0x32, 0x04, 0x7b, 0xa3, 0x3e, 0x18,
  0x18, 0xe2, 0x3f, 0xc8, 0x10, 0xf4, 0x8d, 0xf9, 0xcc, 0x31, 0x04, 0x05,
  0xfc, 0xa0, 0x3c, 0xc4, 0x84, 0xf8, 0xcf, 0x31, 0xb0, 0x4e, 0xa0, 0x43,
  0x83, 0x0c, 0x41, 0xeb, 0xac, 0xcf, 0x88, 0x01, 0xe2, 0x84, 0x20, 0x58,
  0xf8, 0x07, 0x1a, 0xf8, 0x11, 0x47, 0x04, 0x73, 0x0c, 0xaf, 0xb3, 0x13,
  0x3d, 0x34, 0xc7, 0x00, 0x3b, 0x62, 0xe1, 0x43, 0x28, 0x04, 0xe2, 0x3f,
  0xc8, 0x10, 0xc8, 0x0e, 0xfc, 0x60, 0x50, 0x88, 0xff, 0x2c, 0xc1, 0xd4,
  0x8b, 0xc1, 0x85, 0xc4, 0x48, 0x8f, 0x28, 0x18, 0xc8, 0x05, 0x2c, 0x84,
  0x23, 0x06, 0x86, 0x13, 0x82, 0x60, 0xe1, 0x1f, 0x17, 0x2a, 0x05, 0x18,
  0xcc, 0x8f, 0xf8, 0xcf, 0x31, 0xb0, 0x4e, 0x70, 0x46, 0x57, 0xe4, 0x11,
  0x5e, 0x20, 0x43, 0x3a, 0x62, 0x60, 0x38, 0x21, 0x08, 0x16, 0xfe, 0x71,
  0xb5, 0x52, 0x80, 0x01, 0xfe, 0x88, 0xff, 0x1c, 0x43, 0x11, 0x94, 0xd0,
  0x29, 0x7f, 0x84, 0x17, 0xdc, 0x90, 0x8e, 0x18, 0x18, 0x4e, 0x08, 0x82,
  0x85, 0x7f, 0x5c, 0xb2, 0x14, 0x60, 0xd0, 0x3f, 0xe2, 0x3f, 0xc7, 0x50,
  0x04, 0x28, 0x74, 0xcf, 0x0e, 0xe9, 0x88, 0x81, 0xe1, 0x84, 0x20, 0x58,
  0xf8, 0xc7, 0x65, 0x4b, 0x01, 0x06, 0x21, 0x24, 0xfe, 0x73, 0x0c, 0xbb,
  0x13, 0xd4, 0xd1, 0x20, 0x43, 0xc0, 0x3b, 0x2b, 0x84, 0x81, 0x21, 0xfe,
  0x83, 0x0c, 0x81, 0xef, 0x9c, 0xd0, 0x1c, 0x43, 0x50, 0xc4, 0x50, 0x2f,
  0x06, 0x33, 0xd2, 0xa3, 0x58, 0xa2, 0x60, 0x18, 0x17, 0x90, 0x11, 0x8e,
  0x18, 0x18, 0x4e, 0x08, 0x82, 0x85, 0x7f, 0x5c, 0xe0, 0x14, 0x60, 0xb0,
  0x42, 0xe2, 0x3f, 0xc7, 0x40, 0x3e, 0xc1, 0x1f, 0x5d, 0x11, 0x4b, 0x78,
  0x81, 0x1a, 0xe9, 0x88, 0x81, 0xe1, 0x84, 0x20, 0x58, 0xf8, 0xc7, 0x55,
  0x4e, 0x01, 0x06, 0x30, 0x24, 0xfe, 0x73, 0x0c, 0x45, 0xd0, 0x43, 0xa7,
  0xdc, 0x12, 0x5e, 0xf0, 0x46, 0x3a, 0x62, 0x60, 0x38, 0x21, 0x08, 0x16,
  0xfe, 0x71, 0xa9, 0x53, 0x80, 0x41, 0x0d, 0x89, 0xff, 0x1c, 0x43, 0x11,
  0x80, 0xd1, 0x3d, 0x73, 0xa4, 0x23, 0x06, 0x86, 0x13, 0x82, 0x60, 0xe1,
  0x1f, 0x97, 0x3b, 0x05, 0x18, 0xe4, 0x90, 0xf8, 0xcf, 0x31, 0xcc, 0x4f,
  0xd0, 0x4a, 0x83, 0x0c, 0x01, 0xfd, 0x8c, 0x11, 0x06, 0x86, 0xf8, 0x0f,
  0x32, 0x04, 0xf6, 0xf3, 0x43, 0x73, 0x0c, 0x41, 0x91, 0x46, 0x38, 0xd8,
  0x8f, 0xf8, 0x0f, 0x32, 0x04, 0xf9, 0x23, 0x46, 0x73, 0x0c, 0xc1, 0x0f,
  0xb1, 0xd1, 0x1c, 0xc3, 0x09, 0xb5, 0x44, 0x2d, 0x0d, 0x32, 0x04, 0x28,
  0x64, 0x46, 0x23, 0x06, 0x88, 0x13, 0x82, 0x60, 0xe1, 0x1f, 0x68, 0x90,
  0x4f, 0xde, 0x10, 0xcc, 0x31, 0xa8, 0x10, 0x6c, 0xe0, 0xd2, 0x20, 0x43,
  0xb0, 0x42, 0x69, 0x34, 0x62, 0x80, 0x38, 0x21, 0x08, 0x16, 0xfe, 0x81,
  0x06, 0xfc, 0x34, 0x24, 0xc1, 0x1c, 0x43, 0x0b, 0xe5, 0xc6, 0x2e, 0xcd,
  0x31, 0xb8, 0x10, 0x78, 0xf0, 0x12, 0x0a, 0x81, 0xf8, 0x0f, 0x32, 0x04,
  0x30, 0xe4, 0x46, 0x18, 0x14, 0xe2, 0x3f, 0x4b, 0x30, 0xf5, 0x62, 0x60,
  0x25, 0x70, 0xc2, 0x27, 0x0a, 0x06, 0x72, 0x81, 0x2a, 0xe1, 0x88, 0x81,
  0xe1, 0x84, 0x20, 0x58, 0xf8, 0xc7, 0x65, 0x52, 0x01, 0x06, 0x71, 0x24,
  0xfe, 0x73, 0x0c, 0x2a, 0x14, 0x94, 0xd3, 0x15, 0xf7, 0x84, 0x17, 0xc0,
  0x92, 0x8e, 0x18, 0x18, 0x4e, 0x08, 0x82, 0x85, 0x7f, 0x5c, 0x2b, 0x15,
  0x60, 0x60, 0x47, 0xe2, 0x3f, 0xc7, 0x50, 0x04, 0xa3, 0x74, 0x4a, 0x3f,
  0xe1, 0x05, 0xb5, 0xa4, 0x23, 0x06, 0x86, 0x13, 0x82, 0x60, 0xe1, 0x1f,
  0x17, 0x4c, 0x05, 0x18, 0xec, 0x91, 0xf8, 0xcf, 0x31, 0x14, 0x81, 0x29,
  0xdd, 0x93, 0x4b, 0x3a, 0x62, 0x60, 0x38, 0x21, 0x08, 0x16, 0xfe, 0x71,
  0xd1, 0x54, 0x80, 0xc1, 0x1f, 0x89, 0xff, 0x1c, 0x43, 0x0e, 0x05, 0xf3,
  0x34, 0xc8, 0x10, 0xe8, 0x50, 0x2a, 0x61, 0x60, 0x88, 0xff, 0x20, 0x43,
  0xc0, 0x43, 0xa5, 0x34, 0xc7, 0x10, 0x14, 0xaf, 0xd4, 0x8b, 0x81, 0x9c,
  0xf0, 0xe9, 0xa5, 0x28, 0x18, 0xc6, 0x05, 0xe2, 0x84, 0x23, 0x06, 0x86,
  0x13, 0x82, 0x60, 0xe1, 0x1f, 0x97, 0x4f, 0x05, 0x18, 0xa4, 0x92, 0xf8,
  0xcf, 0x31, 0x88, 0x51, 0xd0, 0x4f, 0x57, 0xbc, 0x14, 0x5e, 0x80, 0x4e,
  0x3a, 0x62, 0x60, 0x38, 0x21, 0x08, 0x16, 0xfe, 0x71, 0x8d, 0x55, 0x80,
  0x81, 0x2b, 0x89, 0xff, 0x1c, 0x43, 0x11, 0xec, 0xd2, 0x29, 0x35, 0x85,
  0x17, 0xb4, 0x93, 0x8e, 0x18, 0x18, 0x4e, 0x08, 0x82, 0x85, 0x7f, 0x5c,
  0x68, 0x15, 0x60, 0x30, 0x4b, 0xe2, 0x3f, 0xc7, 0x50, 0x04, 0xbe, 0x74,
  0x4f, 0x3c, 0xe9, 0x88, 0x81, 0xe1, 0x84, 0x20, 0x58, 0xf8, 0xc7, 0xc5,
  0x56, 0x01, 0x06, 0xb7, 0x24, 0xfe, 0x73, 0x0c, 0x71, 0x14, 0xac, 0xd4,
  0x20, 0x43, 0x20, 0x47, 0xe1, 0x84, 0x81, 0x21, 0xfe, 0x83, 0x0c, 0x01,
  0x1d, 0xf5, 0xd2, 0x1c, 0x43, 0x50, 0x9c, 0xd3, 0x88, 0x01, 0xe2, 0x84,
  0x20, 0x58, 0xf8, 0x87, 0x19, 0xe4, 0x15, 0x8a, 0xf0, 0xd2, 0x2e, 0x61,
  0x10, 0x88, 0x3f, 0x0a, 0xbb, 0x24, 0xfe, 0xb8, 0x4b, 0x41, 0xf8, 0xe3,
  0x10, 0x88, 0xff, 0x1c, 0xc3, 0x29, 0x05, 0x35, 0x35, 0xc8, 0x10, 0xa0,
  0x92, 0x39, 0x8d, 0x18, 0x20, 0x4e, 0x08, 0x82, 0x85, 0x7f, 0xa0, 0x41,
  0x5e, 0x81, 0x01, 0x12, 0xf4, 0x62, 0x20, 0x29, 0x9c, 0x3a, 0x2b, 0x0a,
  0x86, 0x71, 0x81, 0x48, 0xe1, 0x88, 0x81, 0xe1, 0x84, 0x20, 0x58, 0xf8,
  0xc7, 0xe5, 0x57, 0x01, 0x06, 0xe9, 0x24, 0xfe, 0x73, 0x0c, 0xa2, 0x14,
  0xf4, 0xd4, 0x15, 0x6f, 0x85, 0x17, 0xa0, 0x94, 0x8e, 0x18, 0x18, 0x4e,
  0x08, 0x82, 0x85, 0x7f, 0x5c, 0xa3, 0x15, 0x60, 0xe0, 0x4e, 0xe2, 0x3f,
  0xc7, 0x50, 0x04, 0xfb, 0x74, 0x4a, 0x5d, 0xe1, 0x05, 0x2d, 0xa5, 0x23,
  0x06, 0x86, 0x13, 0x82, 0x60, 0xe1, 0x1f, 0x17, 0x6a, 0x05, 0x18, 0xcc,
  0x93, 0xf8, 0xcf, 0x31, 0x14, 0x81, 0x3f, 0xdd, 0x13, 0x53, 0x3a, 0x62,
  0x60, 0x38, 0x21, 0x08, 0x16, 0xfe, 0x71, 0xb1, 0x56, 0x80, 0xc1, 0x3d,
  0x89, 0xff, 0x1c, 0x43, 0x2c, 0x05, 0x6b, 0x35, 0xc8, 0x10, 0xc8, 0x52,
  0x48, 0x61, 0x60, 0x88, 0xff, 0x20, 0x43, 0x40, 0x4b, 0xfd, 0x34, 0xc7,
  0x10, 0x14, 0x27, 0x85, 0x29, 0x82, 0x26, 0xe2, 0x3f, 0xc7, 0x30, 0x4e,
  0x41, 0x5c, 0x0d, 0x32, 0x04, 0xe4, 0x24, 0x52, 0x23, 0x06, 0x88, 0x13,
  0x82, 0x60, 0xe1, 0x1f, 0x68, 0x50, 0x5b, 0x1c, 0x11, 0xcc, 0x31, 0x98,
  0x93, 0x9c, 0xd0, 0xd5, 0x20, 0x43, 0x70, 0x4e, 0x25, 0x35, 0x4b, 0x20,
  0xf5, 0x62, 0x10, 0x2b, 0xbb, 0x72, 0x2d, 0x0a, 0x06, 0x72, 0x01, 0x58,
  0xe1, 0x88, 0x81, 0xe1, 0x84, 0x20, 0x58, 0xf8, 0xc7, 0xc5, 0x5b, 0x01,
  0x06, 0x27, 0x25, 0xfe, 0x73, 0x0c, 0xe0, 0x14, 0xec, 0xd5, 0x15, 0xad,
  0x85, 0x17, 0x98, 0x95, 0x8e, 0x18, 0x18, 0x4e, 0x08, 0x82, 0x85, 0x7f,
  0x5c, 0xe1, 0x15, 0x60, 0xc0, 0x52, 0xe2, 0x3f, 0xc7, 0x50, 0x04, 0x39,
  0x75, 0xca, 0x6c, 0xe1, 0x05, 0x6b, 0xa5, 0x23, 0x06, 0x86, 0x13, 0x82,
  0x60, 0xe1, 0x1f, 0x97, 0x79, 0x05, 0x18, 0xc4, 0x94, 0xf8, 0xcf, 0x31,
  0x14, 0x01, 0x4f, 0xdd, 0xf3, 0x56, 0x3a, 0x62, 0x60, 0x38, 0x21, 0x08,
  0x16, 0xfe, 0x71, 0xa9, 0x57, 0x80, 0x41, 0x4d, 0x89, 0xff, 0x1c, 0xc3,
  0x3b, 0x05, 0xa9, 0x35, 0xc8, 0x10, 0xc0, 0xd3, 0x4f, 0x61, 0x60, 0x88,
  0xff, 0x20, 0x43, 0x20, 0x4f, 0x3b, 0x35, 0xc7, 0x10, 0x14, 0x65, 0xd5,
  0x8b, 0x41, 0xaf, 0x5c, 0xab, 0xbc, 0x28, 0x18, 0xc6, 0x05, 0x78, 0x85,
  0x23, 0x06, 0x86, 0x13, 0x82, 0x60, 0xe1, 0x1f, 0x17, 0x7d, 0x05, 0x18,
  0xfc, 0x94, 0xf8, 0xcf, 0x31, 0xe0, 0x53, 0x30, 0x5b, 0x57, 0x94, 0x17,
  0x5e, 0xe0, 0x57, 0x3a, 0x62, 0x60, 0x38, 0x21, 0x08, 0x16, 0xfe, 0x71,
  0xe5, 0x57, 0x80, 0x01, 0x59, 0x89, 0xff, 0x1c, 0x43, 0x11, 0xc4, 0xd5,
  0x29, 0xeb, 0x85, 0x17, 0x8c, 0x96, 0x8e, 0x18, 0x18, 0x4e, 0x08, 0x82,
  0x85, 0x7f, 0x5c, 0xfe, 0x15, 0x60, 0x90, 0x56, 0xe2, 0x3f, 0xc7, 0x50,
  0x04, 0x74, 0x75, 0xcf, 0x69, 0xe9, 0x88, 0x81, 0xe1, 0x84, 0x20, 0x58,
  0xf8, 0xc7, 0x25, 0x62, 0x01, 0x06, 0x6d, 0x25, 0xfe, 0x73, 0x0c, 0x27,
  0x15, 0x84, 0xd7, 0x20, 0x43, 0x80, 0x52, 0x77, 0x85, 0x81, 0x21, 0xfe,
  0x83, 0x0c, 0x81, 0x4a, 0xcd, 0xd5, 0x1c, 0x43, 0x50, 0xf4, 0x15, 0x0e,
  0x2a, 0x25, 0xfe, 0x83, 0x0c, 0x41, 0x4b, 0xd9, 0xd5, 0x1c, 0x43, 0x30,
  0x57, 0xa0, 0x35, 0xc7, 0xb0, 0x53, 0x61, 0x92, 0x5e, 0x83, 0x0c, 0x01,
  0x4f, 0xe9, 0xd5, 0x88, 0x01, 0xe2, 0x84, 0x20, 0x58, 0xf8, 0x07, 0x1a,
  0xb4, 0x98, 0x37, 0x04, 0x73, 0x0c, 0x3e, 0x45, 0x2e, 0xec, 0x35, 0xc8,
  0x10, 0xfc, 0x54, 0x5f, 0x8d, 0x18, 0x20, 0x4e, 0x08, 0x82, 0x85, 0x7f,
  0xa0, 0x01, 0x8c, 0x0d, 0x49, 0x30, 0xc7, 0x10, 0x56, 0xed, 0xf2, 0x5e,
  0x83, 0x0c, 0x81, 0x58, 0x81, 0x16, 0x0e, 0x81, 0xf8, 0xcf, 0x12, 0x48,
  0x03, 0x15, 0x01, 0x11, 0xe9, 0x03, 0x34, 0x50, 0x11, 0x10, 0x11, 0x48,
  0x40, 0x38, 0x37, 0x7d, 0x25, 0xfe, 0x18, 0xbc, 0x8d, 0xf8, 0x23, 0xdc,
  0xc0, 0x95, 0xf8, 0x8f, 0x18, 0x1c, 0x4e, 0x08, 0x82, 0x85, 0x7f, 0x6c,
  0x66, 0x16, 0xc0, 0x15, 0x0e, 0x7e, 0x05, 0xfe, 0x28, 0xfc, 0x15, 0xf8,
  0xa3, 0x10, 0x90, 0xff, 0x88, 0x01, 0xe2, 0x84, 0x20, 0x58, 0xf8, 0x87,
  0x19, 0x90, 0x59, 0x70, 0x5a, 0xa6, 0x85, 0x41, 0x69, 0x89, 0x3f, 0x96,
  0x56, 0x10, 0xfe, 0x88, 0x37, 0xa4, 0x05, 0xfe, 0x18, 0x28, 0xe1, 0x8f,
  0xc1, 0x41, 0xfe, 0x23, 0x06, 0x88, 0x13, 0x82, 0x60, 0xe1, 0x1f, 0x66,
  0xa0, 0x66, 0x41, 0x6b, 0xb1, 0x16, 0x06, 0xab, 0x25, 0xfe, 0xb8, 0x5a,
  0x41, 0xf8, 0xe3, 0x90, 0x88, 0x3f, 0x06, 0x81, 0xf8, 0x63, 0x90, 0x88,
  0x3f, 0x06, 0x84, 0xf8, 0x8f, 0x18, 0x1c, 0x4e, 0x08, 0x82, 0x85, 0x7f,
  0x6c, 0x6d, 0x16, 0x80, 0xd6, 0x1c, 0xc3, 0x5e, 0x05, 0x29, 0x36, 0xc8,
  0x10, 0xf0, 0x95, 0x6e, 0x8d, 0x18, 0x20, 0x4e, 0x08, 0x82, 0x85, 0x7f,
  0xa0, 0x41, 0x9b, 0x61, 0x7b, 0x15, 0xcc, 0x31, 0xf8, 0x95, 0x5a, 0xb1,
  0xd8, 0x1c, 0xc3, 0x5f, 0xc5, 0x4c, 0x8b, 0x61, 0x20, 0x88, 0xff, 0x20,
  0x43, 0x10, 0x5a, 0xbf, 0x85, 0x81, 0x27, 0xfe, 0x18, 0x18, 0xe2, 0x3f,
  0x4b, 0x30, 0x0d, 0x94, 0x44, 0xe2, 0x1b, 0x48, 0xe2, 0x1b, 0x3c, 0xe2,
  0x1b, 0x38, 0xe0, 0x1b, 0x34, 0x03, 0x25, 0x01, 0x21, 0xa1, 0xcb, 0x43,
  0x3e, 0x0e, 0xca, 0x06, 0xcd, 0x2c, 0x03, 0x75, 0x06, 0xc2, 0x40, 0x45,
  0x1e, 0xe8, 0x69, 0x30, 0x80, 0xdb, 0x34, 0x50, 0x91, 0x07, 0x7e, 0x1a,
  0x0c, 0xe4, 0x36, 0x0d, 0x54, 0x00, 0xae, 0x1a, 0x0c, 0x38, 0x36, 0x0d,
  0x54, 0x00, 0xb4, 0x1a, 0x0c, 0xf4, 0x36, 0x0d, 0x54, 0x00, 0xba, 0x1a,
  0x0c, 0xfa, 0x36, 0x0d, 0x54, 0x00, 0xe0, 0x1a, 0x0c, 0x22, 0x37, 0x0d,
  0x54, 0x00, 0xe6, 0x1a, 0x0c, 0x28, 0x37, 0x19, 0x01, 0xfe, 0x73, 0x0c,
  0xa2, 0x15, 0xf0, 0xd8, 0x1c, 0x43, 0x30, 0xd8, 0x57, 0x2f, 0x08, 0x15,
  0xf3, 0xb1, 0x1f, 0xa3, 0x2f, 0x0a, 0x80, 0x81, 0x41, 0x22, 0xfe, 0xbd,
  0x20, 0x5a, 0x2c, 0xcc, 0xc4, 0x0c, 0xcc, 0x28, 0x00, 0x08, 0x06, 0x8a,
  0xf8, 0x23, 0x11, 0x84, 0xff, 0x1c, 0x83, 0x6a, 0x05, 0x65, 0x86, 0x84,
  0x23, 0xfe, 0x88, 0x34, 0xe2, 0x8f, 0x42, 0x10, 0xfe, 0x73, 0x0c, 0x44,
  0x20, 0x62, 0x83, 0x0c, 0x16, 0x6c, 0xf9, 0xd7, 0x20, 0x83, 0x8e, 0xe9,
  0xd6, 0x7f, 0xe1, 0x15, 0x88, 0xff, 0x20, 0x03, 0x8f, 0xf1, 0x16, 0x88,
  0x61, 0x14, 0x88, 0x3f, 0x0e, 0x06, 0xf8, 0x63, 0x20, 0x80, 0x3f, 0x06,
  0x87, 0xf8, 0x0f, 0x32, 0x04, 0xb8, 0xe5, 0x62, 0x23, 0x06, 0x88, 0x13,
  0x82, 0x60, 0xe1, 0x1f, 0x66, 0xc0, 0x6b, 0x1d, 0x7f, 0xa9, 0x57, 0x2f,
  0x06, 0x30, 0xa3, 0x33, 0x1d, 0xa3, 0x00, 0x18, 0x18, 0x0c, 0xe0, 0xdf,
  0x8b, 0x61, 0xcc, 0xee, 0x8c, 0xd5, 0x28, 0x10, 0xc8, 0x1c, 0xc3, 0x79,
  0x0d, 0x79, 0x36, 0xc8, 0x10, 0xa0, 0xd7, 0x8d, 0xcd, 0x31, 0xa8, 0x57,
  0xb1, 0x67, 0x83, 0x0c, 0x81, 0x7a, 0xe5, 0xd8, 0x88, 0x81, 0xe1, 0x84,
  0x20, 0x58, 0xf8, 0x47, 0xc5, 0x6b, 0x0b, 0x06, 0x46, 0xf8, 0x63, 0x50,
  0x80, 0x3f, 0x06, 0x04, 0xf8, 0x8f, 0x21, 0x04, 0xa1, 0x36, 0x86, 0x20,
  0xec, 0xd8, 0x88, 0xc1, 0xe1, 0x84, 0x20, 0x58, 0xf8, 0xc7, 0x26, 0x6f,
  0x42, 0x30, 0x62, 0x70, 0x38, 0x21, 0x08, 0x16, 0xfe, 0xb1, 0xa5, 0x5b,
  0x00, 0x63, 0x23, 0x06, 0x87, 0x13, 0x82, 0x60, 0xe1, 0x1f, 0x6a, 0x50,
  0x6e, 0x85, 0x7c, 0x8d, 0x18, 0x1c, 0x4e, 0x08, 0x82, 0x85, 0x7f, 0x7c,
  0xf3, 0x16, 0x04, 0x23, 0x06, 0x86, 0x13, 0x82, 0x60, 0xe1, 0x1f, 0x5d,
  0xbd, 0x05, 0x48, 0x48, 0xe1, 0x8f, 0x81, 0x00, 0xfe, 0x16, 0x80, 0x3f,
  0x06, 0x16, 0xf9, 0x8f, 0x18, 0x18, 0x4e, 0x08, 0x82, 0x85, 0x7f, 0x74,
  0xe8, 0x16, 0x60, 0x80, 0x63, 0xe0, 0x8f, 0x39, 0x16, 0x90, 0xff, 0x88,
  0x01, 0xe2, 0x84, 0x20, 0x58, 0xf8, 0x87, 0x19, 0xe0, 0x5b, 0xb0, 0x63,
  0x3a, 0x36, 0xc7, 0xf0, 0x5f, 0x7a, 0x00, 0x6b, 0x18, 0xe4, 0x17, 0xf8,
  0x0f, 0x32, 0x04, 0x20, 0xf6, 0x66, 0x18, 0x6c, 0xe1, 0x8f, 0xc1, 0x05,
  0xfe, 0x63, 0x08, 0x41, 0xad, 0x8d, 0x21, 0x08, 0x6f, 0x36, 0x62, 0x70,
  0x38, 0x21, 0x08, 0x16, 0xfe, 0xb1, 0x99, 0x9c, 0x10, 0x8c, 0x18, 0x1c,
  0x4e, 0x08, 0x82, 0x85, 0x7f, 0x6c, 0xfd, 0x16, 0x90, 0xd9, 0x88, 0xc1,
  0xe1, 0x84, 0x20, 0x58, 0xf8, 0x87, 0x1a, 0xe4, 0x5b, 0x61, 0x62, 0x23,
  0x06, 0x87, 0x13, 0x82, 0x60, 0xe1, 0x1f, 0xdf, 0xc9, 0x05, 0xc1, 0x88,
  0x81, 0xe1, 0x84, 0x20, 0x58, 0xf8, 0x47, 0x97, 0x72, 0x01, 0x12, 0xa6,
  0x10, 0xfe, 0x18, 0x08, 0xe0, 0x3f, 0x62, 0x80, 0x38, 0x21, 0x08, 0x16,
  0xfe, 0x61, 0x06, 0x27, 0x17, 0xa8, 0x59, 0x9a, 0xf5, 0x62, 0x58, 0xb5,
  0x5f, 0xb3, 0x37, 0x0a, 0x86, 0x71, 0x41, 0xaa, 0xe1, 0x88, 0x81, 0xe1,
  0x84, 0x20, 0x58, 0xf8, 0xc7, 0x55, 0x72, 0x01, 0x06, 0x70, 0x26, 0xfe,
  0x73, 0x0c, 0x29, 0x16, 0x90, 0xdb, 0x15, 0xf6, 0x86, 0x17, 0xbc, 0x9a,
  0x8e, 0x18, 0x18, 0x4e, 0x08, 0x82, 0x85, 0x7f, 0x5c, 0x2a, 0x17, 0x60,
  0x50, 0x67, 0xe2, 0x3f, 0xc7, 0x50, 0x04, 0xa2, 0x76, 0x0a, 0xbf, 0xe1,
  0x05, 0xb4, 0xa6, 0x23, 0x06, 0x86, 0x13, 0x82, 0x60, 0xe1, 0x1f, 0xd7,
  0xcb, 0x05, 0x18, 0xe8, 0x99, 0xf8, 0xcf, 0x31, 0x14, 0x41, 0xa9, 0xdd,
  0x83, 0x6b, 0x3a, 0x62, 0x60, 0x38, 0x21, 0x08, 0x16, 0xfe, 0x71, 0xcd,
  0x5c, 0x80, 0x81, 0x9f, 0x89, 0xff, 0x1c, 0x03, 0x8e, 0x05, 0xf2, 0x36,
  0xc8, 0x10, 0xe4, 0x18, 0xaa, 0x61, 0x60, 0x88, 0xff, 0x20, 0x43, 0xb0,
  0x63, 0xa4, 0x36, 0xc7, 0x10, 0x14, 0xae, 0x86, 0xa2, 0x86, 0x06, 0xe1,
  0x3f, 0xc7, 0xa0, 0x66, 0x01, 0xbe, 0x0d, 0x32, 0x04, 0x6b, 0x96, 0x6a,
  0x48, 0x04, 0xe2, 0x3f, 0xc7, 0xd0, 0x66, 0xdd, 0xbe, 0x0d, 0x32, 0x04,
  0x6e, 0xc6, 0x6a, 0x23, 0x06, 0x88, 0x13, 0x82, 0x60, 0xe1, 0x1f, 0x68,
  0xf0, 0x73, 0x6d, 0x36, 0x04, 0xb3, 0x04, 0x67, 0x30, 0x62, 0x70, 0x3c,
  0x30, 0x08, 0x16, 0xfe, 0x41, 0x06, 0x68, 0xa7, 0x6e, 0x61, 0xd6, 0x8b,
  0x61, 0xdd, 0xfe, 0xcd, 0xe6, 0x28, 0x18, 0xc6, 0x05, 0xe9, 0x86, 0x23,
  0x06, 0x86, 0x13, 0x82, 0x60, 0xe1, 0x1f, 0x57, 0xd9, 0x05, 0x18, 0xc0,
  0x9a, 0xf8, 0xcf, 0x31, 0xa4, 0x59, 0x40, 0x72, 0x57, 0xd8, 0x1c, 0x5e,
  0xf0, 0x6e, 0x3a, 0x62, 0x60, 0x38, 0x21, 0x08, 0x16, 0xfe, 0x71, 0xa9,
  0x5d, 0x80, 0x41, 0xad, 0x89, 0xff, 0x1c, 0x43, 0x11, 0x88, 0xdb, 0x29,
  0x3c, 0x87, 0x17, 0xd0, 0x9b, 0x8e, 0x18, 0x18, 0x4e, 0x08, 0x82, 0x85,
  0x7f, 0x5c, 0x6f, 0x17, 0x60, 0xa0, 0x6b, 0xe2, 0x3f, 0xc7, 0x50, 0x04,
  0xe5, 0x76, 0x0f, 0xbe, 0xe9, 0x88, 0x81, 0xe1, 0x84, 0x20, 0x58, 0xf8,
  0xc7, 0x35, 0x77, 0x01, 0x06, 0xbe, 0x26, 0xfe, 0x73, 0x0c, 0x78, 0x16,
  0xc8, 0xdc, 0x20, 0x43, 0x90, 0x67, 0xe8, 0x86, 0x81, 0x21, 0xfe, 0x83,
  0x0c, 0xc1, 0x9e, 0x91, 0xdb, 0x1c, 0x43, 0x50, 0xb8, 0xdb, 0x1c, 0x43,
  0xaa, 0x65, 0x37, 0x37, 0xc7, 0xa0, 0x6a, 0x76, 0x86, 0x73, 0x28, 0x04,
  0xe2, 0x3f, 0xc8, 0x10, 0xb0, 0x9a, 0xba, 0x61, 0x50, 0x88, 0xff, 0x2c,
  0xc1, 0x19, 0xf4, 0x82, 0x40, 0x39, 0x9e, 0xeb, 0x39, 0x9e, 0xa3, 0x00,
  0x20, 0xbd, 0x20, 0x54, 0xce, 0xe7, 0x7e, 0xce, 0xde, 0x28, 0x00, 0x06,
  0x06, 0x83, 0xf8, 0xf7, 0x82, 0x68, 0xb9, 0xb0, 0x13, 0x3b, 0x7d, 0xa3,
  0x00, 0x18, 0xbd, 0x20, 0x5e, 0x6e, 0xec, 0xc8, 0x4e, 0xdf, 0x28, 0x00,
  0x08, 0x06, 0x83, 0xf8, 0xa3, 0x11, 0x84, 0x3f, 0xca, 0x5b, 0x40, 0xfe,
  0x66, 0x80, 0xff, 0x1c, 0xc3, 0xab, 0x29, 0x69, 0x37, 0xc7, 0x10, 0x08,
  0x23, 0x67, 0x07, 0xf8, 0xcf, 0x31, 0xc8, 0x5a, 0xc0, 0x76, 0x73, 0x0c,
  0x01, 0x64, 0x72, 0xbd, 0x20, 0x74, 0xce, 0xed, 0xde, 0x8e, 0xe4, 0x28,
  0x00, 0x06, 0x06, 0x8c, 0xf8, 0xf7, 0x82, 0xe8, 0xb9, 0xb8, 0x93, 0x3b,
  0xb8, 0xa3, 0x00, 0x20, 0x18, 0x50, 0xe2, 0x8f, 0x44, 0x10, 0xfe, 0x73,
  0x0c, 0xba, 0x16, 0xd4, 0x1d, 0x12, 0x94, 0xf8, 0x23, 0xa2, 0x89, 0x3f,
  0x0a, 0x41, 0xf8, 0xcf, 0x31, 0x10, 0x81, 0xcc, 0xcd, 0x31, 0x80, 0xdb,
  0xa4, 0x77, 0x83, 0x0c, 0x41, 0xb8, 0xbd, 0xdc, 0x20, 0xc3, 0xda, 0xad,
  0x1b, 0xcc, 0xe1, 0x14, 0x88, 0xff, 0x20, 0x43, 0xdb, 0xb5, 0x5b, 0xcc,
  0xa1, 0x14, 0x88, 0x3f, 0x0e, 0x07, 0xf8, 0x63, 0x20, 0x80, 0x3f, 0x06,
  0x87, 0xf8, 0x0f, 0x32, 0x04, 0xe9, 0xf6, 0x73, 0xbd, 0x18, 0xe0, 0x8e,
  0xf4, 0xd6, 0x8e, 0x82, 0x81, 0x5c, 0xb0, 0x76, 0x78, 0x81, 0xed, 0xe9,
  0x0d, 0x68, 0xa7, 0xc3, 0x0d, 0x41, 0xee, 0x85, 0xc1, 0x74, 0xc4, 0xbf,
  0xf9, 0x5b, 0xe0, 0x1f, 0xc3, 0x24, 0x03, 0x71, 0x81, 0x01, 0xf6, 0x65,
  0x68, 0xa0, 0xf5, 0x62, 0xb8, 0xbb, 0xd5, 0x03, 0x3f, 0x0a, 0x04, 0x32,
  0x4b, 0xb0, 0x8d, 0x21, 0x2c, 0xad, 0x37, 0xc7, 0xd0, 0x6f, 0x81, 0xeb,
  0x8d, 0x21, 0x34, 0x68, 0x37, 0x62, 0x60, 0x38, 0x21, 0x08, 0x16, 0xfe,
  0xd1, 0xd1, 0x5f, 0x60, 0x01, 0xf8, 0xcf, 0x31, 0x10, 0xc1, 0xda, 0xf5,
  0x62, 0xf8, 0xbb, 0xd9, 0x43, 0x3f, 0x0a, 0x04, 0x32, 0x86, 0x10, 0xd4,
  0x1e, 0x06, 0x0c, 0xf8, 0xcf, 0x31, 0x98, 0x5c, 0x70, 0x7b, 0x63, 0x08,
  0x44, 0xdc, 0x59, 0x00, 0xfe, 0x73, 0x0c, 0x43, 0x30, 0x77, 0x98, 0x04,
  0xe1, 0x3f, 0x62, 0x60, 0x38, 0x21, 0x08, 0x16, 0xfe, 0xd1, 0xe5, 0xdf,
  0xd8, 0x8d, 0x18, 0x18, 0x4e, 0x08, 0x82, 0x85, 0x7f, 0x74, 0xfb, 0x47,
  0x76, 0x73, 0x0c, 0x2d, 0x27, 0xf8, 0x9e, 0x09, 0xe0, 0x3f, 0xc7, 0x20,
  0x04, 0x79, 0x37, 0xc7, 0x00, 0x73, 0x44, 0xf8, 0xcd, 0x31, 0x04, 0xc6,
  0xde, 0x0d, 0x32, 0x20, 0x31, 0x07, 0x7a, 0x18, 0x10, 0xe2, 0x3f, 0xc8,
  0xa0, 0xd0, 0x1c, 0xe8, 0x61, 0x40, 0x88, 0x3f, 0x06, 0x03, 0xf8, 0x8f,
  0x18, 0x18, 0x4e, 0x08, 0x82, 0x85, 0x7f, 0x54, 0x27, 0x18, 0x04, 0x18,
  0xd0, 0x1c, 0xf8, 0x8f, 0x21, 0x04, 0xea, 0x37, 0x86, 0x20, 0x90, 0xde,
  0x88, 0xc1, 0xe1, 0x84, 0x20, 0x58, 0xf8, 0xc7, 0xb6, 0x83, 0x81, 0x10,
  0x8c, 0x18, 0x1c, 0x4e, 0x08, 0x82, 0x85, 0x7f, 0x6c, 0x32, 0x18, 0x04,
  0x79, 0x37, 0x62, 0x70, 0x38, 0x21, 0x08, 0x16, 0xfe, 0xa1, 0x06, 0x2e,
  0x18, 0x14, 0x3b, 0x37, 0x62, 0x70, 0x38, 0x21, 0x08, 0x16, 0xfe, 0xf1,
  0xf1, 0x60, 0x10, 0x04, 0x23, 0x06, 0x86, 0x13, 0x82, 0x60, 0xe1, 0x1f,
  0x9d, 0x0f, 0x06, 0x01, 0x06, 0x04, 0xf8, 0xcf, 0x12, 0x6c, 0xbd, 0x18,
  0x7c, 0x4f, 0xfe, 0x4e, 0x30, 0xa0, 0x40, 0x20, 0x63, 0x08, 0x01, 0xfd,
  0x61, 0xb0, 0x06, 0xe0, 0x3f, 0xc7, 0x50, 0x76, 0x81, 0xfd, 0x8d, 0x21,
  0x10, 0xb0, 0x67, 0x01, 0xf8, 0xcf, 0x31, 0x0c, 0x81, 0xec, 0xe1, 0x1d,
  0x04, 0xe1, 0x3f, 0x62, 0x60, 0x38, 0x21, 0x08, 0x16, 0xfe, 0xd1, 0xe1,
  0x60, 0x20, 0x7a, 0x23, 0x06, 0x86, 0x13, 0x82, 0x60, 0xe1, 0x1f, 0x9d,
  0x0e, 0x06, 0xa3, 0x37, 0xc7, 0xc0, 0x76, 0x42, 0xff, 0x99, 0x00, 0xfe,
  0x73, 0x0c, 0x42, 0x80, 0x7b, 0x73, 0x0c, 0x6f, 0x47, 0x80, 0x60, 0x30,
  0xc7, 0x10, 0x18, 0xba, 0x37, 0xc8, 0x80, 0xc0, 0xdd, 0xef, 0x61, 0x40,
  0x88, 0xff, 0x20, 0x83, 0x32, 0x77, 0xbf, 0x87, 0x01, 0x21, 0xfe, 0x18,
  0x0c, 0xe0, 0x3f, 0x62, 0x60, 0x38, 0x21, 0x08, 0x16, 0xfe, 0x51, 0x99,
  0x61, 0x10, 0x60, 0x30, 0x77, 0xe0, 0x3f, 0x86, 0x10, 0xa4, 0x60, 0x30,
  0x86, 0x20, 0x8c, 0xdf, 0x88, 0xc1, 0xe1, 0x84, 0x20, 0x58, 0xf8, 0xc7,
  0xa6, 0x87, 0x81, 0x10, 0x8c, 0x18, 0x1c, 0x4e, 0x08, 0x82, 0x85, 0x7f,
  0x6c, 0x71, 0x18, 0x04, 0xb8, 0x37, 0x62, 0x70, 0x38, 0x21, 0x08, 0x16,
  0xfe, 0xa1, 0x06, 0x6d, 0x18, 0x14, 0x7a, 0x37, 0x62, 0x70, 0x38, 0x21,
  0x08, 0x16, 0xfe, 0xf1, 0xed, 0x61, 0x10, 0x04, 0x23, 0x06, 0x86, 0x13,
  0x82, 0x60, 0xe1, 0x1f, 0x5d, 0x1f, 0x06, 0x01, 0x06, 0x04, 0xf8, 0xcf,
  0x12, 0x6c, 0x23, 0x06, 0x87, 0x13, 0x82, 0x60, 0xe1, 0x1f, 0x9f, 0x1f,
  0x06, 0x7b, 0xb7, 0x77, 0x23, 0x06, 0x86, 0x13, 0x82, 0x60, 0xe1, 0x1f,
  0x1d, 0x28, 0x06, 0xc1, 0x18, 0x42, 0x2c, 0xcc, 0x60, 0x30, 0xc7, 0x30,
  0x7a, 0x01, 0x0d, 0x06, 0x63, 0x08, 0xb3, 0xe0, 0x7e, 0x23, 0x06, 0x86,
  0x13, 0x82, 0x60, 0xe1, 0x1f, 0x9d, 0x1e, 0x06, 0x81, 0x05, 0xe0, 0x3f,
  0xc7, 0x40, 0x04, 0xf1, 0xd7, 0x8b, 0xa1, 0x04, 0x83, 0x1c, 0x0c, 0xdc,
  0x30, 0xa0, 0x40, 0x20, 0x63, 0x08, 0xc1, 0x0e, 0x06, 0x18, 0xc8, 0x02,
  0xf8, 0xcf, 0x31, 0xb0, 0x5e, 0xd0, 0x83, 0xc1, 0x18, 0x02, 0x71, 0x7f,
  0xd8, 0x04, 0xe1, 0x3f, 0xc7, 0x30, 0x04, 0xf9, 0x87, 0x49, 0x10, 0xfe,
  0x23, 0x06, 0x86, 0x13, 0x82, 0x60, 0xe1, 0x1f, 0xdd, 0x1f, 0x06, 0xe9,
  0x37, 0x62, 0x60, 0x38, 0x21, 0x08, 0x16, 0xfe, 0xd1, 0x85, 0x62, 0xa0,
  0x7e, 0x73, 0x0c, 0xb3, 0x27, 0x90, 0x61, 0x60, 0x02, 0xf8, 0xcf, 0x31,
  0x08, 0xc1, 0xff, 0xcd, 0x31, 0xd8, 0x1e, 0x71, 0x86, 0xc1, 0x1c, 0x43,
  0x60, 0x84, 0x60, 0x30, 0xc8, 0x80, 0xdc, 0x9e, 0x09, 0x06, 0x18, 0x10,
  0xe2, 0x3f, 0xc8, 0xa0, 0xe8, 0x9e, 0x09, 0x06, 0x18, 0x10, 0xe2, 0x8f,
  0xc1, 0x00, 0xfe, 0x23, 0x06, 0x86, 0x13, 0x82, 0x60, 0xe1, 0x1f, 0x55,
  0x2b, 0x06, 0x01, 0x06, 0xb6, 0x07, 0xfe, 0x63, 0x08, 0x01, 0x1c, 0x06,
  0x63, 0x08, 0x82, 0x0a, 0x06, 0x23, 0x06, 0x87, 0x13, 0x82, 0x60, 0xe1,
  0x1f, 0x5b, 0x38, 0x06, 0x42, 0x30, 0x62, 0x70, 0x38, 0x21, 0x08, 0x16,
  0xfe, 0xb1, 0xe1, 0x62, 0x10, 0xfc, 0xdf, 0x88, 0xc1, 0xe1, 0x84, 0x20,
  0x58, 0xf8, 0x87, 0x1a, 0xd0, 0x62, 0x50, 0x84, 0xdf, 0x88, 0xc1, 0xe1,
  0x84, 0x20, 0x58, 0xf8, 0xc7, 0x27, 0x8e, 0x41, 0x10, 0x8c, 0x18, 0x18,
  0x4e, 0x08, 0x82, 0x85, 0x7f, 0x74, 0xe4, 0x18, 0x04, 0x18, 0x10, 0xe0,
  0x8f, 0xda, 0xfa, 0x81, 0x3f, 0x06, 0x23, 0x18, 0x88, 0xff, 0x18, 0x42,
  0x36, 0x83, 0x01, 0x06, 0x42, 0xf8, 0xcf, 0x31, 0x6c, 0x41, 0x0d, 0x06,
  0x73, 0x0c, 0xec, 0xb7, 0x06, 0x7d, 0x18, 0xcc, 0x31, 0x04, 0xc5, 0x0d,
  0x06, 0x23, 0x06, 0x86, 0x13, 0x82, 0x60, 0xe1, 0x1f, 0x95, 0x2f, 0x06,
  0x03, 0x06, 0x42, 0xf8, 0x8f, 0x21, 0x04, 0xa1, 0x18, 0x8c, 0x21, 0x08,
  0x3b, 0x18, 0x8c, 0x18, 0x1c, 0x4e, 0x08, 0x82, 0x85, 0x7f, 0x6c, 0xf2,
  0x18, 0x08, 0xc1, 0x88, 0xc1, 0xe1, 0x84, 0x20, 0x58, 0xf8, 0xc7, 0x96,
  0x8e, 0x41, 0x00, 0x83, 0xc1, 0x88, 0xc1, 0xe1, 0x84, 0x20, 0x58, 0xf8,
  0x87, 0x1a, 0x94, 0x63, 0x50, 0xc8, 0xdf, 0x88, 0xc1, 0xe1, 0x84, 0x20,
  0x58, 0xf8, 0xc7, 0x37, 0x8f, 0x41, 0x10, 0x8c, 0x18, 0x18, 0x4e, 0x08,
  0x82, 0x85, 0x7f, 0x74, 0xf5, 0x18, 0x04, 0x18, 0x10, 0xe0, 0x3f, 0x62,
  0x70, 0x38, 0x21, 0x08, 0x16, 0xfe, 0xb1, 0xb9, 0x63, 0x20, 0x05, 0xb3,
  0x04, 0xdb, 0x40, 0x89, 0xc0, 0x1f, 0x17, 0x38, 0x68, 0x6e, 0x91, 0xb1,
  0x07, 0x36, 0x50, 0x02, 0xb8, 0xa1, 0x70, 0x11, 0x9a, 0x3d, 0x64, 0x74,
  0x81, 0xf5, 0x62, 0xc0, 0xc3, 0x80, 0x15, 0x03, 0x5f, 0x0c, 0x28, 0x00,
  0xc8, 0x1c, 0x43, 0xff, 0x05, 0xae, 0x18, 0x0c, 0x32, 0x04, 0xfd, 0xc7,
  0x86, 0xc1, 0x88, 0x81, 0xe1, 0x84, 0x20, 0x58, 0xf8, 0x47, 0xf5, 0x8e,
  0x41, 0x4b, 0xa0, 0x70, 0x84, 0x3f, 0x06, 0x02, 0xf8, 0x8f, 0x21, 0x04,
  0xb3, 0x18, 0x8c, 0x21, 0x08, 0x6d, 0x18, 0x8c, 0x18, 0x1c, 0x4e, 0x08,
  0x82, 0x85, 0x7f, 0x6c, 0x24, 0x19, 0x08, 0xc1, 0x88, 0xc1, 0xe1, 0x84,
  0x20, 0x58, 0xf8, 0xc7, 0xb6, 0x8f, 0x41, 0x20, 0x86, 0xc1, 0x88, 0xc1,
  0xe1, 0x84, 0x20, 0x58, 0xf8, 0x87, 0x1a, 0xdc, 0x63, 0x50, 0x90, 0x60,
  0x30, 0x62, 0x70, 0x38, 0x21, 0x08, 0x16, 0xfe, 0xf1, 0x95, 0x64, 0x10,
  0x04, 0x23, 0x06, 0x86, 0x13, 0x82, 0x60, 0xe1, 0x1f, 0xdd, 0x49, 0x06,
  0x01, 0xfe, 0x60, 0xd0, 0x84, 0x3f, 0x06, 0x05, 0xf8, 0x63, 0x30, 0x80,
  0xff, 0x2c, 0x03, 0xd7, 0xd1, 0x84, 0x49, 0xe0, 0x3f, 0x62, 0x70, 0x38,
  0x21, 0x08, 0x16, 0xfe, 0xb1, 0xb5, 0x64, 0x20, 0x04, 0xb3, 0x04, 0xdd,
  0x40, 0x05, 0x20, 0x70, 0xc6, 0x36, 0x62, 0x60, 0x40, 0x21, 0x08, 0x16,
  0xfe, 0xd1, 0x9d, 0x64, 0x50, 0x8d, 0x18, 0x18, 0x50, 0x08, 0x82, 0x85,
  0x7f, 0x74, 0x28, 0x19, 0x08, 0x18, 0xb0, 0x61, 0x20, 0xfe, 0x48, 0xb8,
  0x61, 0x00, 0xfe, 0x23, 0x06, 0x06, 0x14, 0x82, 0x60, 0xe1, 0x1f, 0xdd,
  0x4a, 0x06, 0x01, 0x06, 0x6f, 0x18, 0x88, 0x3f, 0x1e, 0x44, 0xf8, 0x9b,
  0x01, 0xfe, 0x28, 0x04, 0xe4, 0x3f, 0x62, 0x80, 0x38, 0x21, 0x08, 0x16,
  0xfe, 0x61, 0x06, 0x32, 0x19, 0x04, 0x75, 0x18, 0xd0, 0x61, 0x80, 0x47,
  0x11, 0xfe, 0x76, 0x80, 0x3f, 0x0a, 0x01, 0xf9, 0x8f, 0x18, 0x20, 0x4e,
  0x08, 0x82, 0x85, 0x7f, 0x98, 0x81, 0x4d, 0x06, 0x41, 0x1e, 0x06, 0x78,
  0x18, 0xcc, 0x32, 0x78, 0x5f, 0x59, 0xf4, 0x62, 0xd0, 0xc5, 0xc0, 0x1d,
  0x03, 0x93, 0x0c, 0x28, 0x18, 0xc8, 0x05, 0xb8, 0x18, 0xe0, 0x88, 0x81,
  0xe1, 0x84, 0x20, 0x58, 0xf8, 0xc7, 0x45, 0x93, 0x41, 0x80, 0xc1, 0x1f,
  0x06, 0xe2, 0x3f, 0xc7, 0x80, 0x83, 0x41, 0x30, 0x8f, 0xc1, 0x15, 0x25,
  0x19, 0xe0, 0x05, 0xbe, 0x18, 0xe8, 0x88, 0x81, 0xe1, 0x84, 0x20, 0x58,
  0xf8, 0xc7, 0x95, 0x93, 0x41, 0x80, 0x01, 0x29, 0x06, 0xe2, 0x3f, 0xc7,
  0x50, 0x04, 0xb1, 0x18, 0x9c, 0xb2, 0x92, 0x01, 0x5e, 0x30, 0x8e, 0x81,
  0x8e, 0x18, 0x18, 0x4e, 0x08, 0x82, 0x85, 0x7f, 0x5c, 0x3e, 0x19, 0x04,
  0x18, 0xa4, 0x62, 0x20, 0xfe, 0x73, 0x0c, 0x45, 0x40, 0x8b, 0xc1, 0x3d,
  0xe7, 0x18, 0xe8, 0x88, 0x81, 0xe1, 0x84, 0x20, 0x58, 0xf8, 0xc7, 0x25,
  0x96, 0x41, 0x80, 0x41, 0x2b, 0x06, 0xe2, 0x3f, 0xc7, 0x70, 0x86, 0x41,
  0x10, 0x92, 0xc1, 0x20, 0x43, 0x80, 0x86, 0xc1, 0x2d, 0x06, 0x18, 0x18,
  0xe2, 0x3f, 0xc8, 0x10, 0xa8, 0x61, 0x30, 0x8b, 0xc1, 0x1c, 0x43, 0x50,
  0xf4, 0x62, 0xd0, 0x8b, 0x41, 0x1e, 0x03, 0x93, 0x0c, 0x7a, 0x32, 0xa0,
  0x60, 0x18, 0x17, 0xc0, 0x63, 0x80, 0x23, 0x06, 0x86, 0x13, 0x82, 0x60,
  0xe1, 0x1f, 0x17, 0x5b, 0x06, 0x01, 0x06, 0xb7, 0x18, 0x88, 0xff, 0x1c,
  0x03, 0x1c, 0x06, 0xc1, 0x4a, 0x06, 0x57, 0xf4, 0x64, 0x80, 0x17, 0xd8,
  0x63, 0xa0, 0x23, 0x06, 0x86, 0x13, 0x82, 0x60, 0xe1, 0x1f, 0x57, 0x5c,
  0x06, 0x01, 0x06, 0xbc, 0x18, 0x88, 0xff, 0x1c, 0x43, 0x11, 0xa4, 0x63,
  0x70, 0xca, 0x58, 0x06, 0x78, 0xc1, 0x3e, 0x06, 0x3a, 0x62, 0x60, 0x38,
  0x21, 0x08, 0x16, 0xfe, 0x71, 0xd9, 0x65, 0x10, 0x60, 0x10, 0x8e, 0x81,
  0xf8, 0xcf, 0x31, 0x14, 0x01, 0x3b, 0x06, 0xf7, 0xfc, 0x63, 0xa0, 0x23,
  0x06, 0x86, 0x13, 0x82, 0x60, 0xe1, 0x1f, 0x97, 0x5e, 0x06, 0x01, 0x06,
  0xe5, 0x18, 0x88, 0xff, 0x1c, 0xc3, 0x1f, 0x06, 0x41, 0x4e, 0x06, 0x83,
  0x0c, 0x01, 0x28, 0x06, 0xef, 0x18, 0x60, 0x60, 0x88, 0xff, 0x20, 0x43,
  0x20, 0x8a, 0xc1, 0x3a, 0x06, 0x73, 0x0c, 0x41, 0x51, 0x8f, 0xc1, 0x1c,
  0x03, 0x2c, 0x06, 0x71, 0xe0, 0x93, 0xc1, 0x20, 0x43, 0x10, 0x8b, 0xc1,
  0x3b, 0x06, 0x23, 0x06, 0x88, 0x13, 0x82, 0x60, 0xe1, 0x1f, 0x68, 0x20,
  0x9a, 0xc1, 0x36, 0x04, 0xb3, 0x04, 0x60, 0x80, 0xa1, 0xb0, 0x8e, 0x81,
  0xf8, 0xe3, 0x2d, 0x04, 0xe1, 0x6f, 0xa3, 0x00, 0xfe, 0x28, 0x04, 0xe4,
  0x3f, 0x62, 0x80, 0x38, 0x21, 0x08, 0x16, 0xfe, 0x61, 0x06, 0xae, 0x19,
  0x04, 0xf1, 0x18, 0xc0, 0x63, 0xd0, 0x8b, 0x41, 0x26, 0x03, 0xb3, 0x0c,
  0xfc, 0x32, 0xa0, 0x60, 0x20, 0x17, 0xc0, 0x64, 0x80, 0x23, 0x06, 0x86,
  0x13, 0x82, 0x60, 0xe1, 0x1f, 0x17, 0x6b, 0x06, 0x01, 0x06, 0xf7, 0x18,
  0x88, 0xff, 0x1c, 0x03, 0x2c, 0x06, 0xc1, 0x5a, 0x06, 0x57, 0xf4, 0x65,
  0x80, 0x17, 0xd8, 0x64, 0xa0, 0x23, 0x06, 0x86, 0x13, 0x82, 0x60, 0xe1,
  0x1f, 0x57, 0x6c, 0x06, 0x01, 0x06, 0xfc, 0x18, 0x88, 0xff, 0x1c, 0x43,
  0x11, 0xa4, 0x64, 0x70, 0xca, 0x68, 0x06, 0x78, 0xc1, 0x4e, 0x06, 0x3a,
  0x62, 0x60, 0x38, 0x21, 0x08, 0x16, 0xfe, 0x71, 0xd9, 0x66, 0x10, 0x60,
  0x10, 0x92, 0x81, 0xf8, 0xcf, 0x31, 0x14, 0x01, 0x4b, 0x06, 0xf7, 0xfc,
  0x64, 0xa0, 0x23, 0x06, 0x86, 0x13, 0x82, 0x60, 0xe1, 0x1f, 0x97, 0x6e,
  0x06, 0x01, 0x06, 0x25, 0x19, 0x88, 0xff, 0x1c, 0xc3, 0x2f, 0x06, 0x41,
  0x5e, 0x06, 0x83, 0x0c, 0x01, 0x38, 0x06, 0x2f, 0x19, 0x60, 0x60, 0x88,
  0xff, 0x20, 0x43, 0x20, 0x8e, 0xc1, 0x4a, 0x06, 0x73, 0x0c, 0x41, 0x51,
  0x93, 0x41, 0x2f, 0x06, 0xb5, 0x0c, 0xfc, 0x32, 0xa8, 0xcd, 0x80, 0x82,
  0x61, 0x5c, 0x80, 0x96, 0x01, 0x8e, 0x18, 0x18, 0x4e, 0x08, 0x82, 0x85,
  0x7f, 0x5c, 0xe4, 0x19, 0x04, 0x18, 0xbc, 0x64, 0x20, 0xfe, 0x73, 0x0c,
  0xe8, 0x18, 0x04, 0xa3, 0x19, 0x5c, 0x51, 0x9b, 0x01, 0x5e, 0xe0, 0x96,
  0x81, 0x8e, 0x18, 0x18, 0x4e, 0x08, 0x82, 0x85, 0x7f, 0x5c, 0xe9, 0x19,
  0x04, 0x18, 0xd0, 0x64, 0x20, 0xfe, 0x73, 0x0c, 0x45, 0x10, 0x96, 0xc1,
  0x29, 0xbb, 0x19, 0xe0, 0x05, 0x73, 0x19, 0xe8, 0x88, 0x81, 0xe1, 0x84,
  0x20, 0x58, 0xf8, 0xc7, 0xe5, 0x9e, 0x41, 0x80, 0x41, 0x4e, 0x06, 0xe2,
  0x3f, 0xc7, 0x50, 0x04, 0x64, 0x19, 0xdc, 0x73, 0x97, 0x81, 0x8e, 0x18,
  0x18, 0x4e, 0x08, 0x82, 0x85, 0x7f, 0x5c, 0xf2, 0x19, 0x04, 0x18, 0xf4,
  0x64, 0x20, 0xfe, 0x73, 0x0c, 0xf7, 0x18, 0x04, 0xb1, 0x19, 0x0c, 0x32,
  0x04, 0xf8, 0x18, 0x9c, 0x65, 0x80, 0x81, 0x21, 0xfe, 0x83, 0x0c, 0x81,
  0x3e, 0x06, 0x63, 0x19, 0xcc, 0x31, 0x04, 0x45, 0x5b, 0x06, 0xbd, 0x18,
  0x44, 0x33, 0xb0, 0xcd, 0xa0, 0x3c, 0x03, 0x0a, 0x86, 0x71, 0x01, 0x68,
  0x06, 0x38, 0x62, 0x60, 0x38, 0x21, 0x08, 0x16, 0xfe, 0x71, 0xf1, 0x67,
  0x10, 0x60, 0x70, 0x96, 0x81, 0xf8, 0xcf, 0x31, 0x80, 0x64, 0x10, 0xec,
  0x66, 0x70, 0x45, 0x7b, 0x06, 0x78, 0x81, 0x69, 0x06, 0x3a, 0x62, 0x60,
  0x38, 0x21, 0x08, 0x16, 0xfe, 0x71, 0x85, 0x68, 0x10, 0x60, 0xc0, 0x96,
  0x81, 0xf8, 0xcf, 0x31, 0x14, 0x41, 0x5e, 0x06, 0xa7, 0xcc, 0x67, 0x80,
  0x17, 0xac, 0x66, 0xa0, 0x23, 0x06, 0x86, 0x13, 0x82, 0x60, 0xe1, 0x1f,
  0x97, 0x89, 0x06, 0x01, 0x06, 0x71, 0x19, 0x88, 0xff, 0x1c, 0x43, 0x11,
  0xf0, 0x65, 0x70, 0xcf, 0x6b, 0x06, 0x3a, 0x62, 0x60, 0x38, 0x21, 0x08,
  0x16, 0xfe, 0x71, 0xa9, 0x68, 0x10, 0x60, 0x50, 0x97, 0x81, 0xf8, 0xcf,
  0x31, 0xbc, 0x64, 0x10, 0xa4, 0x67, 0x30, 0xc8, 0x10, 0xc0, 0x64, 0xf0,
  0x97, 0x01, 0x06, 0x86, 0xf8, 0x0f, 0x32, 0x04, 0x32, 0x19, 0xec, 0x65,
  0x30, 0xc7, 0x10, 0x14, 0xa5, 0x19, 0xcc, 0x31, 0x80, 0x65, 0x90, 0x0a,
  0xee, 0x19, 0x0c, 0x32, 0x04, 0x61, 0x19, 0xfc, 0x65, 0x30, 0x62, 0x80,
  0x38, 0x21, 0x08, 0x16, 0xfe, 0x81, 0x06, 0x32, 0x1a, 0x6c, 0x43, 0x30,
  0xc7, 0x30, 0x96, 0x01, 0x49, 0xc4, 0x67, 0x30, 0xc8, 0x10, 0x90, 0x65,
  0x20, 0x9a, 0xc1, 0x88, 0x01, 0xe2, 0x84, 0x20, 0x58, 0xf8, 0x07, 0x1a,
  0xd4, 0x68, 0x60, 0x07, 0x43, 0x30, 0x4b, 0x00, 0x06, 0x03, 0x15, 0x01,
  0x5a, 0x78, 0xc2, 0x37, 0xc7, 0x70, 0x96, 0x01, 0x4b, 0xd4, 0x67, 0x30,
  0xc7, 0x80, 0x96, 0x01, 0x4d, 0x06, 0xf6, 0x19, 0xa0, 0x10, 0x88, 0xff,
  0x20, 0x43, 0xa0, 0x96, 0x01, 0x6a, 0x06, 0x18, 0x14, 0xe2, 0x3f, 0x4b,
  0x70, 0x06, 0x23, 0x06, 0xc7, 0x03, 0x83, 0x60, 0xe1, 0x1f, 0x64, 0x40,
  0xa6, 0x81, 0x79, 0x06, 0x3d, 0x19, 0xf4, 0x82, 0x38, 0xcf, 0x60, 0x3f,
  0x03, 0xfe, 0x0c, 0xf6, 0x33, 0xa0, 0x00, 0x20, 0xbd, 0x20, 0xd2, 0x33,
  0xe8, 0xcf, 0xc0, 0x3f, 0x83, 0xda, 0x0c, 0x28, 0x00, 0x06, 0x06, 0x83,
  0xf8, 0xf7, 0x82, 0x60, 0xcf, 0x00, 0x44, 0x83, 0x10, 0x0d, 0x72, 0x33,
  0xa0, 0x00, 0x18, 0xbd, 0x20, 0xdc, 0x33, 0x10, 0xd1, 0x60, 0x44, 0x83,
  0xdc, 0x0c, 0x28, 0x00, 0x08, 0x06, 0x83, 0xf8, 0xa3, 0x11, 0x84, 0x3f,
  0xc6, 0x66, 0x10, 0x90, 0xbf, 0x19, 0xe0, 0x3f, 0xc7, 0xe0, 0x96, 0x81,
  0x82, 0xa2, 0xc1, 0x1c, 0x43, 0x20, 0x88, 0x67, 0x60, 0x07, 0xf8, 0xcf,
  0x31, 0xc4, 0x65, 0x10, 0xac, 0x68, 0x30, 0xc7, 0x10, 0x40, 0xe5, 0x19,
  0xf4, 0x82, 0xc8, 0xcf, 0xa0, 0x45, 0x03, 0x17, 0x0d, 0xc6, 0x33, 0xa0,
  0x00, 0x18, 0x18, 0x30, 0xe2, 0xdf, 0x0b, 0x82, 0x3f, 0x03, 0x18, 0x0d,
  0x62, 0x34, 0x78, 0xd1, 0x80, 0x02, 0x80, 0x60, 0x40, 0x89, 0x3f, 0x12,
  0x41, 0xf8, 0xcf, 0x31, 0xe4, 0x65, 0x10, 0xd0, 0x68, 0x80, 0x04, 0x25,
  0xfe, 0x88, 0x68, 0xe2, 0x8f, 0x42, 0x10, 0xfe, 0x73, 0x0c, 0x44, 0x10,
  0x9f, 0xc1, 0x1c, 0xc3, 0x5f, 0x06, 0x53, 0x8e, 0x06, 0x83, 0x0c, 0x01,
  0x68, 0x06, 0xee, 0x19, 0x0c, 0x32, 0xa8, 0x68, 0xa0, 0x9a, 0xc1, 0x7b,
  0x06, 0x38, 0x05, 0xe2, 0x3f, 0xc8, 0xc0, 0xa2, 0x01, 0x6b, 0x06, 0xf0,
  0x19, 0xa0, 0x14, 0x88, 0x3f, 0x0e, 0x07, 0xf8, 0x63, 0x20, 0x80, 0x3f,
  0x06, 0x87, 0xf8, 0x0f, 0x32, 0x04, 0xa8, 0x19, 0xf8, 0x67, 0xd0, 0x8b,
  0xe1, 0x45, 0x83, 0x31, 0x0d, 0x52, 0x34, 0xa0, 0x00, 0x18, 0x18, 0xbc,
  0x67, 0x20, 0xfe, 0xbd, 0x18, 0x64, 0x34, 0x30, 0xd3, 0x60, 0x4f, 0x03,
  0x0a, 0x04, 0xd2, 0x8b, 0x81, 0x46, 0x03, 0x34, 0x0d, 0xf4, 0x34, 0xa0,
  0x00, 0x20, 0x73, 0x0c, 0xb9, 0x19, 0x04, 0x6a, 0x1a, 0x0c, 0x32, 0x04,
  0xb9, 0x19, 0xa0, 0x68, 0x30, 0x62, 0x60, 0x38, 0x21, 0x08, 0x16, 0xfe,
  0x51, 0xad, 0x6a, 0xa0, 0xa0, 0x60, 0x84, 0x3f, 0x06, 0x02, 0xf8, 0x8f,
  0x21, 0x04, 0x6f, 0x1a, 0x8c, 0x21, 0x08, 0x29, 0x1a, 0x8c, 0x18, 0x1c,
  0x4e, 0x08, 0x82, 0x85, 0x7f, 0x6c, 0xe0, 0x1a, 0x08, 0xc1, 0x88, 0xc1,
  0xe1, 0x84, 0x20, 0x58, 0xf8, 0xc7, 0x76, 0xab, 0x41, 0xe0, 0x9f, 0xc1,
  0x88, 0xc1, 0xe1, 0x84, 0x20, 0x58, 0xf8, 0x87, 0x1a, 0xcc, 0x6a, 0x50,
  0x80, 0x67, 0x30, 0x62, 0x70, 0x38, 0x21, 0x08, 0x16, 0xfe, 0xf1, 0x85,
  0x6b, 0x10, 0x04, 0x23, 0x06, 0x86, 0x13, 0x82, 0x60, 0xe1, 0x1f, 0xdd,
  0xb8, 0x06, 0x01, 0x46, 0x4d, 0xf8, 0x63, 0x50, 0x80, 0x3f, 0x06, 0x03,
  0xf8, 0x63, 0x50, 0x91, 0xff, 0x88, 0x81, 0xe1, 0x84, 0x20, 0x58, 0xf8,
  0x47, 0xb7, 0xab, 0x41, 0xd0, 0x8b, 0xe1, 0x4c, 0x83, 0x3d, 0x0d, 0x64,
  0x35, 0xa0, 0x60, 0x18, 0x17, 0x94, 0x69, 0x80, 0x23, 0x06, 0x86, 0x13,
  0x82, 0x60, 0xe1, 0x1f, 0x57, 0xb8, 0x06, 0x01, 0x06, 0x2c, 0x1a, 0x88,
  0xff, 0x1c, 0x43, 0x79, 0x06, 0x01, 0xa8, 0x06, 0x57, 0xc8, 0x6a, 0x80,
  0x17, 0xac, 0x69, 0xa0, 0x23, 0x06, 0x86, 0x13, 0x82, 0x60, 0xe1, 0x1f,
  0x97, 0xb9, 0x06, 0x01, 0x06, 0x31, 0x1a, 0x88, 0xff, 0x1c, 0x43, 0x11,
  0xf8, 0x68, 0x70, 0x0a, 0xae, 0x06, 0x78, 0x01, 0x9c, 0x06, 0x3a, 0x62,
  0x60, 0x38, 0x21, 0x08, 0x16, 0xfe, 0x71, 0xad, 0x6b, 0x10, 0x60, 0x60,
  0xa3, 0x81, 0xf8, 0xcf, 0x31, 0x14, 0x41, 0x98, 0x06, 0xf7, 0xd0, 0x69,
  0xa0, 0x23, 0x06, 0x86, 0x13, 0x82, 0x60, 0xe1, 0x1f, 0xd7, 0xbb, 0x06,
  0x01, 0x06, 0x3a, 0x1a, 0x88, 0xff, 0x1c, 0x03, 0x7d, 0x06, 0x81, 0xab,
  0x06, 0x83, 0x0c, 0x41, 0x7d, 0x06, 0x64, 0x1a, 0x60, 0x60, 0x88, 0xff,
  0x20, 0x43, 0x70, 0x9f, 0x01, 0x98, 0x06, 0x73, 0x0c, 0x41, 0xa1, 0xa6,
  0x41, 0x2f, 0x86, 0x3f, 0x0d, 0x66, 0x35, 0x58, 0xd7, 0x80, 0x82, 0x81,
  0x5c, 0xd0, 0xa7, 0x01, 0x8e, 0x18, 0x18, 0x4e, 0x08, 0x82, 0x85, 0x7f,
  0x5c, 0xf9, 0x1a, 0x04, 0x18, 0x90, 0x69, 0x20, 0xfe, 0x73, 0x0c, 0xfd,
  0x19, 0x04, 0xb8, 0x1a, 0x5c, 0xa1, 0xae, 0x01, 0x5e, 0x30, 0xaa, 0x81,
  0x8e, 0x18, 0x18, 0x4e, 0x08, 0x82, 0x85, 0x7f, 0x5c, 0xfe, 0x1a, 0x04,
  0x18, 0xa4, 0x69, 0x20, 0xfe, 0x73, 0x0c, 0x45, 0x60, 0xa7, 0xc1, 0x29,
  0xf0, 0x1a, 0xe0, 0x05, 0xa8, 0x1a, 0xe8, 0x88, 0x81, 0xe1, 0x84, 0x20,
  0x58, 0xf8, 0xc7, 0x35, 0xb2, 0x41, 0x80, 0x81, 0x9b, 0x06, 0xe2, 0x3f,
  0xc7, 0x50, 0x04, 0x79, 0x1a, 0xdc, 0xc3, 0xaa, 0x81, 0x8e, 0x18, 0x18,
  0x4e, 0x08, 0x82, 0x85, 0x7f, 0x5c, 0x27, 0x1b, 0x04, 0x18, 0xc8, 0x69,
  0x20, 0xfe, 0x73, 0x0c, 0x2c, 0x1a, 0x04, 0xe6, 0x1a, 0x0c, 0x32, 0x04,
  0x2d, 0x1a, 0xf0, 0x69, 0x80, 0x81, 0x21, 0xfe, 0x83, 0x0c, 0xc1, 0x8b,
  0x06, 0x78, 0x1a, 0xcc, 0x31, 0x04, 0x85, 0xa8, 0x06, 0x73, 0x0c, 0x3d,
  0x1a, 0xc4, 0xc1, 0xba, 0x06, 0x83, 0x0c, 0x81, 0x8f, 0x06, 0x7c, 0x1a,
  0x8c, 0x18, 0x20, 0x4e, 0x08, 0x82, 0x85, 0x7f, 0xa0, 0xc1, 0xcb, 0x06,
  0xdb, 0x10, 0xcc, 0x31, 0x80, 0x69, 0xc0, 0xa2, 0x81, 0xbb, 0x06, 0x73,
  0x0c, 0x61, 0x1a, 0xd4, 0xc3, 0xbb, 0x06, 0x18, 0x08, 0xe2, 0x3f, 0xc8,
  0x10, 0x8c, 0x69, 0x10, 0xaa, 0x01, 0x06, 0x85, 0xf8, 0xcf, 0x12, 0x9c,
  0xc1, 0x88, 0xc1, 0xf1, 0xc0, 0x20, 0x58, 0xf8, 0x07, 0x19, 0xf4, 0x6c,
  0xf0, 0xab, 0x81, 0x8d, 0x06, 0xbd, 0x20, 0xc0, 0x35, 0xa0, 0xd7, 0xa0,
  0x5e, 0x03, 0x7a, 0x0d, 0x28, 0x00, 0x48, 0x2f, 0x08, 0x71, 0x0d, 0xec,
  0x35, 0xb8, 0xd7, 0xc0, 0x55, 0x03, 0x0a, 0x80, 0x81, 0xc1, 0x20, 0xfe,
  0xbd, 0x20, 0xca, 0x35, 0xc8, 0xd7, 0x40, 0x5f, 0x03, 0x59, 0x0d, 0x28,
  0x00, 0x46, 0x2f, 0x88, 0x73, 0x0d, 0xf6, 0x35, 0xe0, 0xd7, 0x40, 0x56,
  0x03, 0x0a, 0x00, 0x82, 0xc1, 0x20, 0xfe, 0x68, 0x04, 0xe1, 0x8f, 0xaa,
  0x1a, 0x04, 0xe4, 0x6f, 0x06, 0xf8, 0xcf, 0x31, 0x9c, 0x69, 0xa0, 0x84,
  0x6c, 0x30, 0xc7, 0x10, 0x08, 0xbb, 0x1a, 0xd8, 0x01, 0xfe, 0x73, 0x0c,
  0x6a, 0x1a, 0x04, 0x24, 0x1b, 0xcc, 0x31, 0x04, 0x90, 0xaf, 0x06, 0xbd,
  0x20, 0xe4, 0x35, 0x30, 0xd9, 0xe0, 0x64, 0x03, 0x5e, 0x0d, 0x28, 0x00,
  0x06, 0x06, 0x8c, 0xf8, 0xf7, 0x82, 0xa8, 0xd7, 0x20, 0x65, 0x03, 0x95,
  0x0d, 0x50, 0x36, 0xa0, 0x00, 0x20, 0x18, 0x50, 0xe2, 0x8f, 0x44, 0x10,
  0xfe, 0x73, 0x0c, 0x72, 0x1a, 0x04, 0x2d, 0x1b, 0x20, 0x41, 0x89, 0x3f,
  0x22, 0x9a, 0xf8, 0xa3, 0x10, 0x84, 0xff, 0x1c, 0x03, 0x11, 0xa8, 0x6b,
  0x30, 0xc7, 0x80, 0xa7, 0xc1, 0x24, 0xb3, 0xc1, 0x20, 0x43, 0x90, 0xa7,
  0xc1, 0xb9, 0x06, 0x83, 0x0c, 0x23, 0x1b, 0x8c, 0x6a, 0x80, 0xae, 0x01,
  0x4e, 0x81, 0xf8, 0x0f, 0x32, 0x94, 0x6c, 0x50, 0xaa, 0x41, 0xba, 0x06,
  0x28, 0x05, 0xe2, 0x8f, 0xc3, 0x01, 0xfe, 0x18, 0x08, 0xe0, 0x8f, 0xc1,
  0x21, 0xfe, 0x83, 0x0c, 0x41, 0xa8, 0x06, 0xf7, 0x1a, 0xf4, 0x62, 0x40,
  0xd9, 0x80, 0x67, 0x83, 0xb8, 0x0d, 0x28, 0x10, 0x08, 0x0e, 0x01, 0xf9,
  0xf7, 0x62, 0x58, 0xd9, 0xe0, 0x67, 0x03, 0x93, 0x0d, 0x28, 0x18, 0xc8,
  0x05, 0x78, 0x1b, 0xe8, 0x70, 0x43, 0x20, 0xb7, 0x01, 0x18, 0x8c, 0x21,
  0x14, 0xfc, 0x1a, 0xe0, 0xbb, 0x06, 0x41, 0xf8, 0x4f, 0x47, 0x08, 0xc1,
  0xe0, 0x1f, 0x73, 0x0c, 0x48, 0xf0, 0xaf, 0xc1, 0x88, 0x41, 0xd3, 0x84,
  0x20, 0x18, 0x4c, 0xbc, 0x1b, 0xc8, 0x6c, 0x10, 0xb3, 0x41, 0x50, 0xb2,
  0x01, 0xc9, 0x06, 0x26, 0x1b, 0xcc, 0x6b, 0x30, 0xaf, 0xc1, 0xdd, 0x06,
  0xa3, 0x09, 0x01, 0x30, 0x86, 0x10, 0x84, 0x6c, 0x70, 0xca, 0xda, 0x06,
  0x78, 0x01, 0xe8, 0x06, 0x3a, 0xdc, 0x10, 0x90, 0x6e, 0x00, 0x06, 0x63,
  0x08, 0x45, 0xdb, 0x06, 0xc3, 0x0d, 0x03, 0xe9, 0x06, 0x60, 0x70, 0xc1,
  0xb0, 0xd3, 0x0d, 0xc3, 0x11, 0xf4, 0x62, 0xe8, 0xd9, 0x20, 0x6e, 0x03,
  0xd4, 0x0d, 0x28, 0x18, 0xc6, 0x05, 0x3b, 0x1b, 0xe0, 0x88, 0x81, 0xe1,
  0x84, 0x20, 0x58, 0xf8, 0xc7, 0x75, 0xbb, 0x41, 0x80, 0x81, 0xc8, 0x06,
  0xe2, 0x3f, 0xc7, 0xb0, 0xab, 0x41, 0x60, 0xb7, 0xc1, 0x15, 0xa8, 0x1b,
  0xe0, 0x05, 0x61, 0x1b, 0xe8, 0x88, 0x81, 0xe1, 0x84, 0x20, 0x58, 0xf8,
  0xc7, 0xc5, 0xbb, 0x41, 0x80, 0xc1, 0xc9, 0x06, 0xe2, 0x3f, 0xc7, 0x50,
  0x04, 0x34, 0x1b, 0x9c, 0xe2, 0xba, 0x01, 0x5e, 0x60, 0xb6, 0x81, 0x8e,
  0x18, 0x18, 0x4e, 0x08, 0x82, 0x85, 0x7f, 0x5c, 0xe1, 0x1b, 0x04, 0x18,
  0xb0, 0x6c, 0x20, 0xfe, 0x73, 0x0c, 0x45, 0x70, 0xb3, 0xc1, 0x1c, 0xc3,
  0xb9, 0x06, 0x51, 0xe8, 0x06, 0x83, 0x0c, 0x01, 0xba, 0x06, 0x37, 0x1b,
  0xe0, 0x10, 0x88, 0xff, 0x20, 0x43, 0xa0, 0xae, 0xc1, 0xcc, 0x06, 0x73,
  0x0c, 0x41, 0xd5, 0xb3, 0xc1, 0x1c, 0x03, 0xbe, 0x06, 0xb3, 0x60, 0xba,
  0xc1, 0x1c, 0x43, 0xbe, 0x06, 0xe5, 0x1a, 0x9c, 0x6e, 0x80, 0x42, 0x20,
  0xfe, 0x83, 0x0c, 0xc1, 0xbe, 0x06, 0x39, 0x1b, 0x60, 0x50, 0x88, 0xff,
  0x2c, 0xc1, 0x19, 0x8c, 0x18, 0x1c, 0x0f, 0x0c, 0x82, 0x85, 0x7f, 0x90,
  0x41, 0xfd, 0x06, 0x77, 0x1b, 0xb8, 0x6b, 0xd0, 0x0b, 0x02, 0x6f, 0x03,
  0xd6, 0x0d, 0x5a, 0x37, 0x60, 0xdd, 0x80, 0x02, 0x80, 0xf4, 0x82, 0xd0,
  0xdb, 0xc0, 0x75, 0x83, 0xd7, 0x0d, 0xcc, 0x36, 0xa0, 0x00, 0x18, 0x18,
  0x0c, 0xe2, 0xdf, 0x0b, 0xa2, 0x6f, 0x83, 0xd8, 0x0d, 0x64, 0x37, 0x50,
  0xdb, 0x80, 0x02, 0x60, 0xf4, 0x82, 0xf8, 0xdb, 0x60, 0x76, 0x03, 0xda,
  0x0d, 0xd4, 0x36, 0xa0, 0x00, 0x20, 0x18, 0x0c, 0xe2, 0x8f, 0x46, 0x10,
  0xfe, 0x28, 0xb6, 0x41, 0x40, 0xfe, 0x66, 0x80, 0xff, 0x1c, 0xc3, 0xbf,
  0x06, 0x4a, 0xee, 0x06, 0x73, 0x0c, 0x81, 0x30, 0xb7, 0x81, 0x1d, 0xe0,
  0x3f, 0xc7, 0x20, 0xb2, 0x41, 0xc0, 0xbb, 0xc1, 0x1c, 0x43, 0x00, 0xd9,
  0x6d, 0xd0, 0x0b, 0x42, 0x75, 0x03, 0xdf, 0x0d, 0x7e, 0x37, 0xa0, 0xdb,
  0x80, 0x02, 0x60, 0x60, 0xc0, 0x88, 0x7f, 0x2f, 0x88, 0xd6, 0x0d, 0xc2,
  0x37, 0x10, 0xdf, 0x00, 0x7c, 0x03, 0x0a, 0x00, 0x82, 0x01, 0x25, 0xfe,
  0x48, 0x04, 0xe1, 0x3f, 0xc7, 0xa0, 0xb2, 0x41, 0x50, 0xbe, 0x01, 0x12,
  0x94, 0xf8, 0x23, 0xa2, 0x89, 0x3f, 0x0a, 0x41, 0xf8, 0xcf, 0x31, 0x10,
  0x81, 0xe8, 0x06, 0x73, 0x0c, 0x30, 0x1b, 0x4c, 0xea, 0x1b, 0x0c, 0x32,
  0x04, 0x31, 0x1b, 0xfc, 0x6d, 0x30, 0xc8, 0xb0, 0xbb, 0xc1, 0xce, 0x06,
  0xa0, 0x1b, 0xe0, 0x14, 0x88, 0xff, 0x20, 0x43, 0xef, 0x06, 0x3d, 0x1b,
  0x84, 0x6e, 0x80, 0x52, 0x20, 0xfe, 0x38, 0x1c, 0xe0, 0x8f, 0x81, 0x00,
  0xfe, 0x18, 0x1c, 0xe2, 0x3f, 0xc8, 0x10, 0xe4, 0x6c, 0xf0, 0xba, 0x41,
  0x2f, 0x06, 0xf0, 0x0d, 0xe8, 0x37, 0x48, 0xe1, 0x80, 0x02, 0x81, 0xe0,
  0x10, 0x90, 0x7f, 0x2f, 0x86, 0xf1, 0x0d, 0xee, 0x37, 0xf0, 0xdd, 0x80,
  0x82, 0x81, 0x5c, 0x00, 0xc3, 0x81, 0x0e, 0x37, 0x04, 0x2a, 0x1c, 0x80,
  0xc1, 0x18, 0x42, 0x41, 0xbb, 0x01, 0x9e, 0x6e, 0x10, 0x84, 0xff, 0x74,
  0x84, 0x10, 0x0c, 0xfe, 0x31, 0xc7, 0x80, 0x04, 0xb7, 0x1b, 0x8c, 0x18,
  0x20, 0x51, 0x0c, 0x82, 0x85, 0x7f, 0x34, 0x75, 0x1c, 0xa8, 0x6f, 0x90,
  0xbe, 0x41, 0x70, 0x48, 0x08, 0x07, 0x78, 0x81, 0x0d, 0x07, 0x3a, 0xdc,
  0x10, 0xe4, 0x70, 0x00, 0x06, 0xb3, 0x0c, 0x64, 0x50, 0x06, 0xc1, 0x20,
  0x03, 0x51, 0xb7, 0x41, 0xed, 0x06, 0x83, 0x0c, 0x45, 0xdd, 0x06, 0xb5,
  0x1b, 0xa0, 0x10, 0x88, 0xff, 0x20, 0x43, 0xc0, 0xb6, 0x41, 0xed, 0x06,
  0x83, 0x0c, 0x01, 0x52, 0xbb, 0xc1, 0x2c, 0x81, 0x19, 0x0c, 0x37, 0x1c,
  0x60, 0x1c, 0x80, 0xc1, 0x20, 0x83, 0xb2, 0xb7, 0x41, 0xee, 0x06, 0xd3,
  0x0d, 0xc1, 0x22, 0xcc, 0x12, 0x98, 0xc1, 0x40, 0x45, 0x80, 0x90, 0x81,
  0x50, 0x06, 0x73, 0x0c, 0x7e, 0x1b, 0xa8, 0x6d, 0xc0, 0xc2, 0xc1, 0x1c,
  0xc3, 0xdf, 0x06, 0xa2, 0xd0, 0xc2, 0x01, 0x06, 0x82, 0xf8, 0x0f, 0x32,
  0x04, 0xa1, 0x1b, 0xfc, 0x6e, 0x80, 0x41, 0x21, 0xfe, 0xb3, 0x04, 0x67,
  0x30, 0x50, 0x15, 0x08, 0x66, 0xe0, 0x12, 0x62, 0xe0, 0x27, 0x61, 0x00,
  0x47, 0x60, 0xc0, 0x9e, 0x41, 0x85, 0xa6, 0x01, 0xc5, 0xbf, 0xc1, 0xc4,
  0xb6, 0x02, 0x02, 0xdb, 0xc2, 0x21, 0xf2, 0x82, 0xb0, 0x41, 0x40, 0x0c,
  0x00, 0xec, 0x00, 0x00, 0x00, 0x5b, 0x06, 0x21, 0x48, 0x89, 0x2d, 0x03,
  0x11, 0xa4, 0xc4, 0x96, 0xc1, 0x08, 0x52, 0x62, 0xcb, 0x80, 0x04, 0x29,
  0xb1, 0xe5, 0x78, 0x82, 0x9d, 0x38, 0x78, 0x02, 0xe9, 0x89, 0x2d, 0x87,
  0x14, 0xb4, 0xc4, 0xc1, 0x13, 0x48, 0x4f, 0x6c, 0x39, 0xa8, 0xa0, 0x25,
  0x0e, 0x9e, 0x40, 0x7a, 0x62, 0xcb, 0x61, 0x05, 0x2d, 0x71, 0xf0, 0x04,
  0xd2, 0x13, 0x5b, 0x0e, 0x2c, 0x68, 0x89, 0x83, 0x27, 0x90, 0x9e, 0xd8,
  0x72, 0x68, 0x81, 0x4b, 0x1c, 0x3c, 0x81, 0xf4, 0xc4, 0x96, 0xa3, 0x0c,
  0x82, 0x97, 0x38, 0x78, 0x02, 0xe9, 0x89, 0x2d, 0x05, 0x1b, 0x1c, 0x3d,
  0x81, 0xf0, 0xc4, 0x96, 0x23, 0x14, 0x02, 0x9f, 0x38, 0x78, 0x02, 0xe9,
  0x89, 0x2d, 0x07, 0x2f, 0x04, 0x2d, 0x71, 0xf0, 0x04, 0xd2, 0x13, 0x5b,
  0x0e, 0x5f, 0x08, 0x5a, 0xe2, 0xe0, 0x09, 0xa4, 0x27, 0xb6, 0x1c, 0xe1,
  0x10, 0xb4, 0xc4, 0xc1, 0x13, 0x48, 0x4f, 0x6c, 0x39, 0xc6, 0x21, 0x68,
  0x89, 0x83, 0x27, 0x90, 0x9e, 0xd8, 0x72, 0xb8, 0x43, 0xd0, 0x12, 0x07,
  0x4f, 0x20, 0x3d, 0xb1, 0xe5, 0x88, 0x87, 0xa0, 0x25, 0x0e, 0x9e, 0x40,
  0x7a, 0x62, 0xcb, 0x41, 0x12, 0x41, 0x4a, 0x1c, 0x3c, 0x81, 0xf4, 0xc4,
  0x96, 0xc3, 0x24, 0x02, 0x97, 0x38, 0x78, 0x02, 0xe9, 0x89, 0x2d, 0xc7,
  0x5c, 0x04, 0x3f, 0x71, 0xf0, 0x04, 0xd2, 0x13, 0x5b, 0x8e, 0xd5, 0x08,
  0x7c, 0xe2, 0xe0, 0x09, 0xa4, 0x27, 0xb6, 0x1c, 0xee, 0x11, 0xbc, 0xc4,
  0xc1, 0x13, 0x48, 0x4f, 0x6c, 0x39, 0xee, 0x23, 0x80, 0x89, 0x83, 0x27,
  0x90, 0x9e, 0xd8, 0x72, 0x9c, 0x48, 0xd0, 0x12, 0x07, 0x4f, 0x20, 0x3d,
  0xb1, 0xe5, 0x48, 0x91, 0xa0, 0x25, 0x0e, 0x9e, 0x40, 0x7a, 0x62, 0xcb,
  0xc1, 0x22, 0x41, 0x4b, 0x1c, 0x3c, 0x81, 0xf4, 0xc4, 0x96, 0xc3, 0x45,
  0x82, 0x96, 0x38, 0x78, 0x02, 0xe9, 0x89, 0x2d, 0xc7, 0x9a, 0x04, 0x31,
  0x71, 0xf0, 0x04, 0xd2, 0x13, 0x5b, 0x8e, 0x3d, 0x09, 0x5c, 0xe2, 0xe0,
  0x09, 0xa4, 0x27, 0xb6, 0x1c, 0xbf, 0x12, 0xc8, 0xc4, 0xc1, 0x13, 0x48,
  0x4f, 0x6c, 0x39, 0x40, 0x26, 0xf8, 0x89, 0x83, 0x27, 0x90, 0x9e, 0xd8,
  0x72, 0xe0, 0x4c, 0xe0, 0x13, 0x07, 0x4f, 0x20, 0x3d, 0xb1, 0xe5, 0xc0,
  0x9b, 0x00, 0x2c, 0x0e, 0x9e, 0x40, 0x7a, 0x62, 0xcb, 0xa1, 0x3b, 0xc1,
  0x4f, 0x1c, 0x3c, 0x81, 0xf4, 0xc4, 0x96, 0x43, 0x7e, 0x02, 0x9f, 0x38,
  0x78, 0x02, 0xe9, 0x89, 0x2d, 0x47, 0x0e, 0x05, 0x3f, 0x71, 0xf0, 0x04,
  0xd2, 0x13, 0x5b, 0x8e, 0x38, 0x0a, 0x7c, 0xe2, 0xe0, 0x09, 0xa4, 0x27,
  0xb6, 0x1c, 0xb1, 0x14, 0x80, 0xc5, 0xc1, 0x13, 0x48, 0x4f, 0x6c, 0x39,
  0xe0, 0x29, 0xf8, 0x89, 0x83, 0x27, 0x90, 0x9e, 0xd8, 0x72, 0xa0, 0x54,
  0xe0, 0x13, 0x07, 0x4f, 0x20, 0x3d, 0xb1, 0xe5, 0xd8, 0xad, 0xa0, 0x25,
  0x0e, 0x9e, 0x40, 0x7a, 0x62, 0xcb, 0xe1, 0x5b, 0x41, 0x4b, 0x1c, 0x3c,
  0x81, 0xf4, 0xc4, 0x96, 0x23, 0xbe, 0x82, 0xb0, 0x38, 0x78, 0x02, 0xe9,
  0x89, 0x2d, 0x07, 0x7d, 0x05, 0x29, 0x71, 0xf0, 0x04, 0xd2, 0x13, 0x5b,
  0x0e, 0x1e, 0x0b, 0x7c, 0xe2, 0xe0, 0x09, 0xa4, 0x27, 0xb6, 0x1c, 0x7d,
  0x16, 0xf8, 0xc4, 0xc1, 0x13, 0x48, 0x4f, 0x6c, 0x39, 0x76, 0x2d, 0x68,
  0x89, 0x83, 0x27, 0x90, 0x9e, 0xd8, 0x72, 0xf4, 0x5a, 0xd0, 0x12, 0x07,
  0x4f, 0x20, 0x3d, 0xb1, 0xe5, 0x00, 0xb7, 0xa0, 0x25, 0x0e, 0x9e, 0x40,
  0x7a, 0x62, 0xcb, 0x21, 0x6e, 0x41, 0x4b, 0x1c, 0x3c, 0x81, 0xf4, 0xc4,
  0x96, 0xa3, 0xdd, 0x82, 0x96, 0x38, 0x78, 0x02, 0xe9, 0x89, 0x2d, 0x07,
  0xbc, 0x05, 0x2d, 0x71, 0xf0, 0x04, 0xd2, 0x13, 0x5b, 0x8e, 0x91, 0x0b,
  0x5e, 0xe2, 0xe0, 0x09, 0xa4, 0x27, 0xb6, 0x1c, 0x2b, 0x17, 0xa4, 0xc4,
  0xc1, 0x13, 0x48, 0x4f, 0x6c, 0x29, 0x68, 0xee, 0xe0, 0x09, 0xa4, 0x27,
  0xb6, 0x14, 0x74, 0x77, 0xf0, 0x04, 0xd2, 0x13, 0x5b, 0x0a, 0xde, 0x3b,
  0x78, 0x02, 0xe9, 0x89, 0x2d, 0x07, 0x0c, 0x06, 0x81, 0x4b, 0x1c, 0x3c,
  0x81, 0xf4, 0xc4, 0x96, 0xa3, 0x0e, 0x83, 0xe0, 0x27, 0x0e, 0x9e, 0x40,
  0x7a, 0x62, 0xcb, 0xd1, 0x8a, 0x41, 0xe0, 0x13, 0x07, 0x4f, 0x20, 0x3d,
  0xb1, 0xe5, 0x70, 0xc7, 0x20, 0xf8, 0x89, 0x83, 0x27, 0x90, 0x9e, 0xd8,
  0x72, 0x98, 0x64, 0x10, 0xf8, 0xc4, 0xc1, 0x13, 0x48, 0x4f, 0x6c, 0x39,
  0x7c, 0x32, 0x08, 0xc0, 0xe2, 0xe0, 0x09, 0xa4, 0x27, 0xb6, 0x1c, 0xa5,
  0x19, 0x04, 0x2d, 0x71, 0xf0, 0x04, 0xd2, 0x13, 0x5b, 0x8e, 0xd3, 0x0c,
  0x82, 0x96, 0x38, 0x78, 0x02, 0xe9, 0x89, 0x2d, 0x87, 0x6a, 0x06, 0x41,
  0x4b, 0x1c, 0x3c, 0x81, 0xf4, 0xc4, 0x96, 0x83, 0x35, 0x83, 0xa0, 0x25,
  0x0e, 0x9e, 0x40, 0x7a, 0x62, 0xcb, 0x71, 0x9b, 0x41, 0xd0, 0x12, 0x07,
  0x4f, 0x20, 0x3d, 0xb1, 0xe5, 0xd0, 0xcd, 0x20, 0x68, 0x89, 0x83, 0x27,
  0x90, 0x9e, 0xd8, 0x72, 0xb4, 0x67, 0x10, 0x84, 0xc5, 0xc1, 0x13, 0x48,
  0x4f, 0x6c, 0x39, 0xe0, 0x33, 0x08, 0x52, 0xe2, 0xe0, 0x09, 0xa4, 0x27,
  0xb6, 0x1c, 0xf2, 0x19, 0x04, 0x2e, 0x71, 0xf0, 0x04, 0xd2, 0x13, 0x5b,
  0x8e, 0x12, 0x0d, 0x02, 0x9f, 0x38, 0x78, 0x02, 0xe9, 0x89, 0x2d, 0x47,
  0x8f, 0x06, 0xc1, 0x4f, 0x1c, 0x3c, 0x81, 0xf4, 0xc4, 0x96, 0xe3, 0x4f,
  0x83, 0xa0, 0x25, 0x0e, 0x9e, 0x40, 0x7a, 0x62, 0xcb, 0x11, 0xaa, 0x41,
  0xd0, 0x12, 0x07, 0x4f, 0x20, 0x3d, 0xb1, 0xe5, 0x20, 0xd5, 0x20, 0x68,
  0x89, 0x83, 0x27, 0x90, 0x9e, 0xd8, 0x72, 0x98, 0x6a, 0x10, 0xb4, 0xc4,
  0xc1, 0x13, 0x48, 0x4f, 0x6c, 0x39, 0x62, 0x35, 0x08, 0x5a, 0xe2, 0xe0,
  0x09, 0xa4, 0x27, 0xb6, 0x1c, 0xb4, 0x1a, 0x04, 0x2d, 0x71, 0xf0, 0x04,
  0xd2, 0x13, 0x5b, 0x8e, 0x73, 0x0d, 0x82, 0x94, 0x38, 0x78, 0x02, 0xe9,
  0x89, 0x2d, 0x87, 0xba, 0x06, 0xc1, 0x4b, 0x1c, 0x3c, 0x81, 0xf4, 0xc4,
  0x96, 0x22, 0x5e, 0x83, 0xa3, 0x27, 0x10, 0x9e, 0xd8, 0x72, 0xf0, 0x6b,
  0x10, 0xf8, 0xc4, 0xc1, 0x13, 0x48, 0x4f, 0x6c, 0x39, 0x70, 0x36, 0x08,
  0x5a, 0xe2, 0xe0, 0x09, 0xa4, 0x27, 0xb6, 0x1c, 0x3a, 0x1b, 0x04, 0x2d,
  0x71, 0xf0, 0x04, 0xd2, 0x13, 0x5b, 0x8e, 0x9e, 0x0d, 0x82, 0x96, 0x38,
  0x78, 0x02, 0xe9, 0x89, 0x2d, 0xc7, 0xcf, 0x06, 0x41, 0x4b, 0x1c, 0x3c,
  0x81, 0xf4, 0xc4, 0x96, 0x43, 0x6d, 0x83, 0xa0, 0x25, 0x0e, 0x9e, 0x40,
  0x7a, 0x62, 0xcb, 0xd1, 0xb6, 0x41, 0xd0, 0x12, 0x07, 0x4f, 0x20, 0x3d,
  0xb1, 0xe5, 0x00, 0xdd, 0x20, 0x48, 0x89, 0x83, 0x27, 0x90, 0x9e, 0xd8,
  0x72, 0x8c, 0x6e, 0x10, 0xbc, 0xc4, 0xc1, 0x13, 0x48, 0x4f, 0x00, 0x00,
  0x00, 0x00, 0x00, 0x00, 0x00, 0x61, 0x20, 0x00, 0x00, 0x3b, 0x00, 0x00,
  0x00, 0x13, 0x04, 0x44, 0x2c, 0x10, 0x00, 0x00, 0x00, 0x07, 0x00, 0x00,
  0x00, 0x14, 0xd5, 0xc0, 0x08, 0x00, 0x49, 0x23, 0x00, 0x34, 0x97, 0x00,
  0x01, 0x23, 0x00, 0x63, 0x04, 0x20, 0x08, 0x82, 0xf8, 0x47, 0xc2, 0x0c,
  0x00, 0x00, 0x00, 0x00, 0x00, 0x23, 0x06, 0x86, 0x14, 0x82, 0x60, 0x90,
  0xa9, 0x82, 0xa2, 0x06, 0x23, 0x06, 0x86, 0x13, 0x82, 0x60, 0xe1, 0x1f,
  0x57, 0x2b, 0x04, 0x73, 0x0c, 0x43, 0xc0, 0x8d, 0x18, 0x18, 0x52, 0x08,
  0x82, 0x41, 0xe6, 0x0a, 0x4d, 0x1b, 0x8c, 0x18, 0x18, 0x4e, 0x08, 0x82,
  0x85, 0x7f, 0x5c, 0xb0, 0x10, 0xcc, 0x31, 0x0c, 0x41, 0x32, 0x62, 0x60,
  0x40, 0x21, 0x08, 0x16, 0xfe, 0x51, 0xad, 0x82, 0x83, 0x81, 0x20, 0xfe,
  0x23, 0x06, 0x06, 0x14, 0x82, 0x60, 0xe1, 0x1f, 0x95, 0x2b, 0x40, 0x18,
  0x10, 0xe2, 0x3f, 0x62, 0x70, 0x38, 0x21, 0x08, 0x16, 0xfe, 0xf1, 0xc5,
  0xc2, 0x30, 0x8c, 0x18, 0x18, 0x4e, 0x08, 0x82, 0x85, 0x7f, 0x74, 0xb3,
  0x10, 0x8c, 0x18, 0x1c, 0x4e, 0x08, 0x82, 0x85, 0x7f, 0x7c, 0xb3, 0x30,
  0x0c, 0x23, 0x06, 0x86, 0x13, 0x82, 0x60, 0xe1, 0x1f, 0x5d, 0x2d, 0x04,
  0x23, 0x06, 0x87, 0x13, 0x82, 0x60, 0xe1, 0x1f, 0xdb, 0x2d, 0x0c, 0xc1,
  0x70, 0x44, 0x10, 0x11, 0xfe, 0x31, 0xcb, 0x10, 0x08, 0xc1, 0x88, 0x01,
  0x12, 0xc5, 0x20, 0x58, 0xf8, 0x47, 0xe3, 0x0b, 0x5a, 0x86, 0xcd, 0x12,
  0x0c, 0x23, 0x06, 0x4d, 0x13, 0x82, 0x60, 0x30, 0x81, 0xc3, 0xa6, 0x65,
  0x98, 0x75, 0x51, 0xd4, 0x1e, 0x8c, 0x26, 0x04, 0xc0, 0x2c, 0xc1, 0x30,
  0x50, 0x11, 0x18, 0x81, 0x20, 0x6c, 0x00, 0x00, 0x00, 0x61, 0x20, 0x00,
  0x00, 0xa5, 0x00, 0x00, 0x00, 0x13, 0x04, 0x41, 0x2c, 0x10, 0x00, 0x00,
  0x00, 0x1c, 0x00, 0x00, 0x00, 0x14, 0xd5, 0x00, 0x49, 0x23, 0x00, 0x63,
  0x09, 0xc0, 0x40, 0x73, 0x09, 0xd0, 0x3e, 0x02, 0x30, 0x16, 0x11, 0x04,
  0x41, 0x40, 0xc0, 0x08, 0x00, 0x09, 0x33, 0x00, 0x63, 0x09, 0x20, 0x08,
  0x82, 0xf0, 0x2f, 0x80, 0x20, 0x08, 0xc2, 0xbf, 0x30, 0x96, 0x00, 0x82,
  0x20, 0x88, 0x7f, 0x20, 0x08, 0x82, 0xf8, 0x37, 0x96, 0x00, 0x82, 0x20,
  0x08, 0x7f, 0x20, 0x08, 0x82, 0xf0, 0x37, 0x96, 0x00, 0x82, 0x20, 0xc8,
  0x7f, 0x20, 0x08, 0x82, 0xfc, 0x37, 0x96, 0x00, 0x82, 0x20, 0x28, 0x82,
  0x03, 0x08, 0x82, 0xa0, 0x08, 0x0e, 0x63, 0x09, 0x20, 0x08, 0x82, 0x20,
  0x18, 0x80, 0x20, 0x08, 0x82, 0x60, 0x30, 0x96, 0x00, 0x82, 0x20, 0x28,
  0x82, 0x01, 0x08, 0x82, 0xa0, 0x08, 0x06, 0x00, 0x00, 0x23, 0x06, 0x86,
  0x14, 0x82, 0x60, 0x90, 0xc9, 0x82, 0x24, 0x07, 0x23, 0x06, 0x86, 0x13,
  0x82, 0x60, 0xe1, 0x1f, 0x57, 0x2d, 0x04, 0x73, 0x0c, 0x4a, 0x40, 0x06,
  0x23, 0x06, 0x86, 0x14, 0x82, 0x60, 0x90, 0xd9, 0x42, 0x55, 0x07, 0x23,
  0x06, 0x86, 0x13, 0x82, 0x60, 0xe1, 0x1f, 0x17, 0x2e, 0x04, 0x73, 0x0c,
  0x43, 0x10, 0x21, 0x13, 0x90, 0x3f, 0x0a, 0x97, 0xf8, 0x63, 0xf0, 0x80,
  0xff, 0x88, 0x81, 0xe1, 0x84, 0x20, 0x58, 0xf8, 0x47, 0xe5, 0x0b, 0x01,
  0x06, 0x0f, 0xf8, 0x23, 0x11, 0x84, 0x3f, 0x06, 0x91, 0xf8, 0xe3, 0x14,
  0x84, 0x3f, 0x06, 0x83, 0xf8, 0x63, 0x60, 0x81, 0x3f, 0x06, 0x85, 0xf8,
  0xa3, 0x61, 0x88, 0x3f, 0x1e, 0x96, 0xf8, 0x63, 0x60, 0x81, 0x3f, 0x06,
  0x83, 0xf8, 0x63, 0xb0, 0x81, 0x3f, 0x62, 0x44, 0xf8, 0x63, 0xc0, 0x88,
  0x3f, 0x06, 0x1d, 0xf8, 0x63, 0xe0, 0x88, 0x3f, 0x3a, 0x61, 0x00, 0xfe,
  0x18, 0x28, 0xe2, 0x8f, 0xc7, 0x00, 0xfe, 0x48, 0x91, 0x01, 0xf8, 0x63,
  0x80, 0x89, 0x3f, 0x1a, 0x03, 0xf9, 0x63, 0x60, 0x81, 0x3f, 0x06, 0x9b,
  0xf8, 0x63, 0x36, 0x06, 0xe0, 0x8f, 0x41, 0x27, 0xfe, 0x23, 0x06, 0x4d,
  0x13, 0x82, 0x60, 0x30, 0xed, 0x83, 0x1d, 0xd4, 0x81, 0x31, 0x07, 0x72,
  0x30, 0x07, 0x6d, 0xd0, 0x06, 0xb6, 0x30, 0x9a, 0x10, 0x00, 0x83, 0x0c,
  0x96, 0x1b, 0xc4, 0x01, 0x06, 0x82, 0xf8, 0x0f, 0x32, 0x60, 0x70, 0x20,
  0x07, 0x83, 0x0c, 0xc8, 0x62, 0x07, 0x23, 0x06, 0x4d, 0x13, 0x82, 0x60,
  0x30, 0x85, 0x04, 0x1f, 0xec, 0x41, 0x90, 0x07, 0x78, 0x90, 0x07, 0x73,
  0x30, 0x07, 0xbc, 0x30, 0x9a, 0x10, 0x00, 0x83, 0x0c, 0x10, 0x1d, 0xdc,
  0x01, 0x06, 0x82, 0xf8, 0x0f, 0x32, 0x2c, 0xd0, 0x1e, 0x8c, 0x18, 0x34,
  0x4d, 0x08, 0x82, 0xc1, 0x64, 0x12, 0xa1, 0x00, 0x0a, 0x81, 0x1f, 0xf4,
  0x81, 0x1f, 0xe0, 0x01, 0x1e, 0x84, 0xc3, 0x68, 0x42, 0x00, 0x0c, 0x32,
  0x58, 0x79, 0xc0, 0x07, 0x18, 0x08, 0xe2, 0x8f, 0x4c, 0x00, 0xfe, 0x18,
  0x1c, 0xe0, 0x8f, 0x41, 0x23, 0xfe, 0x83, 0x0c, 0x58, 0x35, 0x0a, 0x23,
  0x06, 0x4d, 0x13, 0x82, 0x60, 0x30, 0xb9, 0x44, 0x2a, 0xa0, 0x42, 0x60,
  0x0a, 0xa5, 0x60, 0x0a, 0xa0, 0x00, 0x0a, 0xe9, 0x30, 0x9a, 0x10, 0x00,
  0x83, 0x0c, 0x5d, 0x28, 0x8c, 0x02, 0x52, 0x82, 0xf8, 0x8f, 0x18, 0x34,
  0x4d, 0x08, 0x82, 0xc1, 0x24, 0x13, 0xad, 0xc0, 0x0a, 0x9a, 0x2a, 0xa4,
  0x82, 0x2a, 0x90, 0x02, 0x29, 0xb4, 0xc3, 0x68, 0x42, 0x00, 0x60, 0x14,
  0x88, 0xff, 0x20, 0xc3, 0xd6, 0xad, 0xc2, 0x88, 0x41, 0xd3, 0x84, 0x20,
  0x18, 0x4c, 0x36, 0x11, 0x0b, 0xb0, 0x10, 0xb8, 0x42, 0x2b, 0xb8, 0x02,
  0x2a, 0xa0, 0x42, 0x3c, 0x8c, 0x26, 0x04, 0x00, 0x06, 0x90, 0xf8, 0x0f,
  0x32, 0x90, 0xc1, 0xf7, 0x0a, 0x23, 0x06, 0x4d, 0x13, 0x82, 0x60, 0x30,
  0xe9, 0x44, 0x2d, 0xd0, 0x42, 0x20, 0x0b, 0xb1, 0x20, 0x0b, 0xac, 0xc0,
  0x0a, 0xf5, 0x30, 0x9a, 0x10, 0x00, 0x83, 0x0c, 0x6a, 0xd0, 0x0a, 0xaf,
  0x80, 0x02, 0x18, 0x88, 0xff, 0x20, 0x83, 0x19, 0x90, 0x01, 0x2d, 0x8c,
  0x18, 0x34, 0x4d, 0x08, 0x82, 0xc1, 0xf4, 0x13, 0xba, 0x90, 0x0b, 0xc1,
  0x2d, 0xd8, 0xc2, 0x2d, 0xc4, 0x42, 0x2c, 0xe8, 0xc3, 0x68, 0x42, 0x00,
  0x60, 0xe0, 0x89, 0xff, 0x88, 0x41, 0xd3, 0x84, 0x20, 0x18, 0x4c, 0x62,
  0xd1, 0x0b, 0xbc, 0x80, 0x06, 0xba, 0x90, 0x0b, 0xba, 0x40, 0x0b, 0xb4,
  0xd0, 0x0f, 0xa3, 0x09, 0x01, 0x80, 0x01, 0x27, 0xfe, 0x48, 0x20, 0xe0,
  0x8f, 0x81, 0x00, 0xfe, 0x18, 0x2c, 0xe2, 0x8f, 0x17, 0x04, 0xfe, 0x18,
  0x54, 0xe0, 0x8f, 0x81, 0x26, 0xfe, 0x18, 0x7c, 0xe0, 0x8f, 0x41, 0x01,
  0xfe, 0x1b, 0x00, 0x00, 0x00, 0x61, 0x20, 0x00, 0x00, 0x9e, 0x00, 0x00,
  0x00, 0x13, 0x04, 0x45, 0x2c, 0x10, 0x00, 0x00, 0x00, 0x1c, 0x00, 0x00,
  0x00, 0x34, 0x14, 0x45, 0x71, 0x94, 0x06, 0x49, 0x23, 0x00, 0x34, 0x97,
  0x00, 0x01, 0x63, 0x04, 0x20, 0x08, 0x82, 0xf8, 0x37, 0x02, 0x30, 0x46,
  0x00, 0x82, 0x20, 0x88, 0x7e, 0x63, 0x04, 0x20, 0x08, 0x82, 0x20, 0x18,
  0x8c, 0x11, 0x98, 0x73, 0xce, 0xba, 0xbf, 0x30, 0x46, 0x00, 0x82, 0x20,
  0x88, 0xff, 0xc2, 0x18, 0x81, 0x39, 0xe7, 0xac, 0xfb, 0x8d, 0x06, 0x8c,
  0x11, 0x80, 0x20, 0x08, 0xd2, 0xdf, 0x18, 0x01, 0x08, 0x82, 0x20, 0xfc,
  0x8d, 0x11, 0x80, 0x20, 0x08, 0xa2, 0x60, 0x30, 0x46, 0x00, 0x82, 0x20,
  0x08, 0xff, 0xc2, 0x18, 0x01, 0x08, 0x82, 0x20, 0x0b, 0x06, 0x63, 0x04,
  0x20, 0x08, 0x82, 0x24, 0x18, 0x90, 0x30, 0x87, 0xf0, 0x0a, 0xb5, 0x30,
  0x1a, 0x00, 0x00, 0x00, 0x00, 0x5d, 0x1c, 0xac, 0x33, 0xf8, 0x03, 0x0a,
  0x04, 0x32, 0x86, 0x10, 0xa4, 0x01, 0x06, 0x90, 0xf8, 0x63, 0xf0, 0x80,
  0xff, 0x88, 0x81, 0xe1, 0x84, 0x20, 0x58, 0xf8, 0x47, 0x07, 0x0b, 0x01,
  0x5a, 0x41, 0xf8, 0xf7, 0x62, 0xf0, 0xdc, 0x80, 0xa3, 0x00, 0x20, 0x38,
  0x04, 0xe2, 0x3f, 0x62, 0x70, 0x38, 0x21, 0x08, 0x16, 0xfe, 0xb1, 0xd9,
  0x82, 0x16, 0x8c, 0x21, 0x28, 0xdc, 0x88, 0xc1, 0xe1, 0x84, 0x20, 0x58,
  0xf8, 0xc7, 0x86, 0x0b, 0x5c, 0x80, 0xc1, 0x20, 0xfe, 0xbd, 0x18, 0xca,
  0xa0, 0x0e, 0xc4, 0x80, 0x82, 0x81, 0x5c, 0x90, 0x0a, 0x78, 0xc1, 0x29,
  0xe8, 0x70, 0x43, 0x10, 0x0b, 0x60, 0x30, 0xcb, 0x10, 0x08, 0x41, 0x17,
  0x87, 0x34, 0xd0, 0x83, 0x54, 0xa0, 0x40, 0x28, 0x63, 0x08, 0x81, 0x19,
  0xf4, 0x62, 0x68, 0x83, 0x3e, 0x48, 0x03, 0x0a, 0x80, 0x81, 0x43, 0x20,
  0xfe, 0xbd, 0x18, 0xe0, 0x00, 0x14, 0x5a, 0x81, 0x02, 0x80, 0xe0, 0x10,
  0x84, 0x7f, 0x2f, 0x86, 0x39, 0x18, 0x85, 0x5a, 0xa0, 0x00, 0x20, 0x23,
  0x06, 0x87, 0x13, 0x82, 0x60, 0xe1, 0x1f, 0xdb, 0x3a, 0x0c, 0x01, 0x0a,
  0x6d, 0x20, 0xfe, 0x73, 0x0c, 0x8c, 0x10, 0x07, 0x28, 0xac, 0x01, 0xf8,
  0xcf, 0x31, 0x90, 0x41, 0x30, 0x07, 0x68, 0xac, 0x81, 0xf8, 0x63, 0x00,
  0x07, 0xe0, 0x3f, 0xc7, 0x70, 0x06, 0x81, 0x1d, 0xa0, 0x41, 0x84, 0x3f,
  0x0a, 0x45, 0xf8, 0x8f, 0x18, 0x1c, 0x4e, 0x08, 0x82, 0x85, 0x7f, 0x7c,
  0xfc, 0x20, 0x04, 0x23, 0x06, 0x87, 0x13, 0x82, 0x60, 0xe1, 0x1f, 0x5f,
  0x3f, 0x08, 0x02, 0x0a, 0x01, 0xf9, 0x8f, 0x18, 0x20, 0x4e, 0x08, 0x82,
  0x85, 0x7f, 0x98, 0xc1, 0x3e, 0x04, 0x7a, 0xb0, 0x07, 0x73, 0x0c, 0x6d,
  0x10, 0xcc, 0xc2, 0x20, 0x43, 0xe0, 0x06, 0x7f, 0x80, 0xc1, 0x21, 0xfe,
  0x98, 0x04, 0xe1, 0x3f, 0x62, 0x70, 0x38, 0x21, 0x08, 0x16, 0xfe, 0xf1,
  0x91, 0x44, 0x10, 0x8c, 0x18, 0x18, 0x4e, 0x08, 0x82, 0x85, 0x7f, 0x74,
  0x26, 0x11, 0x60, 0xe0, 0x07, 0xe0, 0x3f, 0x62, 0x60, 0x40, 0x21, 0x08,
  0x16, 0xfe, 0xd1, 0x85, 0x44, 0x80, 0xc1, 0x1e, 0x88, 0x3f, 0x0e, 0x41,
  0xf8, 0xdb, 0x00, 0xfe, 0x28, 0x04, 0xe4, 0x3f, 0x62, 0x80, 0x38, 0x21,
  0x08, 0x16, 0xfe, 0x61, 0x06, 0x28, 0x11, 0x9c, 0x02, 0x2a, 0x60, 0xc0,
  0x06, 0xe2, 0x3f, 0x4b, 0x20, 0x0c, 0x54, 0x00, 0x42, 0xa0, 0x0b, 0xc0,
  0x70, 0x83, 0x1a, 0xc4, 0x03, 0x18, 0xcc, 0x32, 0x0c, 0x44, 0xd0, 0xc5,
  0x41, 0x16, 0xc6, 0x41, 0x1e, 0x28, 0x10, 0xca, 0x18, 0x42, 0xf0, 0x0a,
  0x18, 0xb4, 0x82, 0xf8, 0x8f, 0x18, 0x18, 0x4e, 0x08, 0x82, 0x85, 0x7f,
  0x74, 0x2f, 0x11, 0x60, 0x70, 0x0a, 0xe2, 0x8f, 0xc1, 0x29, 0x80, 0xff,
  0x1c, 0x43, 0x29, 0x04, 0xb4, 0x80, 0xc1, 0x01, 0xfe, 0x23, 0x06, 0x87,
  0x13, 0x82, 0x60, 0xe1, 0x1f, 0x5f, 0x4e, 0x20, 0x01, 0xd2, 0x42, 0x10,
  0xfe, 0x18, 0xac, 0x82, 0xf8, 0x8f, 0x18, 0x20, 0x4e, 0x08, 0x82, 0x85,
  0x7f, 0x98, 0x01, 0x4e, 0x04, 0xb7, 0x80, 0x0b, 0x18, 0xd8, 0x82, 0xf8,
  0x63, 0x2b, 0x04, 0xe1, 0x8f, 0xc3, 0x20, 0xfe, 0x18, 0x48, 0xe2, 0x8f,
  0xc1, 0x20, 0xfe, 0xb3, 0x04, 0xc4, 0x40, 0x05, 0x20, 0x0c, 0x68, 0x20,
  0x6c, 0x10, 0x10, 0x03, 0x00, 0x08, 0x00, 0x00, 0x00, 0x5b, 0x06, 0x24,
  0x88, 0x89, 0x2d, 0xc3, 0x13, 0xbc, 0xc4, 0x96, 0x01, 0x0b, 0x60, 0x62,
  0xcb, 0xb0, 0x05, 0x32, 0xb1, 0x65, 0xf0, 0x02, 0x97, 0xd8, 0x32, 0x80,
  0x42, 0x90, 0x12, 0x00, 0x00, 0x00, 0x00, 0x00, 0x00, 0x61, 0x20, 0x00,
  0x00, 0x80, 0x00, 0x00, 0x00, 0x13, 0x04, 0x41, 0x2c, 0x10, 0x00, 0x00,
  0x00, 0x12, 0x00, 0x00, 0x00, 0x34, 0xcc, 0x00, 0x94, 0x05, 0x49, 0x63,
  0x09, 0x40, 0x30, 0x02, 0x40, 0x73, 0x09, 0x94, 0x41, 0x11, 0x94, 0x02,
  0xe9, 0x73, 0x0c, 0x67, 0x70, 0x06, 0xa9, 0x30, 0xc7, 0x00, 0x06, 0x60,
  0x90, 0x0a, 0x04, 0x8c, 0x11, 0x80, 0x20, 0x08, 0xe2, 0xdf, 0x08, 0xc0,
  0x18, 0x81, 0x8a, 0xd7, 0xa7, 0xec, 0x0b, 0x63, 0x04, 0x20, 0x08, 0x82,
  0xf0, 0x47, 0xc2, 0x0c, 0xc0, 0x68, 0xc0, 0x08, 0x00, 0xe5, 0xa3, 0x01,
  0x33, 0x00, 0x00, 0x00, 0x00, 0xf1, 0x30, 0x00, 0x00, 0x02, 0x00, 0x00,
  0x00, 0x1b, 0x86, 0x96, 0x60, 0x89, 0x74, 0x00, 0x00, 0xbd, 0x20, 0xaa,
  0x32, 0xd8, 0x83, 0x32, 0xa0, 0x00, 0x20, 0xbd, 0x20, 0xae, 0x33, 0xe8,
  0x03, 0x88, 0x02, 0x60, 0x60, 0x30, 0x88, 0x7f, 0x2f, 0x08, 0x4d, 0x0d,
  0x40, 0x81, 0xa2, 0x00, 0x18, 0xbd, 0x20, 0x38, 0x36, 0x10, 0x05, 0x8a,
  0x02, 0x80, 0x60, 0x30, 0x88, 0x3f, 0x1a, 0x41, 0xf8, 0x23, 0x15, 0x90,
  0xbf, 0x19, 0xe0, 0x3f, 0xc7, 0xf0, 0x28, 0x72, 0x30, 0xc7, 0x10, 0x08,
  0x9d, 0x1d, 0xe0, 0x3f, 0xc7, 0x20, 0x05, 0x75, 0x30, 0xc7, 0x10, 0x40,
  0x60, 0xd0, 0x0b, 0xe2, 0x0c, 0xee, 0xa0, 0x15, 0x3c, 0x0a, 0x80, 0x81,
  0x01, 0x23, 0xfe, 0xbd, 0x20, 0xd4, 0x40, 0x0f, 0x60, 0x21, 0x0f, 0x28,
  0x00, 0x08, 0x06, 0x94, 0xf8, 0x23, 0x11, 0x84, 0xff, 0x1c, 0x83, 0x16,
  0xf8, 0x01, 0x12, 0x94, 0xf8, 0x23, 0xa2, 0x89, 0x3f, 0x0a, 0x41, 0xf8,
  0xcf, 0x31, 0x10, 0x01, 0x1b, 0xcc, 0x31, 0x80, 0xc1, 0x34, 0x0a, 0x83,
  0x0c, 0x41, 0x18, 0xa8, 0xc1, 0x20, 0x03, 0x1d, 0x94, 0xc1, 0x1a, 0xe0,
  0x14, 0x88, 0xff, 0x20, 0x83, 0x1d, 0x9c, 0x01, 0x1b, 0xa0, 0x14, 0x88,
  0x3f, 0x0e, 0x07, 0xf8, 0x63, 0x20, 0x80, 0x3f, 0x06, 0x87, 0xf8, 0x0f,
  0x32, 0x04, 0x69, 0x80, 0x07, 0x23, 0x06, 0x86, 0x13, 0x82, 0x60, 0xe1,
  0x1f, 0x15, 0x3b, 0x04, 0xbd, 0x18, 0xfc, 0xc0, 0x15, 0x74, 0x81, 0x02,
  0x81, 0xf4, 0x62, 0x00, 0x05, 0x58, 0xe8, 0x03, 0x0a, 0x80, 0x31, 0xc7,
  0x20, 0x07, 0x81, 0x2c, 0x0c, 0x32, 0x04, 0x72, 0xe0, 0x07, 0x23, 0x06,
  0x86, 0x13, 0x82, 0x60, 0xe1, 0x1f, 0xd5, 0x3c, 0x1c, 0x28, 0x18, 0xe1,
  0x8f, 0x81, 0x00, 0xfe, 0x63, 0x08, 0xc1, 0x2d, 0x8c, 0x21, 0x08, 0xa2,
  0x30, 0x62, 0x70, 0x38, 0x21, 0x08, 0x16, 0xfe, 0xb1, 0xa1, 0x84, 0x10,
  0x8c, 0x18, 0x1c, 0x4e, 0x08, 0x82, 0x85, 0x7f, 0x6c, 0xff, 0x10, 0xf4,
  0xc1, 0x88, 0xc1, 0xe1, 0x84, 0x20, 0x58, 0xf8, 0x87, 0x1a, 0xec, 0x43,
  0x91, 0x07, 0x23, 0x06, 0x87, 0x13, 0x82, 0x60, 0xe1, 0x1f, 0x5f, 0x4a,
  0x04, 0xc1, 0x88, 0x81, 0xe1, 0x84, 0x20, 0x58, 0xf8, 0x47, 0xb7, 0x12,
  0x01, 0x82, 0x42, 0x13, 0xfe, 0x18, 0x14, 0xe0, 0x8f, 0xc1, 0x00, 0xfe,
  0x23, 0x06, 0x06, 0x14, 0x82, 0x60, 0xe1, 0x1f, 0x1d, 0x4a, 0x04, 0x18,
  0x8c, 0x82, 0xf8, 0xe3, 0x10, 0x84, 0xbf, 0x0d, 0xe0, 0x8f, 0x42, 0x40,
  0xfe, 0x23, 0x06, 0x88, 0x13, 0x82, 0x60, 0xe1, 0x1f, 0x66, 0xf0, 0x12,
  0x41, 0x2a, 0xa8, 0xc2, 0x06, 0x01, 0x31, 0x00, 0x00, 0x0b, 0x00, 0x00,
  0x00, 0x5b, 0x86, 0x20, 0x68, 0x89, 0x2d, 0xc3, 0x10, 0xb4, 0xc4, 0x96,
  0xc1, 0x08, 0x5a, 0x62, 0xcb, 0x80, 0x04, 0x2d, 0xb1, 0x65, 0x98, 0x82,
  0x96, 0xd8, 0x32, 0x58, 0x41, 0x4b, 0x6c, 0x19, 0xd4, 0x20, 0x48, 0x89,
  0x2d, 0x03, 0x1b, 0x04, 0x33, 0x01, 0x00, 0x00, 0x00, 0x00, 0x00, 0x00,
  0x00, 0x71, 0x20, 0x00, 0x00, 0x06, 0x00, 0x00, 0x00, 0x32, 0x0e, 0x10,
  0x22, 0x84, 0x00, 0xe4, 0x0b, 0x18, 0xf0, 0x0c, 0x82, 0x03, 0x8c, 0x21,
  0xd8, 0x30, 0x2b, 0x82, 0x1e, 0xd3, 0x23, 0x00, 0x00, 0x00, 0x00, 0x00,
  0x00, 0x65, 0x0c, 0x00, 0x00, 0xd3, 0x00, 0x00, 0x00, 0x12, 0x03, 0x94,
  0xa0, 0x06, 0x00, 0x00, 0x00, 0x03, 0x00, 0x00, 0x00, 0x14, 0x03, 0x00,
  0x00, 0x09, 0x00, 0x00, 0x00, 0x4c, 0x00, 0x00, 0x00, 0x01, 0x00, 0x00,
  0x00, 0x58, 0x00, 0x00, 0x00, 0x00, 0x00, 0x00, 0x00, 0x58, 0x00, 0x00,
  0x00, 0x1f, 0x00, 0x00, 0x00, 0x40, 0x03, 0x00, 0x00, 0x00, 0x00, 0x00,
  0x00, 0x1d, 0x03, 0x00, 0x00, 0x16, 0x00, 0x00, 0x00, 0x00, 0x00, 0x00,
  0x00, 0x10, 0x00, 0x00, 0x00, 0x10, 0x00, 0x00, 0x00, 0x00, 0x00, 0x00,
  0x00, 0x40, 0x03, 0x00, 0x00, 0x00, 0x00, 0x00, 0x00, 0x00, 0x00, 0x00,
  0x00, 0x1f, 0x00, 0x00, 0x00, 0x00, 0x00, 0x00, 0x00, 0x00, 0x00, 0x00,
  0x00, 0x10, 0x00, 0x00, 0x00, 0x00, 0x00, 0x00, 0x00, 0x10, 0x00, 0x00,
  0x00, 0xff, 0xff, 0xff, 0xff, 0x00, 0x24, 0x00, 0x00, 0x10, 0x00, 0x00,
  0x00, 0x67, 0x00, 0x00, 0x00, 0x10, 0x00, 0x00, 0x00, 0x67, 0x00, 0x00,
  0x00, 0xff, 0xff, 0xff, 0xff, 0x00, 0x30, 0x00, 0x00, 0x77, 0x00, 0x00,
  0x00, 0x1b, 0x00, 0x00, 0x00, 0x77, 0x00, 0x00, 0x00, 0x1b, 0x00, 0x00,
  0x00, 0xff, 0xff, 0xff, 0xff, 0x08, 0x24, 0x00, 0x00, 0x92, 0x00, 0x00,
  0x00, 0x63, 0x00, 0x00, 0x00, 0x92, 0x00, 0x00, 0x00, 0x63, 0x00, 0x00,
  0x00, 0xff, 0xff, 0xff, 0xff, 0x00, 0x30, 0x00, 0x00, 0xf5, 0x00, 0x00,
  0x00, 0x14, 0x00, 0x00, 0x00, 0xf5, 0x00, 0x00, 0x00, 0x14, 0x00, 0x00,
  0x00, 0xff, 0xff, 0xff, 0xff, 0x08, 0x24, 0x00, 0x00, 0x09, 0x01, 0x00,
  0x00, 0x17, 0x00, 0x00, 0x00, 0x09, 0x01, 0x00, 0x00, 0x17, 0x00, 0x00,
  0x00, 0xff, 0xff, 0xff, 0xff, 0x08, 0x24, 0x00, 0x00, 0x20, 0x01, 0x00,
  0x00, 0x19, 0x00, 0x00, 0x00, 0x20, 0x01, 0x00, 0x00, 0x19, 0x00, 0x00,
  0x00, 0xff, 0xff, 0xff, 0xff, 0x08, 0x24, 0x00, 0x00, 0x39, 0x01, 0x00,
  0x00, 0x18, 0x00, 0x00, 0x00, 0x39, 0x01, 0x00, 0x00, 0x18, 0x00, 0x00,
  0x00, 0xff, 0xff, 0xff, 0xff, 0x08, 0x24, 0x00, 0x00, 0x51, 0x01, 0x00,
  0x00, 0x11, 0x00, 0x00, 0x00, 0x51, 0x01, 0x00, 0x00, 0x11, 0x00, 0x00,
  0x00, 0xff, 0xff, 0xff, 0xff, 0x08, 0x24, 0x00, 0x00, 0x62, 0x01, 0x00,
  0x00, 0x11, 0x00, 0x00, 0x00, 0x62, 0x01, 0x00, 0x00, 0x11, 0x00, 0x00,
  0x00, 0xff, 0xff, 0xff, 0xff, 0x08, 0x24, 0x00, 0x00, 0x73, 0x01, 0x00,
  0x00, 0x0d, 0x00, 0x00, 0x00, 0x73, 0x01, 0x00, 0x00, 0x0d, 0x00, 0x00,
  0x00, 0xff, 0xff, 0xff, 0xff, 0x08, 0x24, 0x00, 0x00, 0x80, 0x01, 0x00,
  0x00, 0x0e, 0x00, 0x00, 0x00, 0x80, 0x01, 0x00, 0x00, 0x0e, 0x00, 0x00,
  0x00, 0xff, 0xff, 0xff, 0xff, 0x08, 0x24, 0x00, 0x00, 0x8e, 0x01, 0x00,
  0x00, 0x0e, 0x00, 0x00, 0x00, 0x8e, 0x01, 0x00, 0x00, 0x0e, 0x00, 0x00,
  0x00, 0xff, 0xff, 0xff, 0xff, 0x08, 0x24, 0x00, 0x00, 0x9c, 0x01, 0x00,
  0x00, 0x38, 0x00, 0x00, 0x00, 0x9c, 0x01, 0x00, 0x00, 0x38, 0x00, 0x00,
  0x00, 0xff, 0xff, 0xff, 0xff, 0x00, 0x30, 0x00, 0x00, 0xd4, 0x01, 0x00,
  0x00, 0x12, 0x00, 0x00, 0x00, 0xd4, 0x01, 0x00, 0x00, 0x12, 0x00, 0x00,
  0x00, 0xff, 0xff, 0xff, 0xff, 0x08, 0x24, 0x00, 0x00, 0xe6, 0x01, 0x00,
  0x00, 0x12, 0x00, 0x00, 0x00, 0xe6, 0x01, 0x00, 0x00, 0x12, 0x00, 0x00,
  0x00, 0xff, 0xff, 0xff, 0xff, 0x08, 0x24, 0x00, 0x00, 0xf8, 0x01, 0x00,
  0x00, 0x0e, 0x00, 0x00, 0x00, 0xf8, 0x01, 0x00, 0x00, 0x0e, 0x00, 0x00,
  0x00, 0xff, 0xff, 0xff, 0xff, 0x08, 0x24, 0x00, 0x00, 0x06, 0x02, 0x00,
  0x00, 0x11, 0x00, 0x00, 0x00, 0x06, 0x02, 0x00, 0x00, 0x11, 0x00, 0x00,
  0x00, 0xff, 0xff, 0xff, 0xff, 0x08, 0x24, 0x00, 0x00, 0x17, 0x02, 0x00,
  0x00, 0x11, 0x00, 0x00, 0x00, 0x17, 0x02, 0x00, 0x00, 0x11, 0x00, 0x00,
  0x00, 0xff, 0xff, 0xff, 0xff, 0x08, 0x24, 0x00, 0x00, 0x28, 0x02, 0x00,
  0x00, 0x11, 0x00, 0x00, 0x00, 0x28, 0x02, 0x00, 0x00, 0x11, 0x00, 0x00,
  0x00, 0xff, 0xff, 0xff, 0xff, 0x08, 0x24, 0x00, 0x00, 0x39, 0x02, 0x00,
  0x00, 0x17, 0x00, 0x00, 0x00, 0x39, 0x02, 0x00, 0x00, 0x17, 0x00, 0x00,
  0x00, 0xff, 0xff, 0xff, 0xff, 0x08, 0x24, 0x00, 0x00, 0x50, 0x02, 0x00,
  0x00, 0x0d, 0x00, 0x00, 0x00, 0x50, 0x02, 0x00, 0x00, 0x0d, 0x00, 0x00,
  0x00, 0xff, 0xff, 0xff, 0xff, 0x08, 0x24, 0x00, 0x00, 0x5d, 0x02, 0x00,
  0x00, 0x15, 0x00, 0x00, 0x00, 0x5d, 0x02, 0x00, 0x00, 0x15, 0x00, 0x00,
  0x00, 0xff, 0xff, 0xff, 0xff, 0x08, 0x24, 0x00, 0x00, 0x72, 0x02, 0x00,
  0x00, 0x13, 0x00, 0x00, 0x00, 0x72, 0x02, 0x00, 0x00, 0x13, 0x00, 0x00,
  0x00, 0xff, 0xff, 0xff, 0xff, 0x08, 0x24, 0x00, 0x00, 0x85, 0x02, 0x00,
  0x00, 0x13, 0x00, 0x00, 0x00, 0x85, 0x02, 0x00, 0x00, 0x13, 0x00, 0x00,
  0x00, 0xff, 0xff, 0xff, 0xff, 0x08, 0x24, 0x00, 0x00, 0x98, 0x02, 0x00,
  0x00, 0x10, 0x00, 0x00, 0x00, 0x98, 0x02, 0x00, 0x00, 0x10, 0x00, 0x00,
  0x00, 0xff, 0xff, 0xff, 0xff, 0x08, 0x24, 0x00, 0x00, 0xa8, 0x02, 0x00,
  0x00, 0x10, 0x00, 0x00, 0x00, 0xa8, 0x02, 0x00, 0x00, 0x10, 0x00, 0x00,
  0x00, 0xff, 0xff, 0xff, 0xff, 0x08, 0x24, 0x00, 0x00, 0xb8, 0x02, 0x00,
  0x00, 0x10, 0x00, 0x00, 0x00, 0xb8, 0x02, 0x00, 0x00, 0x10, 0x00, 0x00,
  0x00, 0xff, 0xff, 0xff, 0xff, 0x08, 0x24, 0x00, 0x00, 0xc8, 0x02, 0x00,
  0x00, 0x0b, 0x00, 0x00, 0x00, 0xc8, 0x02, 0x00, 0x00, 0x0b, 0x00, 0x00,
  0x00, 0xff, 0xff, 0xff, 0xff, 0x08, 0x24, 0x00, 0x00, 0xd3, 0x02, 0x00,
  0x00, 0x14, 0x00, 0x00, 0x00, 0xd3, 0x02, 0x00, 0x00, 0x14, 0x00, 0x00,
  0x00, 0xff, 0xff, 0xff, 0xff, 0x08, 0x24, 0x00, 0x00, 0xe7, 0x02, 0x00,
  0x00, 0x2d, 0x00, 0x00, 0x00, 0xe7, 0x02, 0x00, 0x00, 0x2d, 0x00, 0x00,
  0x00, 0xff, 0xff, 0xff, 0xff, 0x00, 0x30, 0x00, 0x00, 0x00, 0x00, 0x00,
  0x00, 0x5d, 0x0c, 0x00, 0x00, 0xd0, 0x00, 0x00, 0x00, 0x12, 0x03, 0x94,
  0x73, 0x06, 0x00, 0x00, 0x00, 0x66, 0x72, 0x61, 0x67, 0x6d, 0x65, 0x6e,
  0x74, 0x53, 0x68, 0x61, 0x64, 0x65, 0x72, 0x41, 0x41, 0x5f, 0x5a, 0x32,
  0x31, 0x73, 0x61, 0x6d, 0x70, 0x6c, 0x65, 0x54, 0x65, 0x78, 0x74, 0x75,
  0x72, 0x65, 0x41, 0x64, 0x61, 0x70, 0x74, 0x69, 0x76, 0x65, 0x4e, 0x35,
  0x6d, 0x65, 0x74, 0x61, 0x6c, 0x39, 0x74, 0x65, 0x78, 0x74, 0x75, 0x72,
  0x65, 0x32, 0x64, 0x49, 0x66, 0x4c, 0x4e, 0x53, 0x5f, 0x36, 0x61, 0x63,
  0x63, 0x65, 0x73, 0x73, 0x45, 0x30, 0x45, 0x4c, 0x4e, 0x53, 0x5f, 0x31,
  0x36, 0x6d, 0x65, 0x6d, 0x6f, 0x72, 0x79, 0x5f, 0x63, 0x6f, 0x68, 0x65,
  0x72, 0x65, 0x6e, 0x63, 0x65, 0x45, 0x30, 0x45, 0x76, 0x45, 0x45, 0x4e,
  0x53, 0x5f, 0x37, 0x73, 0x61, 0x6d, 0x70, 0x6c, 0x65, 0x72, 0x45, 0x44,
  0x76, 0x32, 0x5f, 0x66, 0x61, 0x69, 0x72, 0x2e, 0x73, 0x61, 0x6d, 0x70,
  0x6c, 0x65, 0x5f, 0x74, 0x65, 0x78, 0x74, 0x75, 0x72, 0x65, 0x5f, 0x32,
  0x64, 0x2e, 0x76, 0x34, 0x66, 0x33, 0x32, 0x5f, 0x5a, 0x31, 0x37, 0x74,
  0x65, 0x78, 0x74, 0x75, 0x72, 0x65, 0x43, 0x61, 0x74, 0x6d, 0x75, 0x6c,
  0x6c, 0x52, 0x6f, 0x6d, 0x4e, 0x35, 0x6d, 0x65, 0x74, 0x61, 0x6c, 0x39,
  0x74, 0x65, 0x78, 0x74, 0x75, 0x72, 0x65, 0x32, 0x64, 0x49, 0x66, 0x4c,
  0x4e, 0x53, 0x5f, 0x36, 0x61, 0x63, 0x63, 0x65, 0x73, 0x73, 0x45, 0x30,
  0x45, 0x4c, 0x4e, 0x53, 0x5f, 0x31, 0x36, 0x6d, 0x65, 0x6d, 0x6f, 0x72,
  0x79, 0x5f, 0x63, 0x6f, 0x68, 0x65, 0x72, 0x65, 0x6e, 0x63, 0x65, 0x45,
  0x30, 0x45, 0x76, 0x45, 0x45, 0x4e, 0x53, 0x5f, 0x37, 0x73, 0x61, 0x6d,
  0x70, 0x6c, 0x65, 0x72, 0x45, 0x44, 0x76, 0x32, 0x5f, 0x66, 0x61, 0x69,
  0x72, 0x2e, 0x66, 0x61, 0x73, 0x74, 0x5f, 0x66, 0x6c, 0x6f, 0x6f, 0x72,
  0x2e, 0x76, 0x32, 0x66, 0x33, 0x32, 0x61, 0x69, 0x72, 0x2e, 0x63, 0x6f,
  0x6e, 0x76, 0x65, 0x72, 0x74, 0x2e, 0x66, 0x2e, 0x66, 0x33, 0x32, 0x2e,
  0x75, 0x2e, 0x69, 0x33, 0x32, 0x61, 0x69, 0x72, 0x2e, 0x67, 0x65, 0x74,
  0x5f, 0x68, 0x65, 0x69, 0x67, 0x68, 0x74, 0x5f, 0x74, 0x65, 0x78, 0x74,
  0x75, 0x72, 0x65, 0x5f, 0x32, 0x64, 0x61, 0x69, 0x72, 0x2e, 0x67, 0x65,
  0x74, 0x5f, 0x77, 0x69, 0x64, 0x74, 0x68, 0x5f, 0x74, 0x65, 0x78, 0x74,
  0x75, 0x72, 0x65, 0x5f, 0x32, 0x64, 0x61, 0x69, 0x72, 0x2e, 0x66, 0x61,
  0x73, 0x74, 0x5f, 0x66, 0x6d, 0x61, 0x78, 0x2e, 0x66, 0x33, 0x32, 0x61,
  0x69, 0x72, 0x2e, 0x66, 0x61, 0x73, 0x74, 0x5f, 0x73, 0x71, 0x72, 0x74,
  0x2e, 0x66, 0x33, 0x32, 0x61, 0x69, 0x72, 0x2e, 0x64, 0x6f, 0x74, 0x2e,
  0x76, 0x32, 0x66, 0x33, 0x32, 0x61, 0x69, 0x72, 0x2e, 0x64, 0x66, 0x64,
  0x79, 0x2e, 0x76, 0x32, 0x66, 0x33, 0x32, 0x61, 0x69, 0x72, 0x2e, 0x64,
  0x66, 0x64, 0x78, 0x2e, 0x76, 0x32, 0x66, 0x33, 0x32, 0x5f, 0x5a, 0x31,
  0x30, 0x73, 0x74, 0x72, 0x6f, 0x6b, 0x65, 0x4d, 0x61, 0x73, 0x6b, 0x52,
  0x55, 0x31, 0x31, 0x4d, 0x54, 0x4c, 0x63, 0x6f, 0x6e, 0x73, 0x74, 0x61,
  0x6e, 0x74, 0x4b, 0x38, 0x55, 0x6e, 0x69, 0x66, 0x6f, 0x72, 0x6d, 0x73,
  0x52, 0x31, 0x34, 0x52, 0x61, 0x73, 0x74, 0x65, 0x72, 0x69, 0x7a, 0x65,
  0x72, 0x44, 0x61, 0x74, 0x61, 0x61, 0x69, 0x72, 0x2e, 0x66, 0x61, 0x73,
  0x74, 0x5f, 0x63, 0x6c, 0x61, 0x6d, 0x70, 0x2e, 0x66, 0x33, 0x32, 0x61,
  0x69, 0x72, 0x2e, 0x66, 0x61, 0x73, 0x74, 0x5f, 0x66, 0x72, 0x61, 0x63,
  0x74, 0x2e, 0x66, 0x33, 0x32, 0x61, 0x69, 0x72, 0x2e, 0x66, 0x77, 0x69,
  0x64, 0x74, 0x68, 0x2e, 0x66, 0x33, 0x32, 0x61, 0x69, 0x72, 0x2e, 0x66,
  0x61, 0x73, 0x74, 0x5f, 0x66, 0x6d, 0x6f, 0x64, 0x2e, 0x66, 0x33, 0x32,
  0x61, 0x69, 0x72, 0x2e, 0x66, 0x61, 0x73, 0x74, 0x5f, 0x66, 0x6d, 0x69,
  0x6e, 0x2e, 0x66, 0x33, 0x32, 0x61, 0x69, 0x72, 0x2e, 0x66, 0x61, 0x73,
  0x74, 0x5f, 0x66, 0x61, 0x62, 0x73, 0x2e, 0x66, 0x33, 0x32, 0x61, 0x69,
  0x72, 0x2e, 0x63, 0x6f, 0x6e, 0x76, 0x65, 0x72, 0x74, 0x2e, 0x66, 0x2e,
  0x66, 0x33, 0x32, 0x2e, 0x73, 0x2e, 0x69, 0x33, 0x32, 0x61, 0x69, 0x72,
  0x2e, 0x6d, 0x69, 0x78, 0x2e, 0x76, 0x34, 0x66, 0x33, 0x32, 0x61, 0x69,
  0x72, 0x2e, 0x66, 0x61, 0x73, 0x74, 0x5f, 0x73, 0x61, 0x74, 0x75, 0x72,
  0x61, 0x74, 0x65, 0x2e, 0x66, 0x33, 0x32, 0x61, 0x69, 0x72, 0x2e, 0x66,
  0x61, 0x73, 0x74, 0x5f, 0x66, 0x6d, 0x61, 0x78, 0x2e, 0x76, 0x32, 0x66,
  0x33, 0x32, 0x61, 0x69, 0x72, 0x2e, 0x66, 0x61, 0x73, 0x74, 0x5f, 0x66,
  0x61, 0x62, 0x73, 0x2e, 0x76, 0x32, 0x66, 0x33, 0x32, 0x61, 0x69, 0x72,
  0x2e, 0x66, 0x61, 0x73, 0x74, 0x5f, 0x73, 0x69, 0x6e, 0x2e, 0x66, 0x33,
  0x32, 0x61, 0x69, 0x72, 0x2e, 0x66, 0x61, 0x73, 0x74, 0x5f, 0x63, 0x6f,
  0x73, 0x2e, 0x66, 0x33, 0x32, 0x61, 0x69, 0x72, 0x2e, 0x66, 0x61, 0x73,
  0x74, 0x5f, 0x65, 0x78, 0x70, 0x2e, 0x66, 0x33, 0x32, 0x61, 0x69, 0x72,
  0x2e, 0x6d, 0x69, 0x78, 0x2e, 0x66, 0x33, 0x32, 0x61, 0x69, 0x72, 0x2e,
  0x64, 0x69, 0x73, 0x63, 0x61, 0x72, 0x64, 0x5f, 0x66, 0x72, 0x61, 0x67,
  0x6d, 0x65, 0x6e, 0x74, 0x5f, 0x5a, 0x31, 0x31, 0x73, 0x63, 0x69, 0x73,
  0x73, 0x6f, 0x72, 0x4d, 0x61, 0x73, 0x6b, 0x52, 0x55, 0x31, 0x31, 0x4d,
  0x54, 0x4c, 0x63, 0x6f, 0x6e, 0x73, 0x74, 0x61, 0x6e, 0x74, 0x4b, 0x38,
  0x55, 0x6e, 0x69, 0x66, 0x6f, 0x72, 0x6d, 0x73, 0x44, 0x76, 0x32, 0x5f,
  0x66, 0x33, 0x32, 0x30, 0x32, 0x33, 0x2e, 0x34, 0x30, 0x34, 0x61, 0x69,
  0x72, 0x36, 0x34, 0x2d, 0x61, 0x70, 0x70, 0x6c, 0x65, 0x2d, 0x74, 0x76,
  0x6f, 0x73, 0x31, 0x38, 0x2e, 0x32, 0x2e, 0x30, 0x00, 0x00, 0x00, 0x00,
  0x00, 0x00, 0x00, 0x00, 0x00, 0x00, 0x00, 0x00, 0x00
};
unsigned int mnvg_bitcode_tvos_len = 24489;
